{"content":[{"id":"382a31f6","settings":{"content_width":"full","background_background":"classic","border_border":"solid","border_width":{"unit":"px","top":"5","right":"0","bottom":"0","left":"0","isLinked":false},"box_shadow_box_shadow_type":"yes","box_shadow_box_shadow":{"horizontal":0,"vertical":0,"blur":20,"spread":-10,"color":"rgba(0,0,0,0.5)"},"padding":{"unit":"em","top":"2","right":"1.5","bottom":"1.5","left":"1.5","isLinked":false},"padding_tablet":{"unit":"em","top":"","right":"","bottom":"","left":"","isLinked":true},"padding_mobile":{"unit":"em","top":"","right":"","bottom":"","left":"","isLinked":true},"__globals__":{"background_color":"globals\/colors?id=1c15ecc","border_color":"globals\/colors?id=secondary"},"_title":"Card","jedv_conditions":[{"_id":"559a09a"}],"flex_justify_content":"space-between","flex_gap":{"column":"2","row":"2","isLinked":true,"unit":"em","size":2},"flex_gap_tablet":{"column":"","row":"","isLinked":true,"unit":"em","size":null},"flex_gap_mobile":{"column":"","row":"","isLinked":true,"unit":"em","size":null}},"elements":[{"id":"32878d44","settings":{"content_width":"full","jedv_conditions":[{"_id":"f91062c"}]},"elements":[{"id":"718899a2","settings":{"title":"Conventional","__globals__":{"typography_typography":"globals\/typography?id=cd3e740"},"typography_line_height":{"unit":"em","size":"","sizes":[]},"typography_word_spacing":{"unit":"em","size":"","sizes":[]},"__dynamic__":{"title":"[elementor-tag id=\"a353919\" name=\"jet-post-custom-field\" settings=\"%7B%22meta_field%22%3A%22card_title%22%7D\"]"},"jedv_conditions":[{"_id":"384574f"}],"content_width":"full"},"elements":[],"isInner":false,"widgetType":"heading","elType":"widget"},{"id":"5f9aee1d","settings":{"title":"Conventional loans are perfect for borrowers with established credit, offering lower interest rates and APR than other fixed-rate loans. They often require less documentation than FHA or VA loans, speeding up the processing time.","__globals__":{"typography_typography":"globals\/typography?id=text","title_color":"globals\/colors?id=text"},"header_size":"p","title_color":"#FFFFFF","typography_line_height":{"unit":"em","size":"","sizes":[]},"typography_word_spacing":{"unit":"em","size":"","sizes":[]},"__dynamic__":{"title":"[elementor-tag id=\"a00b9fe\" name=\"jet-post-custom-field\" settings=\"%7B%22meta_field%22%3A%22card_description%22%7D\"]"},"jedv_conditions":[{"_id":"6200609"}],"content_width":"full"},"elements":[],"isInner":false,"widgetType":"heading","elType":"widget"},{"id":"6a6112c9","settings":{"content_width":"full","jedv_conditions":[{"_id":"b36036e"}]},"elements":[{"id":"1f414258","settings":{"content_width":"full","lisitng_id":"1382","columns":"1","posts_num":0,"not_found_message":"No data was found","posts_query":[],"terms_meta_query":[],"users_meta_query":[],"horizontal_gap":{"unit":"px","size":0,"sizes":[]},"vertical_gap":{"unit":"px","size":0,"sizes":[]},"jedv_conditions":[{"_id":"a6ceb3f"}]},"elements":[],"isInner":false,"widgetType":"jet-listing-grid","elType":"widget"}],"isInner":true,"elType":"container"}],"isInner":true,"elType":"container"},{"id":"745541f0","settings":{"text":"Learn More","border_radius":{"unit":"px","top":"0","right":"0","bottom":"0","left":"0","isLinked":false},"text_padding":{"unit":"em","top":"0.7","right":"1.3","bottom":"0.7","left":"1.3","isLinked":false},"text_padding_tablet":{"unit":"em","top":"","right":"","bottom":"","left":"","isLinked":true},"text_padding_mobile":{"unit":"em","top":"","right":"","bottom":"","left":"","isLinked":true},"_margin":{"unit":"em","top":"","right":"","bottom":"","left":"","isLinked":true},"_margin_tablet":{"unit":"em","top":"","right":"","bottom":"","left":"","isLinked":true},"_margin_mobile":{"unit":"em","top":"","right":"","bottom":"","left":"","isLinked":true},"__globals__":{"background_color":"globals\/colors?id=accent","button_background_hover_color":"globals\/colors?id=eb3d4e3","button_text_color":"globals\/colors?id=1c15ecc","hover_color":"globals\/colors?id=5590b3c"},"__dynamic__":{"link":"[elementor-tag id=\"81b08d3\" name=\"post-url\" settings=\"%7B%7D\"]"},"jedv_conditions":[{"_id":"8260bf2"}],"content_width":"full","_padding":{"unit":"em","top":"","right":"","bottom":"","left":"","isLinked":true},"_padding_tablet":{"unit":"em","top":"","right":"","bottom":"","left":"","isLinked":true},"_padding_mobile":{"unit":"em","top":"","right":"","bottom":"","left":"","isLinked":true}},"elements":[],"isInner":false,"widgetType":"button","elType":"widget"},{"id":"15b29667","settings":{"image_size":"full","width":{"unit":"%","size":100,"sizes":[]},"height":{"unit":"em","size":3,"sizes":[]},"height_tablet":{"unit":"em","size":"","sizes":[]},"height_mobile":{"unit":"em","size":"","sizes":[]},"object-fit":"contain","opacity":{"unit":"px","size":0.2,"sizes":[]},"_element_width":"initial","_element_custom_width":{"unit":"em","size":3,"sizes":[]},"_element_custom_width_tablet":{"unit":"em","size":"","sizes":[]},"_element_custom_width_mobile":{"unit":"em","size":"","sizes":[]},"_position":"absolute","_offset_orientation_h":"end","_offset_x_end":{"unit":"em","size":1.5,"sizes":[]},"_offset_x_end_tablet":{"unit":"em","size":"","sizes":[]},"_offset_x_end_mobile":{"unit":"em","size":"","sizes":[]},"_offset_orientation_v":"end","_offset_y_end":{"unit":"em","size":1.5,"sizes":[]},"_offset_y_end_tablet":{"unit":"em","size":"","sizes":[]},"_offset_y_end_mobile":{"unit":"em","size":"","sizes":[]},"__dynamic__":{"image":"[elementor-tag id=\"baf35f1\" name=\"jet-post-custom-image\" settings=\"%7B%22img_field%22%3A%22card_icon%22%7D\"]"},"jedv_conditions":[{"_id":"71e9f00"}]},"elements":[],"isInner":false,"widgetType":"image","elType":"widget"}],"isInner":true,"elType":"container"}],"settings":{"listing_post_type":"loan-types","listing_tax":"category"},"metadata":[]}