{"content":[{"id":"66a593d9","settings":{"content_width":"full","border_width":{"unit":"px","top":"0","right":"0","bottom":"1","left":"0","isLinked":false},"padding":{"unit":"em","top":"0.4","right":"0","bottom":"0.4","left":"0","isLinked":false},"padding_tablet":{"unit":"em","top":"","right":"","bottom":"","left":"","isLinked":true},"padding_mobile":{"unit":"em","top":"","right":"","bottom":"","left":"","isLinked":true},"__globals__":{"border_color":"globals\/colors?id=829f2c7"},"border_border":"solid","html_tag":"a","__dynamic__":{"link":"[elementor-tag id=\"0f9b42a\" name=\"post-url\" settings=\"%7B%7D\"]"}},"elements":[{"id":"34b11f4c","settings":{"content_width":"full","dynamic_excerpt_more":"...","selected_field_icon":{"value":"fas fa-chevron-circle-right","library":"fa-solid"},"date_format":"F j, Y","num_dec_point":".","num_thousands_sep":",","multiselect_delimiter":", ","dynamic_field_format":"%s","__globals__":{"icon_color":"globals\/colors?id=secondary","field_typography_typography":"globals\/typography?id=a311534","field_color":"globals\/colors?id=primary"}},"elements":[],"isInner":false,"widgetType":"jet-listing-dynamic-field","elType":"widget"}],"isInner":false,"elType":"container"}],"settings":{"listing_post_type":"loan-types","listing_tax":"category"},"metadata":[]}