{"content":[{"id":"42b77855","settings":{"content_width":"full","border_width":{"unit":"px","top":"0","right":"0","bottom":"1","left":"0","isLinked":false},"padding":{"unit":"em","top":"0.2","right":"0","bottom":"0.2","left":"0","isLinked":false},"padding_tablet":{"unit":"em","top":"","right":"","bottom":"","left":"","isLinked":true},"padding_mobile":{"unit":"em","top":"","right":"","bottom":"","left":"","isLinked":true},"__globals__":{"border_color":"globals\/colors?id=829f2c7"}},"elements":[{"id":"1549ef24","settings":{"content_width":"full","dynamic_field_source":"repeater_field","dynamic_excerpt_more":"...","dynamic_field_post_meta_custom":"title","selected_field_icon":{"value":"fas fa-check","library":"fa-solid"},"date_format":"F j, Y","num_dec_point":".","num_thousands_sep":",","multiselect_delimiter":", ","dynamic_field_format":"%s","__globals__":{"icon_color":"globals\/colors?id=eb3d4e3","field_typography_typography":"globals\/typography?id=secondary","field_color":"globals\/colors?id=1c15ecc"}},"elements":[],"isInner":false,"widgetType":"jet-listing-dynamic-field","elType":"widget"},{"id":"42a4f037","settings":{"dynamic_field_source":"repeater_field","dynamic_excerpt_more":"...","dynamic_field_post_meta_custom":"text","field_tag":"p","hide_if_empty":"yes","date_format":"F j, Y","num_dec_point":".","num_thousands_sep":",","multiselect_delimiter":", ","dynamic_field_format":"%s","__globals__":{"field_color":"globals\/colors?id=1c15ecc","field_typography_typography":"globals\/typography?id=text"}},"elements":[],"isInner":false,"widgetType":"jet-listing-dynamic-field","elType":"widget"}],"isInner":false,"elType":"container"}],"settings":{"listing_source":"repeater","listing_post_type":"loan-types","listing_tax":"category","repeater_field":"section_3_points"},"metadata":[]}