{"content":[{"id":"6251885f","settings":{"content_width":"full","flex_gap":{"column":"0","row":"0","isLinked":false,"unit":"px","size":0},"border_border":"solid","border_width":{"unit":"px","top":"1","right":"1","bottom":"1","left":"1","isLinked":true},"border_radius":{"unit":"px","top":"5","right":"5","bottom":"5","left":"5","isLinked":true},"__globals__":{"border_color":"globals\/colors?id=829f2c7"},"jedv_conditions":[{"_id":"b0b8874"}]},"elements":[{"id":"1d687aa7","settings":{"content_width":"full","dynamic_image_source":"","dynamic_image_source_custom":"image","image_width":{"unit":"%","size":100,"sizes":[]},"image_height":{"unit":"custom","size":"16em","sizes":[]},"image_height_tablet":{"unit":"custom","size":"","sizes":[]},"image_height_mobile":{"unit":"custom","size":"","sizes":[]},"image_object_fit":"cover","jedv_conditions":[{"_id":"e92f475"}],"custom_css":"selector .jet-listing-dynamic-image__img {\n    width: 100%;\n}"},"elements":[],"isInner":false,"widgetType":"jet-listing-dynamic-image","elType":"widget"},{"id":"c773a21","settings":{"dynamic_field_source":"repeater_field","dynamic_excerpt_more":"...","dynamic_field_post_meta_custom":"description","date_format":"F j, Y","num_dec_point":".","num_thousands_sep":",","multiselect_delimiter":", ","dynamic_field_format":"%s","_padding":{"unit":"em","top":"1","right":"1","bottom":"1","left":"1","isLinked":true},"_padding_tablet":{"unit":"em","top":"","right":"","bottom":"","left":"","isLinked":true},"_padding_mobile":{"unit":"em","top":"","right":"","bottom":"","left":"","isLinked":true},"jedv_conditions":[{"_id":"74ba21c"}],"__globals__":{"field_color":"globals\/colors?id=text","field_typography_typography":"globals\/typography?id=text"}},"elements":[],"isInner":false,"widgetType":"jet-listing-dynamic-field","elType":"widget"}],"isInner":true,"elType":"container"}],"settings":{"listing_source":"repeater","listing_post_type":"post","listing_tax":"category","repeater_source":"jet_engine","repeater_field":"section3_cards","repeater_option":""},"metadata":[]}