{"content":[{"id":"38e44588","settings":{"flex_direction":"column","content_width":"full","background_background":"classic","border_border":"double","border_width":{"unit":"px","top":"7","right":"7","bottom":"7","left":"7","isLinked":true},"padding":{"unit":"em","top":"1.5","right":"1.5","bottom":"1.5","left":"1.5","isLinked":true},"padding_tablet":{"unit":"em","top":"","right":"","bottom":"","left":"","isLinked":true},"padding_mobile":{"unit":"em","top":"","right":"","bottom":"","left":"","isLinked":true},"__globals__":{"border_color":"globals\/colors?id=829f2c7","background_color":"globals\/colors?id=1c15ecc"},"jedv_conditions":[{"_id":"0a80c13"}]},"elements":[{"id":"5bde5651","settings":{"icon_size":{"unit":"em","size":0.7,"sizes":[]},"icon_size_tablet":{"unit":"em","size":"","sizes":[]},"icon_size_mobile":{"unit":"em","size":"","sizes":[]},"icon_gap":{"unit":"em","size":0.5,"sizes":[]},"icon_gap_tablet":{"unit":"em","size":"","sizes":[]},"icon_gap_mobile":{"unit":"em","size":"","sizes":[]},"__dynamic__":{"rating_value":"[elementor-tag id=\"b360c75\" name=\"jet-post-custom-field\" settings=\"%7B%22meta_field%22%3A%22rating%22%7D\"]"},"jedv_conditions":[{"_id":"96a97b6"}]},"elements":[],"isInner":false,"widgetType":"rating","elType":"widget"},{"id":"7b17d48b","settings":{"__dynamic__":{"excerpt":"[elementor-tag id=\"\" name=\"post-excerpt\" settings=\"%7B%22max_length%22%3A%22%22%2C%22apply_to_post_content%22%3A%22no%22%2C%22before%22%3A%22%22%2C%22after%22%3A%22%22%2C%22fallback%22%3A%22%22%7D\"]"},"typography_typography":"custom","typography_font_family":"Raleway","typography_font_size":{"unit":"em","size":1,"sizes":[]},"typography_font_weight":"500","typography_line_height":{"unit":"em","size":1.3,"sizes":[]},"__globals__":{"typography_typography":""},"jedv_conditions":[{"_id":"c7b4193"}]},"elements":[],"isInner":false,"widgetType":"theme-post-excerpt","elType":"widget"},{"id":"707a2f4c","settings":{"content_width":"full","flex_direction":"row","flex_align_items":"center","margin":{"unit":"em","top":"0.5","right":"0","bottom":"0","left":"0","isLinked":false},"margin_tablet":{"unit":"em","top":"","right":"","bottom":"","left":"","isLinked":true},"margin_mobile":{"unit":"em","top":"","right":"","bottom":"","left":"","isLinked":true},"jedv_conditions":[{"_id":"6d06ece"}]},"elements":[{"id":"2f16ef98","settings":{"image_size":"full","_element_width":"initial","_element_custom_width":{"unit":"em","size":5,"sizes":[]},"_element_custom_width_tablet":{"unit":"em","size":"","sizes":[]},"_element_custom_width_mobile":{"unit":"em","size":"","sizes":[]},"_border_border":"solid","_border_width":{"unit":"px","top":"10","right":"10","bottom":"10","left":"10","isLinked":true},"_border_radius":{"unit":"px","top":"1000","right":"1000","bottom":"1000","left":"1000","isLinked":true},"_mask_switch":"yes","__dynamic__":{"image":"[elementor-tag id=\"c4c5e59\" name=\"post-featured-image\" settings=\"%7B%7D\"]"},"__globals__":{"_border_color":"globals\/colors?id=c405ede"},"jedv_conditions":[{"_id":"50ff700"}]},"elements":[],"isInner":false,"widgetType":"image","elType":"widget"},{"id":"3e63fda5","settings":{"content_width":"full","flex_gap":{"column":"0.2","row":"0.2","isLinked":true,"unit":"em","size":0},"flex_gap_tablet":{"column":"","row":"","isLinked":true,"unit":"em","size":null},"flex_gap_mobile":{"column":"","row":"","isLinked":true,"unit":"em","size":null},"jedv_conditions":[{"_id":"e14e74c"}]},"elements":[{"id":"35af5a21","settings":{"title":"Add Your Heading Text Here","__globals__":{"typography_typography":"globals\/typography?id=accent","title_color":"globals\/colors?id=primary"},"__dynamic__":{"title":"[elementor-tag id=\"3ab46a8\" name=\"post-title\" settings=\"%7B%7D\"]"},"jedv_conditions":[{"_id":"c2ca02a"}]},"elements":[],"isInner":false,"widgetType":"heading","elType":"widget"},{"id":"3d47f5e3","settings":{"title":"Add Your Heading Text Here","title_color":"#385566","typography_typography":"custom","typography_font_family":"Inter","typography_font_size":{"unit":"em","size":0.8,"sizes":[]},"typography_font_size_tablet":{"unit":"rem","size":"","sizes":[]},"typography_font_size_mobile":{"unit":"rem","size":"","sizes":[]},"typography_font_weight":"500","typography_line_height":{"unit":"em","size":1.4,"sizes":[]},"__globals__":{"typography_typography":"","title_color":"globals\/colors?id=text"},"__dynamic__":{"title":"[elementor-tag id=\"fc4fa99\" name=\"jet-post-custom-field\" settings=\"%7B%22meta_field%22%3A%22subtitle%22%7D\"]"},"jedv_conditions":[{"_id":"459201a"}]},"elements":[],"isInner":false,"widgetType":"heading","elType":"widget"}],"isInner":true,"elType":"container"},{"id":"ae47d55","settings":{"selected_icon":{"value":"fas fa-quote-right","library":"fa-solid"},"size":{"unit":"em","size":2,"sizes":[]},"size_tablet":{"unit":"em","size":"","sizes":[]},"size_mobile":{"unit":"em","size":"","sizes":[]},"_margin":{"unit":"em","top":"0","right":"0","bottom":"0","left":"0","isLinked":false},"_margin_tablet":{"unit":"em","top":"","right":"","bottom":"","left":"","isLinked":true},"_margin_mobile":{"unit":"em","top":"","right":"","bottom":"","left":"","isLinked":true},"_element_width":"initial","_element_custom_width":{"unit":"em","size":3,"sizes":[]},"_element_custom_width_tablet":{"unit":"em","size":"","sizes":[]},"_element_custom_width_mobile":{"unit":"em","size":"","sizes":[]},"__globals__":{"primary_color":"globals\/colors?id=accent"},"jedv_conditions":[{"_id":"fa8d6ab"}]},"elements":[],"isInner":false,"widgetType":"icon","elType":"widget"}],"isInner":true,"elType":"container"}],"isInner":false,"elType":"container"}],"settings":{"listing_post_type":"testimonials","listing_tax":"category"},"metadata":[]}