{"content":[{"id":"62fa0dbd","settings":{"flex_direction":"column","content_width":"full","flex_gap":{"column":"0","row":"0","isLinked":false,"unit":"px","size":0},"background_background":"classic","border_border":"solid","border_width":{"unit":"px","top":"0","right":"0","bottom":"3","left":"0","isLinked":false},"box_shadow_box_shadow_type":"yes","box_shadow_box_shadow":{"horizontal":0,"vertical":5,"blur":10,"spread":0,"color":"rgba(0, 0, 0, 0.15)"},"padding":{"unit":"em","top":"0","right":"0","bottom":"1","left":"0","isLinked":false},"padding_tablet":{"unit":"em","top":"","right":"","bottom":"","left":"","isLinked":true},"padding_mobile":{"unit":"em","top":"","right":"","bottom":"","left":"","isLinked":true},"__globals__":{"border_color":"globals\/colors?id=text","background_color":"globals\/colors?id=1c15ecc"},"jedv_conditions":[{"_id":"dfeb452"}]},"elements":[{"id":"3670f224","settings":{"content_width":"full","html_tag":"a","jedv_conditions":[{"_id":"63df1d9"}],"__dynamic__":{"link":"[elementor-tag id=\"b0a9550\" name=\"post-url\" settings=\"%7B%7D\"]"}},"elements":[{"id":"5e0cf9c5","settings":{"image_size":"full","width":{"unit":"%","size":100,"sizes":[]},"height":{"unit":"em","size":18,"sizes":[]},"height_tablet":{"unit":"em","size":"","sizes":[]},"height_mobile":{"unit":"em","size":"","sizes":[]},"object-fit":"cover","__dynamic__":{"image":"[elementor-tag id=\"23755cf\" name=\"post-featured-image\" settings=\"%7B%7D\"]"},"object-position":"top center","jedv_conditions":[{"_id":"508d110"}],"content_width":"full"},"elements":[],"isInner":false,"widgetType":"image","elType":"widget"}],"isInner":true,"elType":"container"},{"id":"2a2c57fd","settings":{"content_width":"full","flex_gap":{"column":"","row":"","isLinked":true,"unit":"em","size":null},"flex_gap_tablet":{"column":"","row":"","isLinked":true,"unit":"em","size":null},"flex_gap_mobile":{"column":"","row":"","isLinked":true,"unit":"em","size":null},"margin":{"unit":"em","top":"","right":"","bottom":"","left":"","isLinked":true},"margin_tablet":{"unit":"em","top":"","right":"","bottom":"","left":"","isLinked":true},"margin_mobile":{"unit":"em","top":"","right":"","bottom":"","left":"","isLinked":true},"jedv_conditions":[{"_id":"5e111d0"}]},"elements":[{"id":"345a4409","settings":{"content_width":"full","margin":{"unit":"em","top":"-1.1","right":"0","bottom":"0","left":"0","isLinked":false},"margin_tablet":{"unit":"em","top":"","right":"","bottom":"","left":"","isLinked":true},"margin_mobile":{"unit":"em","top":"","right":"","bottom":"","left":"","isLinked":true},"jedv_conditions":[{"_id":"8ec3ca4"}],"min_height":{"unit":"em","size":2,"sizes":[]},"min_height_tablet":{"unit":"em","size":"","sizes":[]},"min_height_mobile":{"unit":"em","size":"","sizes":[]},"flex_direction":"row","flex_justify_content":"center","flex_align_items":"center","flex_gap":{"column":"0.5","row":"0.5","isLinked":true,"unit":"em","size":0},"flex_gap_tablet":{"column":"","row":"","isLinked":true,"unit":"em","size":null},"flex_gap_mobile":{"column":"","row":"","isLinked":true,"unit":"em","size":null}},"elements":[{"id":"5093e451","settings":{"content_width":"full","width":{"unit":"em","size":2,"sizes":[]},"width_tablet":{"unit":"em","size":"","sizes":[]},"width_mobile":{"unit":"em","size":2,"sizes":[]},"min_height":{"unit":"em","size":2,"sizes":[]},"min_height_tablet":{"unit":"em","size":"","sizes":[]},"min_height_mobile":{"unit":"em","size":"","sizes":[]},"flex_justify_content":"center","flex_align_items":"center","html_tag":"a","link":{"url":"","is_external":"on","nofollow":"","custom_attributes":""},"background_background":"classic","border_radius":{"unit":"px","top":"1000","right":"1000","bottom":"1000","left":"1000","isLinked":true},"jedv_enabled":"yes","jedv_type":"hide","jedv_conditions":[{"jedv_condition":"equal","_id":"4e68175","__dynamic__":{"jedv_field":"[elementor-tag id=\"d3d4de7\" name=\"jet-post-custom-field\" settings=\"%7B%22meta_field%22%3A%22link1_url%22%7D\"]"}}],"_title":"Link1","__globals__":{"background_color":"globals\/colors?id=text"},"__dynamic__":{"link":"[elementor-tag id=\"daf5a4a\" name=\"jet-post-custom-field\" settings=\"%7B%22meta_field%22%3A%22link1_url%22%7D\"]"}},"elements":[{"id":"520c2bf1","settings":{"content_width":"full","dynamic_field_post_object":"","dynamic_excerpt_more":"...","dynamic_field_filter":"yes","filter_callback":"jet_engine_icon_html","date_format":"F j, Y","num_dec_point":".","num_thousands_sep":",","multiselect_delimiter":", ","dynamic_field_format":"%s","jedv_conditions":[{"_id":"7d640a3"}],"dynamic_field_source":"meta","dynamic_field_post_meta":"link1_icon","field_tag":"span","__globals__":{"field_color":"globals\/colors?id=1c15ecc","field_typography_typography":"globals\/typography?id=text"}},"elements":[],"isInner":false,"widgetType":"jet-listing-dynamic-field","elType":"widget"}],"isInner":true,"elType":"container"},{"id":"3956a6b1","settings":{"content_width":"full","width":{"unit":"em","size":2,"sizes":[]},"width_tablet":{"unit":"em","size":"","sizes":[]},"width_mobile":{"unit":"em","size":2,"sizes":[]},"min_height":{"unit":"em","size":2,"sizes":[]},"min_height_tablet":{"unit":"em","size":"","sizes":[]},"min_height_mobile":{"unit":"em","size":"","sizes":[]},"flex_justify_content":"center","flex_align_items":"center","html_tag":"a","link":{"url":"","is_external":"on","nofollow":"","custom_attributes":""},"background_background":"classic","border_radius":{"unit":"px","top":"1000","right":"1000","bottom":"1000","left":"1000","isLinked":true},"jedv_enabled":"yes","jedv_type":"hide","jedv_conditions":[{"jedv_condition":"equal","_id":"4e68175","__dynamic__":{"jedv_field":"[elementor-tag id=\"d3d4de7\" name=\"jet-post-custom-field\" settings=\"%7B%22meta_field%22%3A%22link2_url%22%7D\"]"}}],"_title":"Link2","__globals__":{"background_color":"globals\/colors?id=text"},"__dynamic__":{"link":"[elementor-tag id=\"2235466\" name=\"jet-post-custom-field\" settings=\"%7B%22meta_field%22%3A%22link2_url%22%7D\"]"}},"elements":[{"id":"32529782","settings":{"content_width":"full","dynamic_field_post_object":"","dynamic_excerpt_more":"...","dynamic_field_filter":"yes","filter_callback":"jet_engine_icon_html","date_format":"F j, Y","num_dec_point":".","num_thousands_sep":",","multiselect_delimiter":", ","dynamic_field_format":"%s","jedv_conditions":[{"_id":"7d640a3"}],"dynamic_field_source":"meta","dynamic_field_post_meta":"link2_icon","__globals__":{"field_color":"globals\/colors?id=1c15ecc","field_typography_typography":"globals\/typography?id=text"}},"elements":[],"isInner":false,"widgetType":"jet-listing-dynamic-field","elType":"widget"}],"isInner":true,"elType":"container"},{"id":"72d944f2","settings":{"content_width":"full","width":{"unit":"em","size":2,"sizes":[]},"width_tablet":{"unit":"em","size":"","sizes":[]},"width_mobile":{"unit":"em","size":2,"sizes":[]},"min_height":{"unit":"em","size":2,"sizes":[]},"min_height_tablet":{"unit":"em","size":"","sizes":[]},"min_height_mobile":{"unit":"em","size":"","sizes":[]},"flex_justify_content":"center","flex_align_items":"center","html_tag":"a","link":{"url":"","is_external":"on","nofollow":"","custom_attributes":""},"background_background":"classic","border_radius":{"unit":"px","top":"1000","right":"1000","bottom":"1000","left":"1000","isLinked":true},"jedv_enabled":"yes","jedv_type":"hide","jedv_conditions":[{"jedv_condition":"equal","_id":"4e68175","__dynamic__":{"jedv_field":"[elementor-tag id=\"d3d4de7\" name=\"jet-post-custom-field\" settings=\"%7B%22meta_field%22%3A%22link3_url%22%7D\"]"}}],"_title":"Link3","__globals__":{"background_color":"globals\/colors?id=text"},"__dynamic__":{"link":"[elementor-tag id=\"2235466\" name=\"jet-post-custom-field\" settings=\"%7B%22meta_field%22%3A%22link3_url%22%7D\"]"}},"elements":[{"id":"604cfb33","settings":{"content_width":"full","dynamic_field_post_object":"","dynamic_excerpt_more":"...","dynamic_field_filter":"yes","filter_callback":"jet_engine_icon_html","date_format":"F j, Y","num_dec_point":".","num_thousands_sep":",","multiselect_delimiter":", ","dynamic_field_format":"%s","jedv_conditions":[{"_id":"7d640a3"}],"dynamic_field_source":"meta","dynamic_field_post_meta":"link3_icon","__globals__":{"field_color":"globals\/colors?id=1c15ecc","field_typography_typography":"globals\/typography?id=text"}},"elements":[],"isInner":false,"widgetType":"jet-listing-dynamic-field","elType":"widget"}],"isInner":true,"elType":"container"},{"id":"560fc005","settings":{"content_width":"full","width":{"unit":"em","size":2,"sizes":[]},"width_tablet":{"unit":"em","size":"","sizes":[]},"width_mobile":{"unit":"em","size":2,"sizes":[]},"min_height":{"unit":"em","size":2,"sizes":[]},"min_height_tablet":{"unit":"em","size":"","sizes":[]},"min_height_mobile":{"unit":"em","size":"","sizes":[]},"flex_justify_content":"center","flex_align_items":"center","html_tag":"a","link":{"url":"","is_external":"on","nofollow":"","custom_attributes":""},"background_background":"classic","border_radius":{"unit":"px","top":"1000","right":"1000","bottom":"1000","left":"1000","isLinked":true},"jedv_enabled":"yes","jedv_type":"hide","jedv_conditions":[{"jedv_condition":"equal","_id":"4e68175","__dynamic__":{"jedv_field":"[elementor-tag id=\"d3d4de7\" name=\"jet-post-custom-field\" settings=\"%7B%22meta_field%22%3A%22link4_url%22%7D\"]"}}],"_title":"Link4","__globals__":{"background_color":"globals\/colors?id=text"},"__dynamic__":{"link":"[elementor-tag id=\"2235466\" name=\"jet-post-custom-field\" settings=\"%7B%22meta_field%22%3A%22link4_url%22%7D\"]"}},"elements":[{"id":"476a6001","settings":{"content_width":"full","dynamic_field_post_object":"","dynamic_excerpt_more":"...","dynamic_field_filter":"yes","filter_callback":"jet_engine_icon_html","date_format":"F j, Y","num_dec_point":".","num_thousands_sep":",","multiselect_delimiter":", ","dynamic_field_format":"%s","jedv_conditions":[{"_id":"7d640a3"}],"dynamic_field_source":"meta","dynamic_field_post_meta":"link4_icon","__globals__":{"field_color":"globals\/colors?id=1c15ecc","field_typography_typography":"globals\/typography?id=text"}},"elements":[],"isInner":false,"widgetType":"jet-listing-dynamic-field","elType":"widget"}],"isInner":true,"elType":"container"}],"isInner":true,"elType":"container"},{"id":"3994f7c5","settings":{"content_width":"full","margin":{"unit":"em","top":"-1.1","right":"0","bottom":"0","left":"0","isLinked":false},"margin_tablet":{"unit":"em","top":"","right":"","bottom":"","left":"","isLinked":true},"margin_mobile":{"unit":"em","top":"","right":"","bottom":"","left":"","isLinked":true},"jedv_conditions":[{"_id":"8ec3ca4"}],"hide_desktop":"hidden-desktop","hide_tablet":"hidden-tablet","hide_mobile":"hidden-mobile"},"elements":[{"id":"75dcd257","settings":{"social_icon_list":[{"social_icon":{"value":"fab fa-facebook","library":"fa-brands"},"_id":"984c4a3"},{"social_icon":{"value":"fab fa-twitter","library":"fa-brands"},"_id":"a9878aa"},{"social_icon":{"value":"fab fa-youtube","library":"fa-brands"},"_id":"1e33ca5"},{"_id":"2452fdb","social_icon":{"value":"fab fa-linkedin","library":"fa-brands"}}],"shape":"circle","icon_color":"custom","icon_primary_color":"#385566","icon_secondary_color":"#FFFFFF","icon_size":{"unit":"rem","size":0.8,"sizes":[]},"icon_size_tablet":{"unit":"rem","size":"","sizes":[]},"icon_size_mobile":{"unit":"rem","size":"","sizes":[]},"icon_padding":{"unit":"rem","size":0.7,"sizes":[]},"icon_padding_tablet":{"unit":"rem","size":"","sizes":[]},"icon_padding_mobile":{"unit":"rem","size":"","sizes":[]},"icon_spacing":{"unit":"rem","size":0.5,"sizes":[]},"icon_spacing_tablet":{"unit":"em","size":"","sizes":[]},"icon_spacing_mobile":{"unit":"em","size":"","sizes":[]},"hover_primary_color":"#19A2BF80","_margin":{"unit":"em","top":"","right":"","bottom":"","left":"","isLinked":true},"_margin_tablet":{"unit":"em","top":"","right":"","bottom":"","left":"","isLinked":true},"_margin_mobile":{"unit":"em","top":"","right":"","bottom":"","left":"","isLinked":true},"__globals__":{"icon_primary_color":"globals\/colors?id=text","icon_secondary_color":"globals\/colors?id=1c15ecc","hover_primary_color":""},"jedv_conditions":[{"_id":"fac31dd"}]},"elements":[],"isInner":false,"widgetType":"social-icons","elType":"widget"}],"isInner":true,"elType":"container"},{"id":"77cd6867","settings":{"content_width":"full","flex_gap":{"column":"0.3","row":"0.3","isLinked":true,"unit":"em","size":0},"flex_gap_tablet":{"column":"","row":"","isLinked":true,"unit":"em","size":null},"flex_gap_mobile":{"column":"","row":"","isLinked":true,"unit":"em","size":null},"jedv_conditions":[{"_id":"1631f1c"}]},"elements":[{"id":"7f21ac2d","settings":{"title":"Add Your Heading Text Here","header_size":"h4","align":"center","__dynamic__":{"title":"[elementor-tag id=\"98331b6\" name=\"post-title\" settings=\"%7B%7D\"]","link":"[elementor-tag id=\"20f776f\" name=\"post-url\" settings=\"%7B%7D\"]"},"__globals__":{"typography_typography":"globals\/typography?id=cd3e740"},"jedv_conditions":[{"_id":"3f17969"}]},"elements":[],"isInner":false,"widgetType":"heading","elType":"widget"},{"id":"56fbc44f","settings":{"title":"Add Your Heading Text Here","header_size":"p","align":"center","__dynamic__":{"title":"[elementor-tag id=\"c64c2e4\" name=\"jet-post-custom-field\" settings=\"%7B%22meta_field%22%3A%22subtitle%22%7D\"]","link":"[elementor-tag id=\"27ba4b6\" name=\"post-url\" settings=\"%7B%7D\"]"},"__globals__":{"title_color":"globals\/colors?id=secondary","typography_typography":"globals\/typography?id=text"},"jedv_conditions":[{"_id":"c9f750f"}]},"elements":[],"isInner":false,"widgetType":"heading","elType":"widget"}],"isInner":true,"elType":"container"}],"isInner":true,"elType":"container"}],"isInner":false,"elType":"container"}],"settings":{"listing_post_type":"post","listing_tax":"category"},"metadata":[]}