{"content":[{"id":"5f7dd356","settings":{"content_width":"full","_title":"Item","__globals__":{"border_color":"globals\/colors?id=829f2c7"},"padding":{"unit":"em","top":"","right":"","bottom":"","left":"","isLinked":true},"padding_tablet":{"unit":"em","top":"","right":"","bottom":"","left":"","isLinked":true},"padding_mobile":{"unit":"em","top":"","right":"","bottom":"","left":"","isLinked":true},"flex_gap":{"column":"0","row":"0","isLinked":false,"unit":"px","size":0},"box_shadow_box_shadow_type":"yes","box_shadow_box_shadow":{"horizontal":0,"vertical":10,"blur":40,"spread":-5,"color":"rgba(0, 0, 0, 0.15)"},"jedv_conditions":[{"_id":"b25bbd2"}]},"elements":[{"id":"2de54cec","settings":{"content_width":"full","html_tag":"a","__dynamic__":{"link":"[elementor-tag id=\"3c62c71\" name=\"post-url\" settings=\"%7B%7D\"]"},"jedv_conditions":[{"_id":"cd72d24"}]},"elements":[{"id":"be57034","settings":{"image_size":"full","width":{"unit":"%","size":100,"sizes":[]},"height":{"unit":"em","size":14,"sizes":[]},"height_tablet":{"unit":"em","size":"","sizes":[]},"height_mobile":{"unit":"em","size":"","sizes":[]},"object-fit":"cover","__dynamic__":{"image":"[elementor-tag id=\"b262ba3\" name=\"post-featured-image\" settings=\"%7B%7D\"]"},"jedv_conditions":[{"_id":"9a84d31"}]},"elements":[],"isInner":false,"widgetType":"image","elType":"widget"}],"isInner":true,"elType":"container"},{"id":"46bc960a","settings":{"content_width":"full","border_width":{"unit":"px","top":"2","right":"2","bottom":"2","left":"2","isLinked":true},"_title":"Content","__globals__":{"border_color":"globals\/colors?id=829f2c7"},"padding":{"unit":"em","top":"1","right":"1","bottom":"1","left":"1","isLinked":true},"padding_tablet":{"unit":"em","top":"","right":"","bottom":"","left":"","isLinked":true},"padding_mobile":{"unit":"em","top":"","right":"","bottom":"","left":"","isLinked":true},"flex_gap":{"column":"","row":"","isLinked":true,"unit":"em","size":null},"flex_gap_tablet":{"column":"","row":"","isLinked":true,"unit":"em","size":null},"flex_gap_mobile":{"column":"","row":"","isLinked":true,"unit":"em","size":null},"jedv_conditions":[{"_id":"face635"}],"flex_justify_content":"space-between","_flex_size":"grow"},"elements":[{"id":"7564027","settings":{"content_width":"full","jedv_conditions":[{"_id":"9841073"}]},"elements":[{"id":"310d463a","settings":{"title":"Initial Consultation","__globals__":{"typography_typography":"globals\/typography?id=secondary","title_color":"globals\/colors?id=primary"},"title_color":"#232323","header_size":"h4","__dynamic__":{"link":"[elementor-tag id=\"6e81387\" name=\"post-url\" settings=\"%7B%7D\"]","title":"[elementor-tag id=\"e0d650d\" name=\"post-title\" settings=\"%7B%7D\"]"},"jedv_conditions":[{"_id":"199f9c9"}],"content_width":"full"},"elements":[],"isInner":false,"widgetType":"heading","elType":"widget"},{"id":"4fbd3899","settings":{"title":"Sagittis fames convallis aptent risus himenaeos feugiat taciti dictumst class cras.","__globals__":{"typography_typography":"globals\/typography?id=text","title_color":"globals\/colors?id=text"},"header_size":"p","title_color":"#FFFFFF","__dynamic__":{"title":"[elementor-tag id=\"16a5fb0\" name=\"post-excerpt\" settings=\"%7B%7D\"]","link":"[elementor-tag id=\"dbe436a\" name=\"post-url\" settings=\"%7B%7D\"]"},"jedv_conditions":[{"_id":"8fe4a4b"}],"content_width":"full"},"elements":[],"isInner":false,"widgetType":"heading","elType":"widget"}],"isInner":true,"elType":"container"},{"id":"4049fea1","settings":{"content_width":"full","margin":{"unit":"em","top":"","right":"","bottom":"","left":"","isLinked":true},"margin_tablet":{"unit":"em","top":"","right":"","bottom":"","left":"","isLinked":true},"margin_mobile":{"unit":"em","top":"","right":"","bottom":"","left":"","isLinked":true},"padding":{"unit":"em","top":"","right":"","bottom":"","left":"","isLinked":true},"padding_tablet":{"unit":"em","top":"","right":"","bottom":"","left":"","isLinked":true},"padding_mobile":{"unit":"em","top":"","right":"","bottom":"","left":"","isLinked":true},"jedv_conditions":[{"_id":"9841073"}]},"elements":[{"id":"4d21e38d","settings":{"text":"Apply Now","border_radius":{"unit":"px","top":"0","right":"0","bottom":"0","left":"0","isLinked":false},"text_padding":{"unit":"em","top":"0.7","right":"1","bottom":"0.7","left":"1","isLinked":false},"text_padding_tablet":{"unit":"em","top":"","right":"","bottom":"","left":"","isLinked":true},"text_padding_mobile":{"unit":"em","top":"","right":"","bottom":"","left":"","isLinked":true},"_margin":{"unit":"em","top":"0","right":"0","bottom":"0","left":"0","isLinked":false},"_margin_tablet":{"unit":"em","top":"","right":"","bottom":"","left":"","isLinked":true},"_margin_mobile":{"unit":"em","top":"","right":"","bottom":"","left":"","isLinked":true},"__globals__":{"background_color":"globals\/colors?id=accent","button_background_hover_color":"globals\/colors?id=eb3d4e3"},"align":"justify","__dynamic__":{"link":"[elementor-tag id=\"0b12b1b\" name=\"jet-post-custom-field\" settings=\"%7B%22meta_field%22%3A%22button_url%22%7D\"]","text":"[elementor-tag id=\"a933549\" name=\"jet-post-custom-field\" settings=\"%7B%22meta_field%22%3A%22button_text%22%7D\"]"},"_padding":{"unit":"em","top":"","right":"","bottom":"","left":"","isLinked":true},"_padding_tablet":{"unit":"em","top":"","right":"","bottom":"","left":"","isLinked":true},"_padding_mobile":{"unit":"em","top":"","right":"","bottom":"","left":"","isLinked":true},"jedv_conditions":[{"_id":"db381c9"}],"content_width":"full","link":{"url":"#","is_external":"on","nofollow":"","custom_attributes":""}},"elements":[],"isInner":false,"widgetType":"button","elType":"widget"}],"isInner":true,"elType":"container"}],"isInner":true,"elType":"container"}],"isInner":true,"elType":"container"}],"settings":{"listing_post_type":"services","listing_tax":"category"},"metadata":[]}