{"content":[{"id":"13819a02","settings":{"flex_direction":"column","min_height":{"unit":"em","size":26,"sizes":[]},"min_height_tablet":{"unit":"em","size":"","sizes":[]},"min_height_mobile":{"unit":"em","size":"","sizes":[]},"flex_justify_content":"flex-end","flex_align_items":"center","background_background":"classic","background_image":{"url":"https:\/\/southernelitemtg.com\/wp-content\/uploads\/2024\/07\/compressed_shutterstock_2022462029.jpg","id":1190,"size":"","alt":"","source":"library"},"background_position":"bottom center","background_repeat":"no-repeat","background_size":"cover","background_overlay_background":"classic","padding":{"unit":"em","top":"3","right":"8","bottom":"3","left":"8","isLinked":false},"padding_tablet":{"unit":"em","top":"","right":"","bottom":"","left":"","isLinked":true},"padding_mobile":{"unit":"em","top":"2","right":"1","bottom":"2","left":"1","isLinked":false},"__globals__":{"background_overlay_color":"globals\/colors?id=5590b3c"}},"elements":[{"id":"522991f3","settings":{"content_width":"full","width":{"unit":"em","size":"","sizes":[]},"width_tablet":{"unit":"em","size":"","sizes":[]},"width_mobile":{"unit":"em","size":"","sizes":[]},"_title":"Content"},"elements":[{"id":"70159e12","settings":{"title":" Elite Team RVA","__globals__":{"typography_typography":"globals\/typography?id=84bb62b","title_color":"globals\/colors?id=1c15ecc"},"_background_gradient_position_tablet":"center center","_background_gradient_position_mobile":"center center","_background_hover_gradient_position_tablet":"center center","_background_hover_gradient_position_mobile":"center center","title_color":"#FFFFFF"},"elements":[],"isInner":false,"widgetType":"heading","elType":"widget"},{"id":"376f23ee","settings":{"text":"Divider","color":"#D2DEE64D","gap":{"unit":"px","size":0,"sizes":[]},"__globals__":{"color":""},"_background_gradient_position_tablet":"center center","_background_gradient_position_mobile":"center center","_background_hover_gradient_position_tablet":"center center","_background_hover_gradient_position_mobile":"center center"},"elements":[],"isInner":false,"widgetType":"divider","elType":"widget"},{"id":"1be7bbdf","settings":{"icon_list":[{"text":"Home  \/  Services","selected_icon":{"value":"fas fa-home","library":"fa-solid"},"_id":"c301ff4"}],"icon_align":"right","icon_size":{"unit":"em","size":0.8,"sizes":[]},"icon_size_tablet":{"unit":"em","size":"","sizes":[]},"icon_size_mobile":{"unit":"em","size":"","sizes":[]},"__globals__":{"icon_color":"globals\/colors?id=1c15ecc","icon_typography_typography":"globals\/typography?id=text","text_color":"globals\/colors?id=1c15ecc"},"_background_gradient_position_tablet":"center center","_background_gradient_position_mobile":"center center","_background_hover_gradient_position_tablet":"center center","_background_hover_gradient_position_mobile":"center center"},"elements":[],"isInner":false,"widgetType":"icon-list","elType":"widget"}],"isInner":true,"elType":"container"}],"isInner":false,"elType":"container"},{"id":"29b4f52","settings":{"flex_direction":"row","flex_gap":{"unit":"px","size":0,"column":"0","row":"0"},"padding":{"unit":"em","top":"5","right":"8","bottom":"7","left":"8","isLinked":false},"padding_tablet":{"unit":"em","top":"","right":"","bottom":"","left":"","isLinked":true},"padding_mobile":{"unit":"em","top":"5","right":"1","bottom":"3","left":"1","isLinked":false}},"elements":[{"id":"3e764fba","settings":{"flex_direction":"column","content_width":"full","width":{"unit":"%","size":"50"},"background_image":{"url":"","id":"","size":"","alt":"","source":"library"},"border_border":"dashed","border_width":{"unit":"px","top":"0","right":"0","bottom":"2","left":"2","isLinked":false},"border_color":"#347A824D","padding":{"unit":"em","top":"0","right":"2","bottom":"1","left":"1","isLinked":false},"padding_tablet":{"unit":"em","top":"","right":"","bottom":"","left":"","isLinked":true},"padding_mobile":{"unit":"em","top":"0","right":"0","bottom":"0","left":"0","isLinked":false},"min_height_mobile":{"unit":"em","size":28,"sizes":[]}},"elements":[{"id":"1815dc9f","settings":{"content_width":"full","min_height":{"unit":"custom","size":"100%","sizes":[]},"min_height_tablet":{"unit":"vh","size":"","sizes":[]},"min_height_mobile":{"unit":"vh","size":"","sizes":[]},"background_background":"classic","background_image":{"url":"https:\/\/southernelitemtg.com\/wp-content\/uploads\/2024\/07\/compressed_shutterstock_627031226.jpg","id":1186,"size":"","alt":"","source":"library"},"background_position":"center center","background_repeat":"no-repeat","background_size":"cover"},"elements":[],"isInner":true,"elType":"container"},{"id":"14ed4a4f","settings":{"content_width":"full","width":{"unit":"em","size":12,"sizes":[]},"width_tablet":{"unit":"em","size":"","sizes":[]},"width_mobile":{"unit":"em","size":12,"sizes":[]},"background_background":"classic","box_shadow_box_shadow_type":"yes","box_shadow_box_shadow":{"horizontal":0,"vertical":0,"blur":10,"spread":-5,"color":"rgba(0, 0, 0, 0.5)"},"padding":{"unit":"em","top":"0.6","right":"0.6","bottom":"0.6","left":"0.6","isLinked":true},"padding_tablet":{"unit":"em","top":"","right":"","bottom":"","left":"","isLinked":true},"padding_mobile":{"unit":"em","top":"","right":"","bottom":"","left":"","isLinked":true},"position":"absolute","_offset_x":{"unit":"em","size":-2,"sizes":[]},"_offset_x_tablet":{"unit":"em","size":"","sizes":[]},"_offset_x_mobile":{"unit":"em","size":-1,"sizes":[]},"_offset_y":{"unit":"em","size":-2,"sizes":[]},"_offset_y_tablet":{"unit":"em","size":"","sizes":[]},"_offset_y_mobile":{"unit":"em","size":-2,"sizes":[]},"__globals__":{"background_color":"globals\/colors?id=1c15ecc"},"hide_desktop":"hidden-desktop","hide_tablet":"hidden-tablet","hide_mobile":"hidden-mobile"},"elements":[{"id":"2c42f19e","settings":{"image":{"url":"https:\/\/southernelitemtg.com\/wp-content\/uploads\/2024\/07\/real-estate-brokers-offer-home-designs-for-clients-to-trade-with-a-mortgage-loan-contract-e1695126478357.jpg","id":70,"size":"","alt":"","source":"library"},"image_size":"full","width":{"unit":"%","size":100,"sizes":[]},"height":{"unit":"em","size":7.5,"sizes":[]},"height_tablet":{"unit":"em","size":"","sizes":[]},"height_mobile":{"unit":"em","size":"","sizes":[]},"object-fit":"cover","_element_custom_width":{"unit":"em","size":"","sizes":[]},"_element_custom_width_tablet":{"unit":"em","size":"","sizes":[]},"_element_custom_width_mobile":{"unit":"em","size":"","sizes":[]},"caption_typography_line_height":{"unit":"em","size":"","sizes":[]},"caption_typography_word_spacing":{"unit":"em","size":"","sizes":[]}},"elements":[],"isInner":false,"widgetType":"image","elType":"widget"}],"isInner":true,"elType":"container"},{"id":"53c11fbe","settings":{"content_width":"full","width":{"unit":"em","size":28,"sizes":[]},"width_tablet":{"unit":"em","size":"","sizes":[]},"width_mobile":{"unit":"em","size":"","sizes":[]},"background_background":"classic","box_shadow_box_shadow_type":"yes","box_shadow_box_shadow":{"horizontal":0,"vertical":0,"blur":10,"spread":-5,"color":"rgba(0, 0, 0, 0.5)"},"padding":{"unit":"em","top":"1.5","right":"1.5","bottom":"1.5","left":"1.5","isLinked":true},"padding_tablet":{"unit":"em","top":"","right":"","bottom":"","left":"","isLinked":true},"padding_mobile":{"unit":"em","top":"","right":"","bottom":"","left":"","isLinked":true},"position":"absolute","_offset_x":{"unit":"em","size":"","sizes":[]},"_offset_x_tablet":{"unit":"em","size":"","sizes":[]},"_offset_x_mobile":{"unit":"em","size":"","sizes":[]},"_offset_y":{"unit":"em","size":"","sizes":[]},"_offset_y_tablet":{"unit":"em","size":"","sizes":[]},"_offset_y_mobile":{"unit":"em","size":"","sizes":[]},"__globals__":{"background_color":"globals\/colors?id=1c15ecc"},"flex_direction":"row","flex_gap":{"column":"0","row":"0","isLinked":false,"unit":"px","size":0},"_offset_orientation_h":"end","_offset_orientation_v":"end","_offset_y_end":{"unit":"em","size":-3,"sizes":[]},"_offset_y_end_tablet":{"unit":"em","size":"","sizes":[]},"_offset_y_end_mobile":{"unit":"em","size":"","sizes":[]}},"elements":[{"id":"4b88b826","settings":{"content_width":"full","width":{"unit":"%","size":30,"sizes":[]},"flex_justify_content":"center","flex_align_items":"center","flex_gap":{"column":"0.5","row":"0.5","isLinked":true,"unit":"em","size":0},"flex_gap_tablet":{"column":"","row":"","isLinked":true,"unit":"em","size":null},"flex_gap_mobile":{"column":"","row":"","isLinked":true,"unit":"em","size":null},"padding":{"unit":"em","top":"0","right":"1","bottom":"0","left":"0","isLinked":false},"padding_tablet":{"unit":"em","top":"","right":"","bottom":"","left":"","isLinked":true},"padding_mobile":{"unit":"em","top":"","right":"","bottom":"","left":"","isLinked":true}},"elements":[{"id":"2927fa2d","settings":{"title":"Over 25 ","typography_typography":"custom","typography_font_family":"Raleway","typography_font_size":{"unit":"em","size":2.8,"sizes":[]},"typography_font_size_tablet":{"unit":"rem","size":"","sizes":[]},"typography_font_size_mobile":{"unit":"rem","size":"","sizes":[]},"typography_font_weight":"800","typography_line_height":{"unit":"em","size":0.7,"sizes":[]},"typography_letter_spacing":{"unit":"em","size":-0.02,"sizes":[]},"__globals__":{"title_color":"globals\/colors?id=secondary"},"typography_word_spacing":{"unit":"em","size":"","sizes":[]}},"elements":[],"isInner":false,"widgetType":"heading","elType":"widget"},{"id":"487c2535","settings":{"title":"Years of Experience","__globals__":{"typography_typography":"globals\/typography?id=text","title_color":"globals\/colors?id=text"},"typography_line_height":{"unit":"em","size":"","sizes":[]},"typography_word_spacing":{"unit":"em","size":"","sizes":[]}},"elements":[],"isInner":false,"widgetType":"heading","elType":"widget"}],"isInner":true,"elType":"container"},{"id":"1d6ee1cf","settings":{"content_width":"full","width":{"unit":"%","size":70,"sizes":[]},"flex_justify_content":"center","border_border":"solid","border_width":{"unit":"px","top":"0","right":"0","bottom":"0","left":"3","isLinked":false},"padding":{"unit":"em","top":"0","right":"0","bottom":"0","left":"1","isLinked":false},"padding_tablet":{"unit":"em","top":"","right":"","bottom":"","left":"","isLinked":true},"padding_mobile":{"unit":"em","top":"","right":"","bottom":"","left":"","isLinked":true},"__globals__":{"border_color":"globals\/colors?id=secondary"}},"elements":[{"id":"79fe12b7","settings":{"title":"Transparency and honesty are at the core of everything we do. We believe in clear communication and providing you with all the information you need to make informed decisions about your mortgage.","__globals__":{"typography_typography":"globals\/typography?id=text","title_color":"globals\/colors?id=text"},"header_size":"p","title_color":"#385566","typography_line_height":{"unit":"em","size":"","sizes":[]},"typography_word_spacing":{"unit":"em","size":"","sizes":[]}},"elements":[],"isInner":false,"widgetType":"heading","elType":"widget"}],"isInner":true,"elType":"container"}],"isInner":true,"elType":"container"}],"isInner":true,"elType":"container"},{"id":"5d04175f","settings":{"flex_direction":"column","content_width":"full","width":{"unit":"%","size":"50"},"flex_justify_content":"center","padding":{"unit":"em","top":"0","right":"0","bottom":"0","left":"2","isLinked":false},"padding_tablet":{"unit":"em","top":"","right":"","bottom":"","left":"","isLinked":true},"padding_mobile":{"unit":"em","top":"5","right":"0","bottom":"0","left":"0","isLinked":false}},"elements":[{"id":"36f967bd","settings":{"title":"Learn More","__globals__":{"title_color":"globals\/colors?id=secondary","typography_typography":"globals\/typography?id=a30e13a"},"typography_line_height":{"unit":"em","size":"","sizes":[]},"typography_word_spacing":{"unit":"em","size":"","sizes":[]}},"elements":[],"isInner":false,"widgetType":"heading","elType":"widget"},{"id":"42f4b204","settings":{"title":"Discover Competitive Rates and Personalized Service for Every Homebuyer ","title_color":"#232323","__globals__":{"title_color":"globals\/colors?id=primary","typography_typography":"globals\/typography?id=primary"},"typography_line_height":{"unit":"em","size":"","sizes":[]},"typography_word_spacing":{"unit":"em","size":"","sizes":[]}},"elements":[],"isInner":false,"widgetType":"heading","elType":"widget"},{"id":"46f85a15","settings":{"title":"At Southern Elite Mortgage we understand that every homebuyer is unique. That's why we offer competitive rates and personalized service to meet your individual needs. Whether you're a first-time homebuyer or looking to refinance, our team of experienced professionals is here to guide you through every step of the process.","__globals__":{"typography_typography":"","title_color":"globals\/colors?id=text"},"header_size":"p","title_color":"#385566","typography_typography":"custom","typography_font_family":"Inter","typography_font_size":{"unit":"em","size":1,"sizes":[]},"typography_font_size_tablet":{"unit":"rem","size":"","sizes":[]},"typography_font_size_mobile":{"unit":"rem","size":"","sizes":[]},"typography_font_weight":"400","typography_line_height":{"unit":"em","size":1.4,"sizes":[]},"typography_word_spacing":{"unit":"em","size":"","sizes":[]}},"elements":[],"isInner":false,"widgetType":"heading","elType":"widget"},{"id":"456cdbaa","settings":{"title":"We provide you with the best mortgage solutions to help you unlock the door to your dream home. Experience a smooth and transparent journey with us, where your financial goals and dreams are our top priority.<br><br>\nMagna non dolor facilisis sodales proin. Lobortis sagittis imperdiet litora laoreet erat vivamus habitasse at malesuada.","__globals__":{"typography_typography":"globals\/typography?id=text","title_color":"globals\/colors?id=text"},"header_size":"p","title_color":"#385566","typography_line_height":{"unit":"em","size":"","sizes":[]},"typography_word_spacing":{"unit":"em","size":"","sizes":[]}},"elements":[],"isInner":false,"widgetType":"heading","elType":"widget"},{"id":"7df3fc50","settings":{"content_width":"full","flex_direction":"row","flex_align_items":"center","margin":{"unit":"em","top":"0","right":"0","bottom":"0","left":"0","isLinked":false},"margin_tablet":{"unit":"em","top":"","right":"","bottom":"","left":"","isLinked":true},"margin_mobile":{"unit":"em","top":"","right":"","bottom":"","left":"","isLinked":true}},"elements":[{"id":"1f46ac82","settings":{"text":"Apply Today","border_radius":{"unit":"px","top":"0","right":"0","bottom":"0","left":"0","isLinked":false},"text_padding":{"unit":"em","top":"0.7","right":"1.3","bottom":"0.7","left":"1.3","isLinked":false},"text_padding_tablet":{"unit":"em","top":"","right":"","bottom":"","left":"","isLinked":true},"text_padding_mobile":{"unit":"em","top":"","right":"","bottom":"","left":"","isLinked":true},"_margin":{"unit":"em","top":"","right":"","bottom":"","left":"","isLinked":true},"_margin_tablet":{"unit":"em","top":"","right":"","bottom":"","left":"","isLinked":true},"_margin_mobile":{"unit":"em","top":"","right":"","bottom":"","left":"","isLinked":true},"__globals__":{"background_color":"globals\/colors?id=accent","button_background_hover_color":"globals\/colors?id=eb3d4e3","button_text_color":"globals\/colors?id=1c15ecc","hover_color":"globals\/colors?id=5590b3c"}},"elements":[],"isInner":false,"widgetType":"button","elType":"widget"},{"id":"6f4b4d76","settings":{"selected_icon":{"value":"fas fa-play","library":"fa-solid"},"title_text":"Play Intro","description_text":"","position":"left","content_vertical_alignment":"middle","icon_space":{"unit":"em","size":1,"sizes":[]},"title_bottom_space":{"unit":"px","size":8,"sizes":[]},"icon_size":{"unit":"em","size":0.8,"sizes":[]},"icon_size_tablet":{"unit":"em","size":"","sizes":[]},"icon_size_mobile":{"unit":"em","size":"","sizes":[]},"title_typography_typography":"custom","title_typography_font_family":"Inter","title_typography_font_size":{"unit":"em","size":1,"sizes":[]},"title_typography_font_size_tablet":{"unit":"rem","size":"","sizes":[]},"title_typography_font_size_mobile":{"unit":"rem","size":"","sizes":[]},"title_typography_font_weight":"600","title_typography_line_height":{"unit":"em","size":1.4,"sizes":[]},"title_typography_line_height_tablet":{"unit":"rem","size":"","sizes":[]},"title_typography_line_height_mobile":{"unit":"rem","size":"","sizes":[]},"description_typography_typography":"custom","description_typography_font_family":"Inter","description_typography_font_size":{"unit":"em","size":0.85,"sizes":[]},"description_typography_font_weight":"400","description_typography_line_height":{"unit":"em","size":1.4,"sizes":[]},"__globals__":{"title_typography_typography":"","primary_color":"globals\/colors?id=accent"},"view":"framed","icon_space_tablet":{"unit":"em","size":"","sizes":[]},"icon_space_mobile":{"unit":"em","size":"","sizes":[]},"icon_padding":{"unit":"em","size":1,"sizes":[]},"icon_padding_tablet":{"unit":"em","size":"","sizes":[]},"icon_padding_mobile":{"unit":"em","size":"","sizes":[]},"border_width":{"unit":"px","top":"2","right":"2","bottom":"2","left":"2","isLinked":true},"hide_desktop":"hidden-desktop","hide_tablet":"hidden-tablet","hide_mobile":"hidden-mobile"},"elements":[],"isInner":false,"widgetType":"icon-box","elType":"widget"}],"isInner":true,"elType":"container"}],"isInner":true,"elType":"container"}],"isInner":false,"elType":"container"},{"id":"148d60af","settings":{"flex_direction":"row","flex_gap":{"column":"0","row":"0","isLinked":false,"unit":"px","size":0},"padding":{"unit":"em","top":"2","right":"8","bottom":"5","left":"8","isLinked":false},"padding_tablet":{"unit":"em","top":"","right":"","bottom":"","left":"","isLinked":true},"padding_mobile":{"unit":"em","top":"0","right":"1","bottom":"3","left":"1","isLinked":false}},"elements":[{"id":"56e93601","settings":{"content_width":"full","flex_justify_content":"center","flex_gap":{"column":"0.5","row":"0.5","isLinked":true,"unit":"em","size":0},"flex_gap_tablet":{"column":"","row":"","isLinked":true,"unit":"em","size":null},"flex_gap_mobile":{"column":"","row":"","isLinked":true,"unit":"em","size":null},"background_background":"classic","padding":{"unit":"em","top":"1","right":"1","bottom":"1","left":"1","isLinked":false},"padding_tablet":{"unit":"em","top":"","right":"","bottom":"","left":"","isLinked":true},"padding_mobile":{"unit":"em","top":"","right":"","bottom":"","left":"","isLinked":true},"__globals__":{"background_color":"globals\/colors?id=text"},"min_height_mobile":{"unit":"em","size":10,"sizes":[]}},"elements":[{"id":"605d5523","settings":{"title":"White Glove Experience","title_color":"#FFFFFF","__globals__":{"title_color":"globals\/colors?id=1c15ecc","typography_typography":""},"typography_typography":"custom","typography_font_family":"Raleway","typography_font_size":{"unit":"em","size":1.6,"sizes":[]},"typography_font_size_tablet":{"unit":"rem","size":"","sizes":[]},"typography_font_size_mobile":{"unit":"rem","size":"","sizes":[]},"typography_font_weight":"700","typography_line_height":{"unit":"em","size":1.2,"sizes":[]},"typography_letter_spacing":{"unit":"em","size":-0.02,"sizes":[]},"_background_gradient_position_tablet":"center center","_background_gradient_position_mobile":"center center","_background_hover_gradient_position_tablet":"center center","_background_hover_gradient_position_mobile":"center center"},"elements":[],"isInner":false,"widgetType":"heading","elType":"widget"},{"id":"6a4febe9","settings":{"width":{"unit":"em","size":4,"sizes":[]},"width_tablet":{"unit":"em","size":"","sizes":[]},"width_mobile":{"unit":"em","size":"","sizes":[]},"text":"Divider","weight":{"unit":"px","size":3,"sizes":[]},"gap":{"unit":"px","size":10,"sizes":[]},"__globals__":{"color":"globals\/colors?id=eb3d4e3"},"_background_gradient_position_tablet":"center center","_background_gradient_position_mobile":"center center","_background_hover_gradient_position_tablet":"center center","_background_hover_gradient_position_mobile":"center center"},"elements":[],"isInner":false,"widgetType":"divider","elType":"widget"}],"isInner":true,"elType":"container"},{"id":"3b87073","settings":{"content_width":"full","flex_gap":{"column":"0.8","row":"0.8","isLinked":true,"unit":"em","size":0},"flex_gap_tablet":{"column":"","row":"","isLinked":true,"unit":"em","size":null},"flex_gap_mobile":{"column":"","row":"","isLinked":true,"unit":"em","size":null},"padding":{"unit":"em","top":"1.5","right":"2","bottom":"1.5","left":"2","isLinked":false},"padding_tablet":{"unit":"em","top":"","right":"","bottom":"","left":"","isLinked":true},"padding_mobile":{"unit":"em","top":"","right":"","bottom":"","left":"","isLinked":true},"margin_mobile":{"unit":"em","top":"1","right":"0","bottom":"0","left":"0","isLinked":false}},"elements":[{"id":"63faee46","settings":{"selected_icon":{"value":"far fa-building","library":"fa-regular"},"size":{"unit":"em","size":1.6,"sizes":[]},"size_tablet":{"unit":"em","size":"","sizes":[]},"size_mobile":{"unit":"em","size":"","sizes":[]},"_element_custom_width":{"unit":"em","size":"","sizes":[]},"_element_custom_width_tablet":{"unit":"em","size":"","sizes":[]},"_element_custom_width_mobile":{"unit":"em","size":"","sizes":[]},"_background_gradient_position_tablet":"center center","_background_gradient_position_mobile":"center center","_background_hover_gradient_position_tablet":"center center","_background_hover_gradient_position_mobile":"center center"},"elements":[],"isInner":false,"widgetType":"icon","elType":"widget"},{"id":"6d245d22","settings":{"title":"Home Purchase","align":"center","__globals__":{"typography_typography":"globals\/typography?id=cd3e740"},"_background_gradient_position_tablet":"center center","_background_gradient_position_mobile":"center center","_background_hover_gradient_position_tablet":"center center","_background_hover_gradient_position_mobile":"center center"},"elements":[],"isInner":false,"widgetType":"heading","elType":"widget"},{"id":"1a674c92","settings":{"title":"Secure the keys to your new home with our tailored home purchase mortgage solutions, designed to fit your budget and lifestyle.","align":"center","__globals__":{"title_color":"globals\/colors?id=text","typography_typography":"globals\/typography?id=text"},"_background_gradient_position_tablet":"center center","_background_gradient_position_mobile":"center center","_background_hover_gradient_position_tablet":"center center","_background_hover_gradient_position_mobile":"center center"},"elements":[],"isInner":false,"widgetType":"heading","elType":"widget"}],"isInner":true,"elType":"container"},{"id":"edf4280","settings":{"content_width":"full","flex_gap":{"column":"0.8","row":"0.8","isLinked":true,"unit":"em","size":0},"flex_gap_tablet":{"column":"","row":"","isLinked":true,"unit":"em","size":null},"flex_gap_mobile":{"column":"","row":"","isLinked":true,"unit":"em","size":null},"padding":{"unit":"em","top":"1.5","right":"2","bottom":"1.5","left":"2","isLinked":false},"padding_tablet":{"unit":"em","top":"","right":"","bottom":"","left":"","isLinked":true},"padding_mobile":{"unit":"em","top":"","right":"","bottom":"","left":"","isLinked":true}},"elements":[{"id":"ce64a30","settings":{"selected_icon":{"value":"fas fa-calculator","library":"fa-solid"},"size":{"unit":"em","size":1.6,"sizes":[]},"size_tablet":{"unit":"em","size":"","sizes":[]},"size_mobile":{"unit":"em","size":"","sizes":[]},"_element_custom_width":{"unit":"em","size":"","sizes":[]},"_element_custom_width_tablet":{"unit":"em","size":"","sizes":[]},"_element_custom_width_mobile":{"unit":"em","size":"","sizes":[]},"_background_gradient_position_tablet":"center center","_background_gradient_position_mobile":"center center","_background_hover_gradient_position_tablet":"center center","_background_hover_gradient_position_mobile":"center center"},"elements":[],"isInner":false,"widgetType":"icon","elType":"widget"},{"id":"441f52dc","settings":{"title":"Refinance","align":"center","__globals__":{"typography_typography":"globals\/typography?id=cd3e740"},"_background_gradient_position_tablet":"center center","_background_gradient_position_mobile":"center center","_background_hover_gradient_position_tablet":"center center","_background_hover_gradient_position_mobile":"center center"},"elements":[],"isInner":false,"widgetType":"heading","elType":"widget"},{"id":"5f789e82","settings":{"title":"Whether you looking to lower your monthly payment or consolidate debt with a cash-out, our team is dedicated to providing you with the best options for your needs.","align":"center","__globals__":{"title_color":"globals\/colors?id=text","typography_typography":"globals\/typography?id=text"},"_background_gradient_position_tablet":"center center","_background_gradient_position_mobile":"center center","_background_hover_gradient_position_tablet":"center center","_background_hover_gradient_position_mobile":"center center"},"elements":[],"isInner":false,"widgetType":"heading","elType":"widget"}],"isInner":true,"elType":"container"},{"id":"39e9431b","settings":{"content_width":"full","flex_gap":{"column":"0.8","row":"0.8","isLinked":true,"unit":"em","size":0},"flex_gap_tablet":{"column":"","row":"","isLinked":true,"unit":"em","size":null},"flex_gap_mobile":{"column":"","row":"","isLinked":true,"unit":"em","size":null},"padding":{"unit":"em","top":"1.5","right":"2","bottom":"1.5","left":"2","isLinked":false},"padding_tablet":{"unit":"em","top":"","right":"","bottom":"","left":"","isLinked":true},"padding_mobile":{"unit":"em","top":"","right":"","bottom":"","left":"","isLinked":true}},"elements":[{"id":"647c8587","settings":{"selected_icon":{"value":"fas fa-wallet","library":"fa-solid"},"size":{"unit":"em","size":1.6,"sizes":[]},"size_tablet":{"unit":"em","size":"","sizes":[]},"size_mobile":{"unit":"em","size":"","sizes":[]},"_element_custom_width":{"unit":"em","size":"","sizes":[]},"_element_custom_width_tablet":{"unit":"em","size":"","sizes":[]},"_element_custom_width_mobile":{"unit":"em","size":"","sizes":[]},"_background_gradient_position_tablet":"center center","_background_gradient_position_mobile":"center center","_background_hover_gradient_position_tablet":"center center","_background_hover_gradient_position_mobile":"center center"},"elements":[],"isInner":false,"widgetType":"icon","elType":"widget"},{"id":"3e6b482d","settings":{"title":"Loan Options","align":"center","__globals__":{"typography_typography":"globals\/typography?id=cd3e740"},"_background_gradient_position_tablet":"center center","_background_gradient_position_mobile":"center center","_background_hover_gradient_position_tablet":"center center","_background_hover_gradient_position_mobile":"center center"},"elements":[],"isInner":false,"widgetType":"heading","elType":"widget"},{"id":"2485902c","settings":{"title":"Explore our diverse range of loan options, crafted to meet the unique needs of every homebuyer, from fixed-rate to adjustable-rate mortgages and more.","align":"center","__globals__":{"title_color":"globals\/colors?id=text","typography_typography":"globals\/typography?id=text"},"_background_gradient_position_tablet":"center center","_background_gradient_position_mobile":"center center","_background_hover_gradient_position_tablet":"center center","_background_hover_gradient_position_mobile":"center center"},"elements":[],"isInner":false,"widgetType":"heading","elType":"widget"}],"isInner":true,"elType":"container"}],"isInner":false,"elType":"container"},{"id":"1d790165","settings":{"flex_direction":"row","min_height":{"unit":"em","size":28,"sizes":[]},"min_height_tablet":{"unit":"em","size":"","sizes":[]},"min_height_mobile":{"unit":"em","size":"","sizes":[]},"background_background":"classic","background_image":{"url":"https:\/\/southernelitemtg.com\/wp-content\/uploads\/2024\/07\/compressed_shutterstock_1355029598.jpg","id":1187,"size":"","alt":"","source":"library"},"background_position":"center center","background_repeat":"no-repeat","background_size":"cover","background_overlay_background":"classic","background_overlay_opacity":{"unit":"px","size":0.6,"sizes":[]},"padding":{"unit":"em","top":"5","right":"8","bottom":"5","left":"8","isLinked":false},"padding_tablet":{"unit":"em","top":"","right":"","bottom":"","left":"","isLinked":true},"padding_mobile":{"unit":"em","top":"2","right":"1","bottom":"2","left":"1","isLinked":false},"__globals__":{"background_overlay_color":"globals\/colors?id=primary"},"flex_gap":{"column":"0","row":"0","isLinked":false,"unit":"px","size":0},"flex_align_items":"center"},"elements":[{"id":"3c7b2684","settings":{"content_width":"full","width":{"unit":"%","size":50,"sizes":[]},"width_tablet":{"unit":"em","size":"","sizes":[]},"width_mobile":{"unit":"em","size":"","sizes":[]},"_title":"Content","padding":{"unit":"em","top":"0","right":"1","bottom":"0","left":"0","isLinked":false},"padding_tablet":{"unit":"em","top":"","right":"","bottom":"","left":"","isLinked":true},"padding_mobile":{"unit":"em","top":"","right":"","bottom":"","left":"","isLinked":true}},"elements":[{"id":"5d4ffe65","settings":{"title":"Southern Elite Mortgage","__globals__":{"typography_typography":"globals\/typography?id=a30e13a","title_color":"globals\/colors?id=eb3d4e3"},"header_size":"p","title_color":"#FFFFFF","_background_gradient_position_tablet":"center center","_background_gradient_position_mobile":"center center","_background_hover_gradient_position_tablet":"center center","_background_hover_gradient_position_mobile":"center center"},"elements":[],"isInner":false,"widgetType":"heading","elType":"widget"},{"id":"1412b749","settings":{"title":"From Dreams to Keys","__globals__":{"typography_typography":"globals\/typography?id=primary","title_color":"globals\/colors?id=1c15ecc"},"_background_gradient_position_tablet":"center center","_background_gradient_position_mobile":"center center","_background_hover_gradient_position_tablet":"center center","_background_hover_gradient_position_mobile":"center center"},"elements":[],"isInner":false,"widgetType":"heading","elType":"widget"},{"id":"65dce525","settings":{"title":"Whether you're a first-time homebuyer or looking to refinance, our team of experienced professionals is here to guide you through every step of the process.","__globals__":{"typography_typography":"globals\/typography?id=text","title_color":"globals\/colors?id=1c15ecc"},"header_size":"p","title_color":"#FFFFFF","_background_gradient_position_tablet":"center center","_background_gradient_position_mobile":"center center","_background_hover_gradient_position_tablet":"center center","_background_hover_gradient_position_mobile":"center center"},"elements":[],"isInner":false,"widgetType":"heading","elType":"widget"},{"id":"829bd88","settings":{"text":"Apply Today","border_radius":{"unit":"px","top":"0","right":"0","bottom":"0","left":"0","isLinked":false},"text_padding":{"unit":"em","top":"0.7","right":"1.3","bottom":"0.7","left":"1.3","isLinked":false},"text_padding_tablet":{"unit":"em","top":"","right":"","bottom":"","left":"","isLinked":true},"text_padding_mobile":{"unit":"em","top":"","right":"","bottom":"","left":"","isLinked":true},"_margin":{"unit":"em","top":"1","right":"0","bottom":"0","left":"0","isLinked":false},"_margin_tablet":{"unit":"em","top":"","right":"","bottom":"","left":"","isLinked":true},"_margin_mobile":{"unit":"em","top":"","right":"","bottom":"","left":"","isLinked":true},"__globals__":{"background_color":"globals\/colors?id=accent","button_background_hover_color":"globals\/colors?id=eb3d4e3","button_text_color":"globals\/colors?id=1c15ecc","hover_color":"globals\/colors?id=primary"},"_background_gradient_position_tablet":"center center","_background_gradient_position_mobile":"center center","_background_hover_gradient_position_tablet":"center center","_background_hover_gradient_position_mobile":"center center"},"elements":[],"isInner":false,"widgetType":"button","elType":"widget"}],"isInner":true,"elType":"container"},{"id":"4793d6cb","settings":{"content_width":"full","width":{"unit":"%","size":50,"sizes":[]},"flex_direction":"row","flex_align_items":"center","padding":{"unit":"em","top":"0","right":"0","bottom":"0","left":"1","isLinked":false},"padding_tablet":{"unit":"em","top":"","right":"","bottom":"","left":"","isLinked":true},"padding_mobile":{"unit":"em","top":"","right":"","bottom":"","left":"","isLinked":true}},"elements":[],"isInner":true,"elType":"container"}],"isInner":false,"elType":"container"},{"id":"7751f458","settings":{"flex_direction":"row","flex_gap":{"unit":"px","size":0,"column":"0","row":"0"},"content_width":"full","box_shadow_box_shadow":{"horizontal":0,"vertical":40,"blur":10,"spread":0,"color":"rgba(0,0,0,0.5)"},"margin":{"unit":"em","top":"","right":"","bottom":"","left":"","isLinked":true},"margin_tablet":{"unit":"em","top":"","right":"","bottom":"","left":"","isLinked":true},"margin_mobile":{"unit":"em","top":"","right":"","bottom":"","left":"","isLinked":true},"padding":{"unit":"em","top":"0","right":"0","bottom":"4","left":"0","isLinked":false},"padding_tablet":{"unit":"em","top":"","right":"","bottom":"","left":"","isLinked":true},"padding_mobile":{"unit":"em","top":"3","right":"1","bottom":"3","left":"1","isLinked":false},"__globals__":{"background_color":"globals\/colors?id=secondary"}},"elements":[{"id":"1c6ab96d","settings":{"flex_direction":"row","flex_gap":{"unit":"px","size":0,"column":"0","row":"0"},"background_background":"classic","box_shadow_box_shadow_type":"yes","box_shadow_box_shadow":{"horizontal":0,"vertical":5,"blur":30,"spread":-10,"color":"rgba(0, 0, 0, 0.15)"},"padding":{"unit":"em","top":"0","right":"8","bottom":"0","left":"8","isLinked":false},"padding_tablet":{"unit":"em","top":"","right":"","bottom":"","left":"","isLinked":true},"padding_mobile":{"unit":"em","top":"0","right":"0","bottom":"0","left":"0","isLinked":false},"__globals__":{"background_color":"globals\/colors?id=1c15ecc"}},"elements":[{"id":"6c2c6f24","settings":{"flex_direction":"row","content_width":"full","width":{"unit":"%","size":"50"},"flex_gap":{"column":"0.5","row":"0.5","isLinked":true,"unit":"em","size":0},"flex_gap_tablet":{"column":"","row":"","isLinked":true,"unit":"em","size":null},"flex_gap_mobile":{"column":"","row":"","isLinked":true,"unit":"em","size":null},"border_border":"dashed","border_width":{"unit":"px","top":"0","right":"1","bottom":"0","left":"0","isLinked":false},"padding":{"unit":"em","top":"2.4","right":"2.4","bottom":"2.4","left":"0","isLinked":false},"padding_tablet":{"unit":"em","top":"","right":"","bottom":"","left":"","isLinked":true},"padding_mobile":{"unit":"em","top":"2","right":"2","bottom":"2","left":"2","isLinked":true},"__globals__":{"border_color":"globals\/colors?id=829f2c7"},"_title":"Card"},"elements":[{"id":"1664fd2a","settings":{"content_width":"full","flex_gap":{"column":"","row":"","isLinked":true,"unit":"em","size":null},"flex_gap_tablet":{"column":"","row":"","isLinked":true,"unit":"em","size":null},"flex_gap_mobile":{"column":"","row":"","isLinked":true,"unit":"em","size":null},"padding":{"unit":"em","top":"","right":"","bottom":"","left":"","isLinked":true},"padding_tablet":{"unit":"em","top":"","right":"","bottom":"","left":"","isLinked":true},"padding_mobile":{"unit":"em","top":"","right":"","bottom":"","left":"","isLinked":true},"width":{"unit":"em","size":4,"sizes":[]},"width_tablet":{"unit":"em","size":"","sizes":[]},"width_mobile":{"unit":"em","size":"","sizes":[]}},"elements":[{"id":"427cd0ae","settings":{"selected_icon":{"value":"far fa-lightbulb","library":"fa-regular"},"size":{"unit":"em","size":2.4,"sizes":[]},"size_tablet":{"unit":"em","size":"","sizes":[]},"size_mobile":{"unit":"em","size":"","sizes":[]},"_element_custom_width":{"unit":"em","size":"","sizes":[]},"_element_custom_width_tablet":{"unit":"em","size":"","sizes":[]},"_element_custom_width_mobile":{"unit":"em","size":"","sizes":[]},"_background_gradient_position_tablet":"center center","_background_gradient_position_mobile":"center center","_background_hover_gradient_position_tablet":"center center","_background_hover_gradient_position_mobile":"center center","__globals__":{"primary_color":"globals\/colors?id=secondary"}},"elements":[],"isInner":false,"widgetType":"icon","elType":"widget"}],"isInner":true,"elType":"container"},{"id":"307e3117","settings":{"flex_gap":{"column":"0.5","row":"0.5","isLinked":true,"unit":"em","size":0},"flex_gap_tablet":{"column":"","row":"","isLinked":true,"unit":"em","size":null},"flex_gap_mobile":{"column":"","row":"","isLinked":true,"unit":"em","size":null},"flex_align_items_mobile":"center"},"elements":[{"id":"4347ccd6","settings":{"title":"Vision","__globals__":{"typography_typography":"globals\/typography?id=cd3e740"},"_background_gradient_position_tablet":"center center","_background_gradient_position_mobile":"center center","_background_hover_gradient_position_tablet":"center center","_background_hover_gradient_position_mobile":"center center"},"elements":[],"isInner":false,"widgetType":"heading","elType":"widget"},{"id":"66b3f5d7","settings":{"title":"Our vision is to empower clients to achieve their dreams of homeownership by providing exceptional service and acting as a dedicated partner throughout their journey.","__globals__":{"title_color":"globals\/colors?id=text","typography_typography":"globals\/typography?id=text"},"_background_gradient_position_tablet":"center center","_background_gradient_position_mobile":"center center","_background_hover_gradient_position_tablet":"center center","_background_hover_gradient_position_mobile":"center center","align_mobile":"center"},"elements":[],"isInner":false,"widgetType":"heading","elType":"widget"}],"isInner":true,"elType":"container"}],"isInner":true,"elType":"container"},{"id":"4d907e15","settings":{"flex_direction":"row","content_width":"full","width":{"unit":"%","size":"50"},"flex_gap":{"column":"0.5","row":"0.5","isLinked":true,"unit":"em","size":0},"flex_gap_tablet":{"column":"","row":"","isLinked":true,"unit":"em","size":null},"flex_gap_mobile":{"column":"","row":"","isLinked":true,"unit":"em","size":null},"border_width":{"unit":"px","top":"0","right":"1","bottom":"0","left":"0","isLinked":false},"padding":{"unit":"em","top":"2.4","right":"2.4","bottom":"2.4","left":"0","isLinked":false},"padding_tablet":{"unit":"em","top":"","right":"","bottom":"","left":"","isLinked":true},"padding_mobile":{"unit":"em","top":"2","right":"2","bottom":"2","left":"2","isLinked":true},"__globals__":{"border_color":"globals\/colors?id=829f2c7"},"_title":"Card","border_border":"dashed"},"elements":[{"id":"57ed4a82","settings":{"content_width":"full","flex_gap":{"column":"","row":"","isLinked":true,"unit":"em","size":null},"flex_gap_tablet":{"column":"","row":"","isLinked":true,"unit":"em","size":null},"flex_gap_mobile":{"column":"","row":"","isLinked":true,"unit":"em","size":null},"padding":{"unit":"em","top":"","right":"","bottom":"","left":"","isLinked":true},"padding_tablet":{"unit":"em","top":"","right":"","bottom":"","left":"","isLinked":true},"padding_mobile":{"unit":"em","top":"","right":"","bottom":"","left":"","isLinked":true},"width":{"unit":"em","size":4,"sizes":[]},"width_tablet":{"unit":"em","size":"","sizes":[]},"width_mobile":{"unit":"em","size":"","sizes":[]}},"elements":[{"id":"4d0a2e3f","settings":{"selected_icon":{"value":"fas fa-bullseye","library":"fa-solid"},"size":{"unit":"em","size":2.4,"sizes":[]},"size_tablet":{"unit":"em","size":"","sizes":[]},"size_mobile":{"unit":"em","size":"","sizes":[]},"_element_custom_width":{"unit":"em","size":"","sizes":[]},"_element_custom_width_tablet":{"unit":"em","size":"","sizes":[]},"_element_custom_width_mobile":{"unit":"em","size":"","sizes":[]},"_background_gradient_position_tablet":"center center","_background_gradient_position_mobile":"center center","_background_hover_gradient_position_tablet":"center center","_background_hover_gradient_position_mobile":"center center","__globals__":{"primary_color":"globals\/colors?id=secondary"}},"elements":[],"isInner":false,"widgetType":"icon","elType":"widget"}],"isInner":true,"elType":"container"},{"id":"6795b728","settings":{"flex_gap":{"column":"0.5","row":"0.5","isLinked":true,"unit":"em","size":0},"flex_gap_tablet":{"column":"","row":"","isLinked":true,"unit":"em","size":null},"flex_gap_mobile":{"column":"","row":"","isLinked":true,"unit":"em","size":null},"flex_align_items_mobile":"center"},"elements":[{"id":"36717ae6","settings":{"title":"Mission","__globals__":{"typography_typography":"globals\/typography?id=cd3e740"},"_background_gradient_position_tablet":"center center","_background_gradient_position_mobile":"center center","_background_hover_gradient_position_tablet":"center center","_background_hover_gradient_position_mobile":"center center"},"elements":[],"isInner":false,"widgetType":"heading","elType":"widget"},{"id":"27a38183","settings":{"title":"At Southern Elite, our mission is to provide unparalleled mortgage solutions that empower our clients to achieve their dreams of homeownership. We are committed to delivering exceptional service, personalized guidance, and innovative financial products, fostering lasting relationships and enriching the communities we serve.","__globals__":{"title_color":"globals\/colors?id=text","typography_typography":"globals\/typography?id=text"},"_background_gradient_position_tablet":"center center","_background_gradient_position_mobile":"center center","_background_hover_gradient_position_tablet":"center center","_background_hover_gradient_position_mobile":"center center","align_mobile":"center"},"elements":[],"isInner":false,"widgetType":"heading","elType":"widget"}],"isInner":true,"elType":"container"}],"isInner":true,"elType":"container"}],"isInner":true,"elType":"container"}],"isInner":false,"elType":"container"},{"id":"1f4ebaef","settings":{"flex_direction":"column","background_image":{"url":"","id":"","size":"","alt":"","source":"library"},"background_position":"center center","padding":{"unit":"em","top":"2","right":"8","bottom":"5","left":"8","isLinked":false},"padding_tablet":{"unit":"em","top":"","right":"","bottom":"","left":"","isLinked":true},"padding_mobile":{"unit":"em","top":"0","right":"1","bottom":"3","left":"1","isLinked":false},"__globals__":{"background_color":"globals\/colors?id=secondary"},"flex_align_items":"center"},"elements":[{"id":"65660e91","settings":{"content_width":"full","width":{"unit":"em","size":40,"sizes":[]},"width_tablet":{"unit":"em","size":"","sizes":[]},"width_mobile":{"unit":"em","size":"","sizes":[]},"flex_align_items":"center","flex_gap":{"column":"","row":"","isLinked":true,"unit":"em","size":null},"flex_gap_tablet":{"column":"","row":"","isLinked":true,"unit":"em","size":null},"flex_gap_mobile":{"column":"","row":"","isLinked":true,"unit":"em","size":null}},"elements":[{"id":"88cd9da","settings":{"title":"Meet the Team","__globals__":{"typography_typography":"globals\/typography?id=a30e13a","title_color":"globals\/colors?id=secondary"},"align":"center","header_size":"p","title_color":"#FFFFFF"},"elements":[],"isInner":false,"widgetType":"heading","elType":"widget"},{"id":"16c8ed81","settings":{"title":"Elite Team RVA: Your Lender for Life","__globals__":{"typography_typography":"globals\/typography?id=primary","title_color":"globals\/colors?id=primary"},"align":"center"},"elements":[],"isInner":false,"widgetType":"heading","elType":"widget"},{"id":"2d586c97","settings":{"title":"Our team of dedicated loan officers combining experience and commitment to each client","__globals__":{"typography_typography":"globals\/typography?id=text","title_color":"globals\/colors?id=text"},"align":"center","header_size":"p","title_color":"#FFFFFF"},"elements":[],"isInner":false,"widgetType":"heading","elType":"widget"}],"isInner":true,"elType":"container"},{"id":"6d395b71","settings":{"lisitng_id":"949","columns":"3","not_found_message":"No data was found","posts_query":[],"terms_meta_query":[],"users_meta_query":[],"_element_width":"inherit","posts_num":4,"horizontal_gap":{"unit":"em","size":1,"sizes":[]},"horizontal_gap_tablet":{"unit":"em","size":"","sizes":[]},"horizontal_gap_mobile":{"unit":"em","size":"","sizes":[]},"vertical_gap":{"unit":"em","size":1,"sizes":[]},"vertical_gap_tablet":{"unit":"em","size":"","sizes":[]},"vertical_gap_mobile":{"unit":"em","size":"","sizes":[]},"_margin":{"unit":"em","top":"0.5","right":"0","bottom":"0","left":"0","isLinked":false},"_margin_tablet":{"unit":"em","top":"","right":"","bottom":"","left":"","isLinked":true},"_margin_mobile":{"unit":"em","top":"","right":"","bottom":"","left":"","isLinked":true},"columns_mobile":"1"},"elements":[],"isInner":false,"widgetType":"jet-listing-grid","elType":"widget"}],"isInner":false,"elType":"container"},{"id":"4f3556f0","settings":{"flex_direction":"row","flex_align_items":"center","padding":{"unit":"em","top":"0","right":"8","bottom":"0","left":"8","isLinked":false},"padding_tablet":{"unit":"em","top":"","right":"","bottom":"","left":"","isLinked":true},"padding_mobile":{"unit":"em","top":"0","right":"1","bottom":"3","left":"1","isLinked":false}},"elements":[{"id":"5f91945a","settings":{"content_width":"full","flex_direction":"row","flex_align_items":"center","border_border":"solid","border_width":{"unit":"px","top":"1","right":"0","bottom":"0","left":"0","isLinked":false},"padding":{"unit":"em","top":"2.4","right":"0","bottom":"2.4","left":"0","isLinked":false},"padding_tablet":{"unit":"em","top":"","right":"","bottom":"","left":"","isLinked":true},"padding_mobile":{"unit":"em","top":"","right":"","bottom":"","left":"","isLinked":true},"__globals__":{"border_color":"globals\/colors?id=829f2c7"}},"elements":[{"id":"55739c24","settings":{"title":"Our Partners :","align":"center","title_color":"#FFFFFF","typography_typography":"custom","typography_font_family":"Raleway","typography_font_size":{"unit":"em","size":1.4,"sizes":[]},"typography_font_size_tablet":{"unit":"rem","size":"","sizes":[]},"typography_font_size_mobile":{"unit":"rem","size":"","sizes":[]},"typography_font_weight":"700","typography_line_height":{"unit":"em","size":1.3,"sizes":[]},"_flex_size":"grow","__globals__":{"typography_typography":"","title_color":"globals\/colors?id=text"}},"elements":[],"isInner":false,"widgetType":"heading","elType":"widget"},{"id":"36e3ce1","settings":{"slides":[{"image":{"url":"https:\/\/southernelitemtg.com\/wp-content\/uploads\/2024\/07\/Brand-3-1.png","id":886,"alt":"","source":"library","size":""},"_id":"986e869"},{"image":{"url":"https:\/\/southernelitemtg.com\/wp-content\/uploads\/2024\/07\/Brand-4-1.png","id":889,"alt":"","source":"library","size":""},"_id":"dc9a25b"},{"image":{"url":"https:\/\/southernelitemtg.com\/wp-content\/uploads\/2024\/07\/Brand-5-1.png","id":887,"alt":"","source":"library","size":""},"_id":"ec2e8f5"},{"image":{"url":"https:\/\/southernelitemtg.com\/wp-content\/uploads\/2024\/07\/Brand-1-1.png","id":890,"alt":"","source":"library","size":""},"_id":"fc5e1d9"},{"image":{"url":"https:\/\/southernelitemtg.com\/wp-content\/uploads\/2024\/07\/Brand-5-1.png","id":887,"alt":"","source":"library","size":""},"_id":"0c3e8fa"}],"slides_per_view":"4","slides_to_scroll":"1","height":{"unit":"em","size":2.5,"sizes":[]},"height_tablet":{"unit":"em","size":"","sizes":[]},"height_mobile":{"unit":"em","size":"","sizes":[]},"show_arrows":"","pagination":"","image_fit":"contain","slides_per_view_mobile":"2","slides_to_scroll_mobile":"2"},"elements":[],"isInner":false,"widgetType":"media-carousel","elType":"widget"}],"isInner":true,"elType":"container"}],"isInner":false,"elType":"container"}],"settings":{"template":"elementor_header_footer"},"metadata":[]}