{"content":[{"id":"5981fe58","settings":{"flex_direction":"column","min_height":{"unit":"em","size":28,"sizes":[]},"min_height_tablet":{"unit":"em","size":"","sizes":[]},"min_height_mobile":{"unit":"em","size":"","sizes":[]},"flex_justify_content":"center","flex_align_items":"center","background_background":"classic","background_image":{"url":"https:\/\/southernelitemtg.com\/wp-content\/uploads\/2024\/07\/compressed_shutterstock_2022462221.jpg","id":1221,"size":"","alt":"","source":"library"},"background_position":"center center","background_repeat":"no-repeat","background_size":"cover","background_overlay_background":"classic","background_overlay_opacity":{"unit":"px","size":0.35,"sizes":[]},"padding":{"unit":"em","top":"5","right":"8","bottom":"5","left":"8","isLinked":false},"padding_tablet":{"unit":"em","top":"","right":"","bottom":"","left":"","isLinked":true},"padding_mobile":{"unit":"em","top":"2","right":"1","bottom":"2","left":"1","isLinked":false},"__globals__":{"background_overlay_color":"globals\/colors?id=5590b3c"},"jedv_conditions":[{"_id":"539f7fe"}]},"elements":[{"id":"72866fd0","settings":{"content_width":"full","width":{"unit":"em","size":36,"sizes":[]},"width_tablet":{"unit":"em","size":"","sizes":[]},"width_mobile":{"unit":"em","size":"","sizes":[]},"flex_align_items":"center","_title":"Content","jedv_conditions":[{"_id":"658fbf5"}]},"elements":[{"id":"68ec657c","settings":{"selected_icon":{"value":"fas fa-home","library":"fa-solid"},"view":"stacked","shape":"square","size":{"unit":"em","size":1.4,"sizes":[]},"size_tablet":{"unit":"em","size":"","sizes":[]},"size_mobile":{"unit":"em","size":"","sizes":[]},"icon_padding":{"unit":"rem","size":1,"sizes":[]},"__globals__":{"primary_color":"globals\/colors?id=eb3d4e3","secondary_color":"globals\/colors?id=text"},"jedv_conditions":[{"_id":"55d0b3c"}]},"elements":[],"isInner":false,"widgetType":"icon","elType":"widget"},{"id":"7bf4ae1","settings":{"title":"Simply your Mortgage Journey with Southern Elite Mortgage","__globals__":{"typography_typography":"globals\/typography?id=primary","title_color":"globals\/colors?id=1c15ecc"},"align":"center","jedv_conditions":[{"_id":"94f1ae5"}]},"elements":[],"isInner":false,"widgetType":"heading","elType":"widget"},{"id":"2156c700","settings":{"title":" From Dreams to Keys, Unlock your dream home today.","__globals__":{"typography_typography":"","title_color":"globals\/colors?id=1c15ecc"},"align":"center","header_size":"p","title_color":"#FFFFFF","typography_typography":"custom","typography_font_family":"Inter","typography_font_size":{"unit":"em","size":0.85,"sizes":[]},"typography_font_weight":"500","typography_line_height":{"unit":"em","size":1.4,"sizes":[]},"jedv_conditions":[{"_id":"0a6b819"}]},"elements":[],"isInner":false,"widgetType":"heading","elType":"widget"},{"id":"3511e0be","settings":{"text":"Apply Online","border_radius":{"unit":"px","top":"0","right":"0","bottom":"0","left":"0","isLinked":false},"text_padding":{"unit":"em","top":"0.7","right":"1.3","bottom":"0.7","left":"1.3","isLinked":false},"text_padding_tablet":{"unit":"em","top":"","right":"","bottom":"","left":"","isLinked":true},"text_padding_mobile":{"unit":"em","top":"","right":"","bottom":"","left":"","isLinked":true},"_margin":{"unit":"em","top":"1","right":"0","bottom":"0","left":"0","isLinked":false},"_margin_tablet":{"unit":"em","top":"","right":"","bottom":"","left":"","isLinked":true},"_margin_mobile":{"unit":"em","top":"","right":"","bottom":"","left":"","isLinked":true},"__globals__":{"background_color":"globals\/colors?id=accent","button_background_hover_color":"globals\/colors?id=eb3d4e3"},"jedv_conditions":[{"_id":"c55b3ab"}],"link":{"url":"https:\/\/eliteteamrva.my1003app.com\/2349520\/register?time=1722875945626","is_external":"on","nofollow":"","custom_attributes":""}},"elements":[],"isInner":false,"widgetType":"button","elType":"widget"}],"isInner":true,"elType":"container"}],"isInner":false,"elType":"container"},{"id":"40d875a","settings":{"flex_direction":"column","min_height":{"unit":"em","size":28,"sizes":[]},"min_height_tablet":{"unit":"em","size":"","sizes":[]},"min_height_mobile":{"unit":"em","size":"","sizes":[]},"flex_justify_content":"center","flex_align_items":"center","background_image":{"url":"","id":"","size":"","alt":"","source":"library"},"background_position":"center center","background_repeat":"no-repeat","background_size":"cover","background_overlay_opacity":{"unit":"px","size":0.35,"sizes":[]},"padding":{"unit":"em","top":"5","right":"6","bottom":"5","left":"6","isLinked":false},"padding_tablet":{"unit":"em","top":"","right":"","bottom":"","left":"","isLinked":true},"padding_mobile":{"unit":"em","top":"2","right":"1","bottom":"2","left":"1","isLinked":false},"__globals__":{"background_overlay_color":"globals\/colors?id=5590b3c"},"jedv_conditions":[{"_id":"649f28f"}]},"elements":[{"id":"155c78a4","settings":{"content_width":"full","width":{"unit":"em","size":53,"sizes":[]},"width_tablet":{"unit":"em","size":"","sizes":[]},"width_mobile":{"unit":"em","size":"","sizes":[]},"flex_align_items":"center","_title":"Content","jedv_conditions":[{"_id":"21482d3"}]},"elements":[{"id":"1630cc8b","settings":{"title":" Loan Process","__globals__":{"typography_typography":"globals\/typography?id=a30e13a","title_color":"globals\/colors?id=secondary"},"align":"center","header_size":"p","title_color":"#FFFFFF","jedv_conditions":[{"_id":"26a2962"}]},"elements":[],"isInner":false,"widgetType":"heading","elType":"widget"},{"id":"9aa5bbd","settings":{"title":"From Start to Finish, Making Home Happen","__globals__":{"typography_typography":"globals\/typography?id=primary","title_color":"globals\/colors?id=primary"},"align":"center","jedv_conditions":[{"_id":"5598324"}]},"elements":[],"isInner":false,"widgetType":"heading","elType":"widget"},{"id":"6823adda","settings":{"title":"We believe in clear communication and providing you with all the information you need to make informed decisions about your mortgage.","__globals__":{"typography_typography":"globals\/typography?id=text","title_color":"globals\/colors?id=text"},"align":"center","header_size":"p","title_color":"#FFFFFF","jedv_conditions":[{"_id":"ec26cd3"}]},"elements":[],"isInner":false,"widgetType":"heading","elType":"widget"}],"isInner":true,"elType":"container"},{"id":"654357ca","settings":{"content_width":"full","flex_direction":"row","flex_gap":{"column":"1.4","row":"1.4","isLinked":true,"unit":"em","size":1},"flex_gap_tablet":{"column":"","row":"","isLinked":true,"unit":"em","size":null},"flex_gap_mobile":{"column":"","row":"","isLinked":true,"unit":"em","size":null},"margin":{"unit":"em","top":"1","right":"0","bottom":"0","left":"0","isLinked":false},"margin_tablet":{"unit":"em","top":"","right":"","bottom":"","left":"","isLinked":true},"margin_mobile":{"unit":"em","top":"","right":"","bottom":"","left":"","isLinked":true},"_title":"Cards","jedv_conditions":[{"_id":"b36a923"}]},"elements":[{"id":"6006649e","settings":{"content_width":"full","border_border":"dashed","border_width":{"unit":"px","top":"2","right":"2","bottom":"2","left":"2","isLinked":true},"_title":"Item","__globals__":{"border_color":"globals\/colors?id=829f2c7"},"padding":{"unit":"em","top":"1.4","right":"1.4","bottom":"1.4","left":"1.4","isLinked":true},"padding_tablet":{"unit":"em","top":"","right":"","bottom":"","left":"","isLinked":true},"padding_mobile":{"unit":"em","top":"","right":"","bottom":"","left":"","isLinked":true},"jedv_conditions":[{"_id":"25a4744"}]},"elements":[{"id":"1f9c75f6","settings":{"title":"Step 1","_padding":{"unit":"em","top":"0.4","right":"1.2","bottom":"0.4","left":"1.2","isLinked":false},"_padding_tablet":{"unit":"em","top":"","right":"","bottom":"","left":"","isLinked":true},"_padding_mobile":{"unit":"em","top":"","right":"","bottom":"","left":"","isLinked":true},"_flex_align_self":"flex-start","_background_background":"classic","__globals__":{"_background_color":"globals\/colors?id=eb3d4e3","typography_typography":"globals\/typography?id=accent","title_color":"globals\/colors?id=1c15ecc"},"_position":"absolute","_offset_orientation_h":"end","_offset_x_end":{"unit":"px","size":-2,"sizes":[]},"_offset_y":{"unit":"px","size":-2,"sizes":[]},"_title":"Step","jedv_conditions":[{"_id":"60f3715"}]},"elements":[],"isInner":false,"widgetType":"heading","elType":"widget"},{"id":"4d92c52","settings":{"selected_icon":{"value":"far fa-sticky-note","library":"fa-regular"},"align":"left","size":{"unit":"em","size":1.8,"sizes":[]},"size_tablet":{"unit":"em","size":"","sizes":[]},"size_mobile":{"unit":"em","size":"","sizes":[]},"__globals__":{"primary_color":"globals\/colors?id=secondary"},"jedv_conditions":[{"_id":"49b1401"}]},"elements":[],"isInner":false,"widgetType":"icon","elType":"widget"},{"id":"528ca0c7","settings":{"title":"Consultation & Application","__globals__":{"typography_typography":"globals\/typography?id=secondary","title_color":"globals\/colors?id=primary"},"title_color":"#232323","header_size":"h4","jedv_conditions":[{"_id":"741338b"}]},"elements":[],"isInner":false,"widgetType":"heading","elType":"widget"},{"id":"247f0dc8","settings":{"title":"Streamlined and straightforward. Easy online and mobile application built to allow our clients to feel secure and add flexibility. ","__globals__":{"typography_typography":"globals\/typography?id=text","title_color":"globals\/colors?id=text"},"header_size":"p","title_color":"#FFFFFF","jedv_conditions":[{"_id":"aba6f92"}],"_padding":{"unit":"em","top":"0","right":"0","bottom":"1.3","left":"0","isLinked":false},"_padding_tablet":{"unit":"em","top":"","right":"","bottom":"","left":"","isLinked":true},"_padding_mobile":{"unit":"em","top":"","right":"","bottom":"","left":"","isLinked":true}},"elements":[],"isInner":false,"widgetType":"heading","elType":"widget"},{"id":"a64f4dc","settings":{"text":"Apply Online","border_radius":{"unit":"px","top":"0","right":"0","bottom":"0","left":"0","isLinked":false},"text_padding":{"unit":"em","top":"0.7","right":"1","bottom":"0.7","left":"1","isLinked":false},"text_padding_tablet":{"unit":"em","top":"","right":"","bottom":"","left":"","isLinked":true},"text_padding_mobile":{"unit":"em","top":"","right":"","bottom":"","left":"","isLinked":true},"_margin":{"unit":"em","top":"0","right":"0","bottom":"0","left":"0","isLinked":false},"_margin_tablet":{"unit":"em","top":"","right":"","bottom":"","left":"","isLinked":true},"_margin_mobile":{"unit":"em","top":"","right":"","bottom":"","left":"","isLinked":true},"__globals__":{"background_color":"globals\/colors?id=accent","button_background_hover_color":"globals\/colors?id=eb3d4e3"},"align":"justify","jedv_conditions":[{"_id":"a8b32ae"}],"link":{"url":"https:\/\/eliteteamrva.my1003app.com\/2349520\/register?time=1722875945626","is_external":"on","nofollow":"","custom_attributes":""}},"elements":[],"isInner":false,"widgetType":"button","elType":"widget"}],"isInner":true,"elType":"container"},{"id":"1810fad9","settings":{"content_width":"full","border_border":"dashed","border_width":{"unit":"px","top":"2","right":"2","bottom":"2","left":"2","isLinked":true},"_title":"Item","__globals__":{"border_color":"globals\/colors?id=829f2c7"},"padding":{"unit":"em","top":"1.4","right":"1.4","bottom":"1.4","left":"1.4","isLinked":true},"padding_tablet":{"unit":"em","top":"","right":"","bottom":"","left":"","isLinked":true},"padding_mobile":{"unit":"em","top":"","right":"","bottom":"","left":"","isLinked":true},"jedv_conditions":[{"_id":"e33de38"}]},"elements":[{"id":"6095573e","settings":{"title":"Step 2","_padding":{"unit":"em","top":"0.4","right":"1.2","bottom":"0.4","left":"1.2","isLinked":false},"_padding_tablet":{"unit":"em","top":"","right":"","bottom":"","left":"","isLinked":true},"_padding_mobile":{"unit":"em","top":"","right":"","bottom":"","left":"","isLinked":true},"_flex_align_self":"flex-start","_background_background":"classic","__globals__":{"_background_color":"globals\/colors?id=eb3d4e3","typography_typography":"globals\/typography?id=accent","title_color":"globals\/colors?id=1c15ecc"},"_position":"absolute","_offset_orientation_h":"end","_offset_x_end":{"unit":"px","size":-2,"sizes":[]},"_offset_y":{"unit":"px","size":-2,"sizes":[]},"_title":"Step","jedv_conditions":[{"_id":"bbf0bc6"}]},"elements":[],"isInner":false,"widgetType":"heading","elType":"widget"},{"id":"4379aba6","settings":{"selected_icon":{"value":"far fa-compass","library":"fa-regular"},"align":"left","size":{"unit":"em","size":1.8,"sizes":[]},"size_tablet":{"unit":"em","size":"","sizes":[]},"size_mobile":{"unit":"em","size":"","sizes":[]},"__globals__":{"primary_color":"globals\/colors?id=secondary"},"jedv_conditions":[{"_id":"7905dbc"}]},"elements":[],"isInner":false,"widgetType":"icon","elType":"widget"},{"id":"2f23679a","settings":{"title":" Supporting Documentation","__globals__":{"typography_typography":"globals\/typography?id=secondary","title_color":"globals\/colors?id=primary"},"title_color":"#232323","header_size":"h4","jedv_conditions":[{"_id":"bb4ef4f"}]},"elements":[],"isInner":false,"widgetType":"heading","elType":"widget"},{"id":"521a9e30","settings":{"title":"Click the link below for a standard punchlist of documentation needed for Underwriting approval.","__globals__":{"typography_typography":"","title_color":"globals\/colors?id=text"},"header_size":"p","title_color":"#263E52","jedv_conditions":[{"_id":"2d2733d"}],"typography_typography":"custom","typography_font_family":"Inter","typography_font_size":{"unit":"em","size":0.85,"sizes":[]},"typography_font_weight":"400","typography_line_height":{"unit":"em","size":1.4,"sizes":[]},"_padding":{"unit":"em","top":"0","right":"0","bottom":"2.5","left":"0","isLinked":false},"_padding_tablet":{"unit":"em","top":"","right":"","bottom":"","left":"","isLinked":true},"_padding_mobile":{"unit":"em","top":"","right":"","bottom":"","left":"","isLinked":true},"_element_custom_width":{"unit":"%","size":100,"sizes":[]}},"elements":[],"isInner":false,"widgetType":"heading","elType":"widget"},{"id":"206a6f5d","settings":{"content_width":"full","margin":{"unit":"em","top":"0","right":"0","bottom":"0","left":"0","isLinked":false},"margin_tablet":{"unit":"em","top":"","right":"","bottom":"","left":"","isLinked":true},"margin_mobile":{"unit":"em","top":"","right":"","bottom":"","left":"","isLinked":true},"padding":{"unit":"em","top":"0","right":"0","bottom":"0","left":"0","isLinked":false},"padding_tablet":{"unit":"em","top":"","right":"","bottom":"","left":"","isLinked":true},"padding_mobile":{"unit":"em","top":"","right":"","bottom":"","left":"","isLinked":true},"jedv_conditions":[{"_id":"226ea48"}]},"elements":[{"id":"27765a60","settings":{"text":"Download PDF","border_radius":{"unit":"px","top":"0","right":"0","bottom":"0","left":"0","isLinked":false},"text_padding":{"unit":"em","top":"0.7","right":"1","bottom":"0.7","left":"1","isLinked":false},"text_padding_tablet":{"unit":"em","top":"","right":"","bottom":"","left":"","isLinked":true},"text_padding_mobile":{"unit":"em","top":"","right":"","bottom":"","left":"","isLinked":true},"_margin":{"unit":"em","top":"0","right":"0","bottom":"0","left":"0","isLinked":false},"_margin_tablet":{"unit":"em","top":"","right":"","bottom":"","left":"","isLinked":true},"_margin_mobile":{"unit":"em","top":"","right":"","bottom":"","left":"","isLinked":true},"__globals__":{"background_color":"globals\/colors?id=accent","button_background_hover_color":"globals\/colors?id=eb3d4e3"},"align":"justify","jedv_conditions":[{"_id":"08dfa13"}],"_offset_x":{"size":55,"unit":"px"},"_offset_y":{"size":225,"unit":"px"},"content_width":"full"},"elements":[],"isInner":false,"widgetType":"button","elType":"widget"}],"isInner":true,"elType":"container"}],"isInner":true,"elType":"container"},{"id":"652655e4","settings":{"content_width":"full","border_border":"dashed","border_width":{"unit":"px","top":"2","right":"2","bottom":"2","left":"2","isLinked":true},"_title":"Item","__globals__":{"border_color":"globals\/colors?id=829f2c7"},"padding":{"unit":"em","top":"1.4","right":"1.4","bottom":"1.4","left":"1.4","isLinked":true},"padding_tablet":{"unit":"em","top":"","right":"","bottom":"","left":"","isLinked":true},"padding_mobile":{"unit":"em","top":"","right":"","bottom":"","left":"","isLinked":true},"jedv_conditions":[{"_id":"95b8bfc"}]},"elements":[{"id":"33aef3b5","settings":{"title":"Step 3","_padding":{"unit":"em","top":"0.4","right":"1.2","bottom":"0.4","left":"1.2","isLinked":false},"_padding_tablet":{"unit":"em","top":"","right":"","bottom":"","left":"","isLinked":true},"_padding_mobile":{"unit":"em","top":"","right":"","bottom":"","left":"","isLinked":true},"_flex_align_self":"flex-start","_background_background":"classic","__globals__":{"_background_color":"globals\/colors?id=eb3d4e3","typography_typography":"globals\/typography?id=accent","title_color":"globals\/colors?id=1c15ecc"},"_position":"absolute","_offset_orientation_h":"end","_offset_x_end":{"unit":"px","size":-2,"sizes":[]},"_offset_y":{"unit":"px","size":-2,"sizes":[]},"_title":"Step","jedv_conditions":[{"_id":"166a1bf"}]},"elements":[],"isInner":false,"widgetType":"heading","elType":"widget"},{"id":"2aedd761","settings":{"selected_icon":{"value":"far fa-map","library":"fa-regular"},"align":"left","size":{"unit":"em","size":1.8,"sizes":[]},"size_tablet":{"unit":"em","size":"","sizes":[]},"size_mobile":{"unit":"em","size":"","sizes":[]},"__globals__":{"primary_color":"globals\/colors?id=secondary"},"jedv_conditions":[{"_id":"b79d788"}]},"elements":[],"isInner":false,"widgetType":"icon","elType":"widget"},{"id":"26e43ad6","settings":{"title":"Loan Commitment & Appraisal","__globals__":{"typography_typography":"globals\/typography?id=secondary","title_color":"globals\/colors?id=primary"},"title_color":"#232323","header_size":"h4","jedv_conditions":[{"_id":"8d0c605"}]},"elements":[],"isInner":false,"widgetType":"heading","elType":"widget"},{"id":"298a86f2","settings":{"title":"Fully approved loan and appraisal review of home value. Final Closing Disclosure to be sent 5 to 7 days before closing.","__globals__":{"typography_typography":"globals\/typography?id=text","title_color":"globals\/colors?id=text"},"header_size":"p","title_color":"#FFFFFF","jedv_conditions":[{"_id":"c6a18df"}]},"elements":[],"isInner":false,"widgetType":"heading","elType":"widget"},{"id":"11c7a016","settings":{"text":" Track Now","border_radius":{"unit":"px","top":"0","right":"0","bottom":"0","left":"0","isLinked":false},"text_padding":{"unit":"em","top":"0.7","right":"1","bottom":"0.7","left":"1","isLinked":false},"text_padding_tablet":{"unit":"em","top":"","right":"","bottom":"","left":"","isLinked":true},"text_padding_mobile":{"unit":"em","top":"","right":"","bottom":"","left":"","isLinked":true},"_margin":{"unit":"em","top":"","right":"","bottom":"","left":"","isLinked":true},"_margin_tablet":{"unit":"em","top":"","right":"","bottom":"","left":"","isLinked":true},"_margin_mobile":{"unit":"em","top":"","right":"","bottom":"","left":"","isLinked":true},"__globals__":{"background_color":"globals\/colors?id=accent","button_background_hover_color":"globals\/colors?id=eb3d4e3"},"align":"justify","jedv_conditions":[{"_id":"b35ff3f"}]},"elements":[],"isInner":false,"widgetType":"button","elType":"widget"}],"isInner":true,"elType":"container"},{"id":"14729a56","settings":{"content_width":"full","border_border":"dashed","border_width":{"unit":"px","top":"2","right":"2","bottom":"2","left":"2","isLinked":true},"_title":"Item","__globals__":{"border_color":"globals\/colors?id=829f2c7"},"padding":{"unit":"em","top":"1.4","right":"1.4","bottom":"1.4","left":"1.4","isLinked":true},"padding_tablet":{"unit":"em","top":"","right":"","bottom":"","left":"","isLinked":true},"padding_mobile":{"unit":"em","top":"","right":"","bottom":"","left":"","isLinked":true},"jedv_conditions":[{"_id":"ab3b61e"}]},"elements":[{"id":"5fefcf04","settings":{"title":"Step 4","_padding":{"unit":"em","top":"0.4","right":"1.2","bottom":"0.4","left":"1.2","isLinked":false},"_padding_tablet":{"unit":"em","top":"","right":"","bottom":"","left":"","isLinked":true},"_padding_mobile":{"unit":"em","top":"","right":"","bottom":"","left":"","isLinked":true},"_flex_align_self":"flex-start","_background_background":"classic","__globals__":{"_background_color":"globals\/colors?id=eb3d4e3","typography_typography":"globals\/typography?id=accent","title_color":"globals\/colors?id=1c15ecc"},"_position":"absolute","_offset_orientation_h":"end","_offset_x_end":{"unit":"px","size":-2,"sizes":[]},"_offset_y":{"unit":"px","size":-2,"sizes":[]},"_title":"Step","jedv_conditions":[{"_id":"cad951d"}]},"elements":[],"isInner":false,"widgetType":"heading","elType":"widget"},{"id":"2ef1f73c","settings":{"selected_icon":{"value":"far fa-paper-plane","library":"fa-regular"},"align":"left","size":{"unit":"em","size":1.8,"sizes":[]},"size_tablet":{"unit":"em","size":"","sizes":[]},"size_mobile":{"unit":"em","size":"","sizes":[]},"__globals__":{"primary_color":"globals\/colors?id=secondary"},"jedv_conditions":[{"_id":"09cf78a"}]},"elements":[],"isInner":false,"widgetType":"icon","elType":"widget"},{"id":"5e15cfa6","settings":{"title":"Closing!","__globals__":{"typography_typography":"globals\/typography?id=secondary","title_color":"globals\/colors?id=primary"},"title_color":"#232323","header_size":"h4","jedv_conditions":[{"_id":"7d362f7"}]},"elements":[],"isInner":false,"widgetType":"heading","elType":"widget"},{"id":"2be65a9f","settings":{"title":" Closing day is a thrilling milestone, marking the culmination of your homebuying journey and the beginning of a new chapter in your dream home.","__globals__":{"typography_typography":"globals\/typography?id=text","title_color":"globals\/colors?id=text"},"header_size":"p","title_color":"#FFFFFF","jedv_conditions":[{"_id":"5d75da5"}]},"elements":[],"isInner":false,"widgetType":"heading","elType":"widget"},{"id":"1a388f49","settings":{"text":"Provide Feedback","border_radius":{"unit":"px","top":"0","right":"0","bottom":"0","left":"0","isLinked":false},"text_padding":{"unit":"em","top":"0.7","right":"1","bottom":"0.7","left":"1","isLinked":false},"text_padding_tablet":{"unit":"em","top":"","right":"","bottom":"","left":"","isLinked":true},"text_padding_mobile":{"unit":"em","top":"","right":"","bottom":"","left":"","isLinked":true},"_margin":{"unit":"em","top":"","right":"","bottom":"","left":"","isLinked":true},"_margin_tablet":{"unit":"em","top":"","right":"","bottom":"","left":"","isLinked":true},"_margin_mobile":{"unit":"em","top":"","right":"","bottom":"","left":"","isLinked":true},"__globals__":{"background_color":"globals\/colors?id=accent","button_background_hover_color":"globals\/colors?id=eb3d4e3"},"align":"justify","jedv_conditions":[{"_id":"07a6c84"}]},"elements":[],"isInner":false,"widgetType":"button","elType":"widget"}],"isInner":true,"elType":"container"}],"isInner":true,"elType":"container"}],"isInner":false,"elType":"container"},{"id":"2a788198","settings":{"flex_direction":"row","min_height":{"unit":"em","size":28,"sizes":[]},"min_height_tablet":{"unit":"em","size":"","sizes":[]},"min_height_mobile":{"unit":"em","size":"","sizes":[]},"background_background":"classic","background_image":{"url":"https:\/\/southernelitemtg.com\/wp-content\/uploads\/2024\/07\/compressed_shutterstock_2299940221.jpg","id":1196,"size":"","alt":"","source":"library"},"background_position":"center center","background_repeat":"no-repeat","background_size":"cover","background_overlay_background":"classic","background_overlay_opacity":{"unit":"px","size":0.8,"sizes":[]},"padding":{"unit":"em","top":"5","right":"6","bottom":"5","left":"6","isLinked":false},"padding_tablet":{"unit":"em","top":"","right":"","bottom":"","left":"","isLinked":true},"padding_mobile":{"unit":"em","top":"2","right":"1","bottom":"2","left":"1","isLinked":false},"__globals__":{"background_overlay_color":"globals\/colors?id=text"},"flex_gap":{"column":"0","row":"0","isLinked":false,"unit":"px","size":0},"flex_gap_mobile":{"column":"2","row":"2","isLinked":true,"unit":"em","size":2},"jedv_conditions":[{"_id":"33365fd"}]},"elements":[{"id":"1b6c1c07","settings":{"content_width":"full","width":{"unit":"%","size":38,"sizes":[]},"width_tablet":{"unit":"em","size":"","sizes":[]},"width_mobile":{"unit":"em","size":"","sizes":[]},"_title":"Content","padding":{"unit":"em","top":"0","right":"1","bottom":"0","left":"0","isLinked":false},"padding_tablet":{"unit":"em","top":"","right":"","bottom":"","left":"","isLinked":true},"padding_mobile":{"unit":"em","top":"","right":"","bottom":"","left":"","isLinked":true},"flex_justify_content":"center","jedv_conditions":[{"_id":"b0f7078"}]},"elements":[{"id":"37fe9335","settings":{"title":"Why Choose Us","__globals__":{"typography_typography":"globals\/typography?id=a30e13a","title_color":"globals\/colors?id=eb3d4e3"},"header_size":"p","title_color":"#FFFFFF","jedv_conditions":[{"_id":"1616478"}]},"elements":[],"isInner":false,"widgetType":"heading","elType":"widget"},{"id":"44ae2aaa","settings":{"title":"From Dreams to Keys","__globals__":{"typography_typography":"globals\/typography?id=primary","title_color":"globals\/colors?id=1c15ecc"},"jedv_conditions":[{"_id":"ba70119"}]},"elements":[],"isInner":false,"widgetType":"heading","elType":"widget"},{"id":"447308f1","settings":{"title":"Your Trusted Partner in achieving homeownership.","__globals__":{"typography_typography":"","title_color":"globals\/colors?id=1c15ecc"},"header_size":"p","title_color":"#FFFFFF","typography_typography":"custom","typography_font_family":"Inter","typography_font_size":{"unit":"em","size":0.85,"sizes":[]},"typography_font_weight":"500","typography_line_height":{"unit":"em","size":1.4,"sizes":[]},"jedv_conditions":[{"_id":"c1e710d"}]},"elements":[],"isInner":false,"widgetType":"heading","elType":"widget"},{"id":"f21030b","settings":{"text":"Contact Us","border_radius":{"unit":"px","top":"0","right":"0","bottom":"0","left":"0","isLinked":false},"text_padding":{"unit":"em","top":"0.7","right":"1.3","bottom":"0.7","left":"1.3","isLinked":false},"text_padding_tablet":{"unit":"em","top":"","right":"","bottom":"","left":"","isLinked":true},"text_padding_mobile":{"unit":"em","top":"","right":"","bottom":"","left":"","isLinked":true},"_margin":{"unit":"em","top":"1","right":"0","bottom":"0","left":"0","isLinked":false},"_margin_tablet":{"unit":"em","top":"","right":"","bottom":"","left":"","isLinked":true},"_margin_mobile":{"unit":"em","top":"","right":"","bottom":"","left":"","isLinked":true},"__globals__":{"background_color":"globals\/colors?id=accent","button_background_hover_color":"globals\/colors?id=eb3d4e3"},"jedv_conditions":[{"_id":"b35c659"}],"link":{"url":"https:\/\/southernelitemtg.com\/contact-us\/","is_external":"","nofollow":"","custom_attributes":""}},"elements":[],"isInner":false,"widgetType":"button","elType":"widget"}],"isInner":true,"elType":"container"},{"id":"4461fc7e","settings":{"content_width":"full","width":{"unit":"%","size":62,"sizes":[]},"flex_direction":"row","padding":{"unit":"em","top":"0","right":"0","bottom":"0","left":"1","isLinked":false},"padding_tablet":{"unit":"em","top":"","right":"","bottom":"","left":"","isLinked":true},"padding_mobile":{"unit":"em","top":"0","right":"0","bottom":"0","left":"0","isLinked":false},"jedv_conditions":[{"_id":"b5af100"}]},"elements":[{"id":"93b5876","settings":{"content_width":"full","border_width":{"unit":"px","top":"2","right":"2","bottom":"2","left":"2","isLinked":true},"_title":"Item","__globals__":{"border_color":"globals\/colors?id=829f2c7","background_color":"globals\/colors?id=8781188"},"background_background":"classic","padding":{"unit":"em","top":"1.4","right":"1.4","bottom":"1.4","left":"1.4","isLinked":true},"padding_tablet":{"unit":"em","top":"","right":"","bottom":"","left":"","isLinked":true},"padding_mobile":{"unit":"em","top":"","right":"","bottom":"","left":"","isLinked":true},"flex_gap":{"column":"0.5","row":"0.5","isLinked":true,"unit":"em","size":0},"flex_gap_tablet":{"column":"","row":"","isLinked":true,"unit":"em","size":null},"flex_gap_mobile":{"column":"","row":"","isLinked":true,"unit":"em","size":null},"width":{"unit":"%","size":30,"sizes":[]},"jedv_conditions":[{"_id":"db09828"}]},"elements":[{"id":"2cc2eca9","settings":{"selected_icon":{"value":"fas fa-arrow-right","library":"fa-solid"},"align":"left","size":{"unit":"em","size":0.7,"sizes":[]},"size_tablet":{"unit":"em","size":"","sizes":[]},"size_mobile":{"unit":"em","size":"","sizes":[]},"__globals__":{"primary_color":"globals\/colors?id=eb3d4e3","secondary_color":"globals\/colors?id=text"},"view":"stacked","icon_padding":{"unit":"rem","size":0.7,"sizes":[]},"rotate":{"unit":"deg","size":-45,"sizes":[]},"jedv_conditions":[{"_id":"521feaa"}]},"elements":[],"isInner":false,"widgetType":"icon","elType":"widget"},{"id":"72c3d276","settings":{"title":"Low Interest Rates","__globals__":{"typography_typography":"globals\/typography?id=secondary","title_color":"globals\/colors?id=1c15ecc"},"title_color":"#232323","header_size":"h4","jedv_conditions":[{"_id":"f402b22"}]},"elements":[],"isInner":false,"widgetType":"heading","elType":"widget"},{"id":"7575708d","settings":{"title":"Low interest rates design to make owning a home more affordable, less monthly payments and less money spent over the list of your loan. Our team secures the best rate possible, ensuring that you are getting the most value out of your investment.","__globals__":{"typography_typography":"globals\/typography?id=text","title_color":"globals\/colors?id=37c2412"},"header_size":"p","typography_typography":"custom","typography_font_family":"Inter","typography_font_size":{"unit":"em","size":0.85,"sizes":[]},"typography_font_weight":"400","typography_line_height":{"unit":"em","size":1.4,"sizes":[]},"jedv_conditions":[{"_id":"6fd8559"}]},"elements":[],"isInner":false,"widgetType":"heading","elType":"widget"}],"isInner":true,"elType":"container"},{"id":"758bd019","settings":{"content_width":"full","border_width":{"unit":"px","top":"2","right":"2","bottom":"2","left":"2","isLinked":true},"_title":"Item","__globals__":{"border_color":"globals\/colors?id=829f2c7","background_color":"globals\/colors?id=8781188"},"background_background":"classic","padding":{"unit":"em","top":"1.4","right":"1.4","bottom":"1.4","left":"1.4","isLinked":true},"padding_tablet":{"unit":"em","top":"","right":"","bottom":"","left":"","isLinked":true},"padding_mobile":{"unit":"em","top":"","right":"","bottom":"","left":"","isLinked":true},"flex_gap":{"column":"0.5","row":"0.5","isLinked":true,"unit":"em","size":0},"flex_gap_tablet":{"column":"","row":"","isLinked":true,"unit":"em","size":null},"flex_gap_mobile":{"column":"","row":"","isLinked":true,"unit":"em","size":null},"width":{"unit":"%","size":40,"sizes":[]},"jedv_conditions":[{"_id":"0072d1d"}]},"elements":[{"id":"642c5820","settings":{"selected_icon":{"value":"fas fa-arrow-right","library":"fa-solid"},"align":"left","size":{"unit":"em","size":0.7,"sizes":[]},"size_tablet":{"unit":"em","size":"","sizes":[]},"size_mobile":{"unit":"em","size":"","sizes":[]},"__globals__":{"primary_color":"globals\/colors?id=eb3d4e3","secondary_color":"globals\/colors?id=text"},"view":"stacked","icon_padding":{"unit":"rem","size":0.7,"sizes":[]},"rotate":{"unit":"deg","size":-45,"sizes":[]},"jedv_conditions":[{"_id":"cc2e18f"}]},"elements":[],"isInner":false,"widgetType":"icon","elType":"widget"},{"id":"169b2e4","settings":{"title":"White Glove Service","__globals__":{"typography_typography":"globals\/typography?id=secondary","title_color":"globals\/colors?id=1c15ecc"},"title_color":"#232323","header_size":"h4","jedv_conditions":[{"_id":"d9719b9"}]},"elements":[],"isInner":false,"widgetType":"heading","elType":"widget"},{"id":"1868ea82","settings":{"title":"We believe in providing our clients with a 'White Glove Experience' \u2013 a level of service that goes above and beyond to exceed your expectations. From the moment you reach out to us, you'll notice the difference. Our dedicated team of mortgage professionals is here to guide you through every step of the process with care and attention to detail. We tailor our services to your unique needs, ensuring a smooth and stress-free experience.","__globals__":{"typography_typography":"globals\/typography?id=text","title_color":"globals\/colors?id=37c2412"},"header_size":"p","typography_typography":"custom","typography_font_family":"Inter","typography_font_size":{"unit":"em","size":0.85,"sizes":[]},"typography_font_weight":"400","typography_line_height":{"unit":"em","size":1.4,"sizes":[]},"jedv_conditions":[{"_id":"3774584"}]},"elements":[],"isInner":false,"widgetType":"heading","elType":"widget"}],"isInner":true,"elType":"container"},{"id":"a630397","settings":{"content_width":"full","border_width":{"unit":"px","top":"2","right":"2","bottom":"2","left":"2","isLinked":true},"_title":"Item","__globals__":{"border_color":"globals\/colors?id=829f2c7","background_color":"globals\/colors?id=8781188"},"background_background":"classic","padding":{"unit":"em","top":"1.4","right":"1.4","bottom":"1.4","left":"1.4","isLinked":true},"padding_tablet":{"unit":"em","top":"","right":"","bottom":"","left":"","isLinked":true},"padding_mobile":{"unit":"em","top":"","right":"","bottom":"","left":"","isLinked":true},"flex_gap":{"column":"0.5","row":"0.5","isLinked":true,"unit":"em","size":0},"flex_gap_tablet":{"column":"","row":"","isLinked":true,"unit":"em","size":null},"flex_gap_mobile":{"column":"","row":"","isLinked":true,"unit":"em","size":null},"width":{"unit":"%","size":30,"sizes":[]},"jedv_conditions":[{"_id":"6fa0382"}]},"elements":[{"id":"6fbd3eff","settings":{"selected_icon":{"value":"fas fa-arrow-right","library":"fa-solid"},"align":"left","size":{"unit":"em","size":0.7,"sizes":[]},"size_tablet":{"unit":"em","size":"","sizes":[]},"size_mobile":{"unit":"em","size":"","sizes":[]},"__globals__":{"primary_color":"globals\/colors?id=eb3d4e3","secondary_color":"globals\/colors?id=text"},"view":"stacked","icon_padding":{"unit":"rem","size":0.7,"sizes":[]},"rotate":{"unit":"deg","size":-45,"sizes":[]},"jedv_conditions":[{"_id":"07633a6"}]},"elements":[],"isInner":false,"widgetType":"icon","elType":"widget"},{"id":"17e1f7a4","settings":{"title":"Free Consultation","__globals__":{"typography_typography":"globals\/typography?id=secondary","title_color":"globals\/colors?id=1c15ecc"},"title_color":"#232323","header_size":"h4","jedv_conditions":[{"_id":"a2aacf4"}]},"elements":[],"isInner":false,"widgetType":"heading","elType":"widget"},{"id":"123fd4f5","settings":{"title":"Quisque amet sit nascetur fermentum eu erat curabitur aliquet iaculis lacus semper. Dis integer nibh dignissim per nec ut.","__globals__":{"typography_typography":"globals\/typography?id=text","title_color":"globals\/colors?id=37c2412"},"header_size":"p","typography_typography":"custom","typography_font_family":"Inter","typography_font_size":{"unit":"em","size":0.85,"sizes":[]},"typography_font_weight":"400","typography_line_height":{"unit":"em","size":1.4,"sizes":[]},"jedv_conditions":[{"_id":"d8bb48f"}]},"elements":[],"isInner":false,"widgetType":"heading","elType":"widget"}],"isInner":true,"elType":"container"}],"isInner":true,"elType":"container"}],"isInner":false,"elType":"container"},{"id":"6c8bb72c","settings":{"flex_direction":"row","min_height":{"unit":"em","size":28,"sizes":[]},"min_height_tablet":{"unit":"em","size":"","sizes":[]},"min_height_mobile":{"unit":"em","size":"","sizes":[]},"background_image":{"url":"","id":"","size":"","alt":"","source":"library"},"background_position":"center center","background_repeat":"no-repeat","background_size":"cover","background_overlay_opacity":{"unit":"px","size":0.8,"sizes":[]},"padding":{"unit":"em","top":"5","right":"6","bottom":"5","left":"6","isLinked":false},"padding_tablet":{"unit":"em","top":"","right":"","bottom":"","left":"","isLinked":true},"padding_mobile":{"unit":"em","top":"2","right":"1","bottom":"2","left":"1","isLinked":false},"__globals__":{"background_overlay_color":"globals\/colors?id=text"},"flex_gap":{"column":"0","row":"0","isLinked":false,"unit":"px","size":0},"flex_gap_mobile":{"column":"2","row":"2","isLinked":true,"unit":"em","size":2},"jedv_conditions":[{"_id":"539b7ff"}],"hide_desktop":"hidden-desktop","hide_tablet":"hidden-tablet","hide_mobile":"hidden-mobile"},"elements":[{"id":"398b817f","settings":{"content_width":"full","width":{"unit":"%","size":40,"sizes":[]},"width_tablet":{"unit":"em","size":"","sizes":[]},"width_mobile":{"unit":"em","size":"","sizes":[]},"_title":"Content","background_background":"classic","background_image":{"url":"https:\/\/southernelitemtg.com\/wp-content\/uploads\/2024\/07\/real-estate-agent-asking-senior-couple-e1695126156752.jpg","id":255,"size":"","alt":"","source":"library"},"background_position":"center center","background_repeat":"no-repeat","background_size":"cover","background_overlay_background":"gradient","background_overlay_color":"#FFFFFF","background_overlay_color_b":"#FFFFFFBA","background_overlay_opacity":{"unit":"px","size":1,"sizes":[]},"border_border":"solid","border_width":{"unit":"px","top":"1","right":"1","bottom":"1","left":"1","isLinked":true},"border_color":"#D2DEE657","padding":{"unit":"em","top":"1.4","right":"1.4","bottom":"1.4","left":"1.4","isLinked":true},"padding_tablet":{"unit":"em","top":"","right":"","bottom":"","left":"","isLinked":true},"padding_mobile":{"unit":"em","top":"","right":"","bottom":"","left":"","isLinked":true},"__globals__":{"background_overlay_color":"globals\/colors?id=1c15ecc","background_overlay_color_b":"","border_color":""},"jedv_conditions":[{"_id":"edf9e1e"}]},"elements":[{"id":"9d053ab","settings":{"title":"F. A. Q's","__globals__":{"typography_typography":"globals\/typography?id=a30e13a","title_color":"globals\/colors?id=secondary"},"header_size":"p","title_color":"#FFFFFF","jedv_conditions":[{"_id":"1034832"}]},"elements":[],"isInner":false,"widgetType":"heading","elType":"widget"},{"id":"7b94a15d","settings":{"title":"Add Mortgage Calculator","__globals__":{"typography_typography":"globals\/typography?id=primary","title_color":"globals\/colors?id=primary"},"jedv_conditions":[{"_id":"52fd96e"}]},"elements":[],"isInner":false,"widgetType":"heading","elType":"widget"},{"id":"ce39120","settings":{"title":"Inceptos quis nunc torquent dis placerat vehicula. Purus felis turpis lectus donec fermentum imperdiet proin inceptos morbi lorem letius.","__globals__":{"typography_typography":"globals\/typography?id=text","title_color":"globals\/colors?id=text"},"header_size":"p","title_color":"#FFFFFF","jedv_conditions":[{"_id":"b27fbde"}]},"elements":[],"isInner":false,"widgetType":"heading","elType":"widget"},{"id":"3cd53160","settings":{"width":{"unit":"em","size":4,"sizes":[]},"width_tablet":{"unit":"em","size":"","sizes":[]},"width_mobile":{"unit":"em","size":"","sizes":[]},"text":"Divider","weight":{"unit":"px","size":2,"sizes":[]},"gap":{"unit":"px","size":0,"sizes":[]},"__globals__":{"color":"globals\/colors?id=secondary"},"jedv_conditions":[{"_id":"0beee92"}]},"elements":[],"isInner":false,"widgetType":"divider","elType":"widget"}],"isInner":true,"elType":"container"},{"id":"2f2551ff","settings":{"content_width":"full","width":{"unit":"%","size":60,"sizes":[]},"flex_direction":"row","flex_align_items":"center","padding":{"unit":"em","top":"0","right":"0","bottom":"0","left":"2","isLinked":false},"padding_tablet":{"unit":"em","top":"","right":"","bottom":"","left":"","isLinked":true},"padding_mobile":{"unit":"em","top":"0","right":"0","bottom":"0","left":"0","isLinked":false},"jedv_conditions":[{"_id":"3e82548"}]},"elements":[{"id":"1a1f8a6c","settings":{"tabs":[{"tab_title":"What is a mortgage?","tab_content":"<p><span style=\"font-weight: 400;\">A mortgage is a loan specifically used to purchase real estate, typically a home. The property itself serves as collateral for the loan, which means if the borrower fails to make payments, the lender has the right to foreclose and sell the property to recover their investment.<\/span><\/p>","_id":"28559aa"},{"tab_title":"What are the different types of mortgages available?","tab_content":"<p><span style=\"font-weight: 400;\">There are various types of mortgages available, including fixed-rate mortgages, adjustable-rate mortgages (ARMs), FHA loans, VA loans, USDA loans, and jumbo loans. Each type has its own set of eligibility criteria, terms, and benefits.<\/span><\/p>","_id":"04e71eb"},{"tab_title":"What factors determine my eligibility for a mortgage?","tab_content":"<p><span style=\"font-weight: 400;\">Lenders typically consider factors such as credit score, income, employment history, debt-to-income ratio, and the amount of the down payment when determining eligibility for a mortgage. Each lender may have slightly different requirements, so it's essential to shop around and compare options.<\/span><\/p>","_id":"3f9ca2f"},{"_id":"1398432","tab_title":"What is a pre-approval, and why is it important?","tab_content":"<p><span style=\"font-weight: 400;\">A mortgage pre-approval is a preliminary assessment by a lender that determines how much you can borrow based on your financial situation. It's essential because it gives you a clear idea of your budget when shopping for homes and shows sellers that you're a serious and qualified buyer.<\/span><\/p>"},{"tab_title":"What is the difference between a fixed-rate and adjustable-rate mortgage (ARM)?","tab_content":"<p><span style=\"font-weight: 400;\">A fixed-rate mortgage has a set interest rate that remains constant throughout the life of the loan, providing predictable monthly payments. In contrast, an adjustable-rate mortgage (ARM) has an interest rate that can fluctuate periodically, typically after an initial fixed-rate period, potentially resulting in fluctuating monthly payments.<\/span><\/p>","_id":"a6e2c22"}],"selected_icon":{"value":"far fa-plus-square","library":"fa-regular"},"selected_active_icon":{"value":"far fa-minus-square","library":"fa-regular"},"border_width":{"unit":"px","size":0,"sizes":[]},"icon_align":"right","custom_css":"selector .elementor-accordion-item .elementor-tab-title {\n    border-bottom: 1px solid #D2DEE6;\n}\nselector .elementor-tab-title.elementor-active {\n  background-color: #385566;\n  transition: all 0.3s ease;\n}\n\nselector .elementor-tab-title.elementor-active a {\n  transition: all 0.3s ease;\n  color: white !important;\n}\n","__globals__":{"tab_active_color":"globals\/colors?id=1c15ecc","icon_color":"globals\/colors?id=text","title_typography_typography":"globals\/typography?id=secondary","icon_active_color":"globals\/colors?id=1c15ecc","title_color":"globals\/colors?id=text"},"jedv_conditions":[{"_id":"9508aee"}]},"elements":[],"isInner":false,"widgetType":"accordion","elType":"widget"}],"isInner":true,"elType":"container"}],"isInner":false,"elType":"container"},{"id":"7af7ed95","settings":{"flex_direction":"row","min_height":{"unit":"em","size":28,"sizes":[]},"min_height_tablet":{"unit":"em","size":"","sizes":[]},"min_height_mobile":{"unit":"em","size":"","sizes":[]},"background_image":{"url":"","id":"","size":"","alt":"","source":"library"},"background_position":"center center","background_repeat":"no-repeat","background_size":"cover","background_overlay_opacity":{"unit":"px","size":0.8,"sizes":[]},"padding":{"unit":"em","top":"5","right":"6","bottom":"5","left":"6","isLinked":false},"padding_tablet":{"unit":"em","top":"","right":"","bottom":"","left":"","isLinked":true},"padding_mobile":{"unit":"em","top":"2","right":"1","bottom":"2","left":"1","isLinked":false},"__globals__":{"background_overlay_color":"globals\/colors?id=text"},"flex_gap":{"column":"0","row":"0","isLinked":false,"unit":"px","size":0},"flex_gap_mobile":{"column":"2","row":"2","isLinked":true,"unit":"em","size":2},"jedv_conditions":[{"_id":"539b7ff"}]},"elements":[{"id":"53401455","settings":{"content_width":"full","width":{"unit":"%","size":40,"sizes":[]},"width_tablet":{"unit":"em","size":"","sizes":[]},"width_mobile":{"unit":"em","size":"","sizes":[]},"_title":"Content","background_background":"classic","background_image":{"url":"https:\/\/southernelitemtg.com\/wp-content\/uploads\/2024\/07\/real-estate-agent-asking-senior-couple-e1695126156752.jpg","id":255,"size":"","alt":"","source":"library"},"background_position":"center center","background_repeat":"no-repeat","background_size":"cover","background_overlay_background":"classic","background_overlay_color_b":"#FFFFFFBA","background_overlay_opacity":{"unit":"px","size":1,"sizes":[]},"border_border":"solid","border_width":{"unit":"px","top":"1","right":"1","bottom":"1","left":"1","isLinked":true},"border_color":"#D2DEE657","padding":{"unit":"em","top":"1.4","right":"1.4","bottom":"1.4","left":"1.4","isLinked":true},"padding_tablet":{"unit":"em","top":"","right":"","bottom":"","left":"","isLinked":true},"padding_mobile":{"unit":"em","top":"","right":"","bottom":"","left":"","isLinked":true},"__globals__":{"background_overlay_color":"","background_overlay_color_b":"","border_color":""},"jedv_conditions":[{"_id":"edf9e1e"}]},"elements":[],"isInner":true,"elType":"container"},{"id":"4d24a989","settings":{"content_width":"full","width":{"unit":"%","size":60,"sizes":[]},"flex_direction":"row","flex_align_items":"center","padding":{"unit":"em","top":"0","right":"0","bottom":"0","left":"2","isLinked":false},"padding_tablet":{"unit":"em","top":"","right":"","bottom":"","left":"","isLinked":true},"padding_mobile":{"unit":"em","top":"0","right":"0","bottom":"0","left":"0","isLinked":false},"jedv_conditions":[{"_id":"3e82548"}]},"elements":[{"id":"62de2bef","settings":{"content_width":"full","padding":{"unit":"em","top":"1","right":"0","bottom":"1","left":"0","isLinked":false},"padding_tablet":{"unit":"em","top":"","right":"","bottom":"","left":"","isLinked":true},"padding_mobile":{"unit":"em","top":"","right":"","bottom":"","left":"","isLinked":true},"jedv_conditions":[{"_id":"ce11016"}]},"elements":[{"id":"9d64806","settings":{"title":"F. A. Q's","__globals__":{"typography_typography":"globals\/typography?id=primary","title_color":"globals\/colors?id=primary"},"jedv_conditions":[{"_id":"52fd96e"}],"content_width":"full"},"elements":[],"isInner":false,"widgetType":"heading","elType":"widget"},{"id":"4cdaca47","settings":{"content_width":"full","width":{"unit":"%","size":10,"sizes":[]},"text":"Divider","weight":{"unit":"em","size":0.2,"sizes":[]},"gap":{"unit":"px","size":0,"sizes":[]},"jedv_conditions":[{"_id":"bd4c94e"}],"__globals__":{"color":"globals\/colors?id=secondary"}},"elements":[],"isInner":false,"widgetType":"divider","elType":"widget"},{"id":"761747f9","settings":{"tabs":[{"tab_title":"What is a mortgage?","tab_content":"<p><span style=\"font-weight: 400;\">A mortgage is a loan specifically used to purchase real estate, typically a home. The property itself serves as collateral for the loan, which means if the borrower fails to make payments, the lender has the right to foreclose and sell the property to recover their investment.<\/span><\/p>","_id":"28559aa"},{"tab_title":"What are the different types of mortgages available?","tab_content":"<p><span style=\"font-weight: 400;\">There are various types of mortgages available, including fixed-rate mortgages, adjustable-rate mortgages (ARMs), FHA loans, VA loans, USDA loans, and jumbo loans. Each type has its own set of eligibility criteria, terms, and benefits.<\/span><\/p>","_id":"04e71eb"},{"tab_title":"What factors determine my eligibility for a mortgage?","tab_content":"<p><span style=\"font-weight: 400;\">Lenders typically consider factors such as credit score, income, employment history, debt-to-income ratio, and the amount of the down payment when determining eligibility for a mortgage. Each lender may have slightly different requirements, so it's essential to shop around and compare options.<\/span><\/p>","_id":"3f9ca2f"},{"_id":"1398432","tab_title":"What is a pre-approval, and why is it important?","tab_content":"<p><span style=\"font-weight: 400;\">A mortgage pre-approval is a preliminary assessment by a lender that determines how much you can borrow based on your financial situation. It's essential because it gives you a clear idea of your budget when shopping for homes and shows sellers that you're a serious and qualified buyer.<\/span><\/p>"},{"tab_title":"What is the difference between a fixed-rate and adjustable-rate mortgage (ARM)?","tab_content":"<p><span style=\"font-weight: 400;\">A fixed-rate mortgage has a set interest rate that remains constant throughout the life of the loan, providing predictable monthly payments. In contrast, an adjustable-rate mortgage (ARM) has an interest rate that can fluctuate periodically, typically after an initial fixed-rate period, potentially resulting in fluctuating monthly payments.<\/span><\/p>","_id":"a6e2c22"}],"selected_icon":{"value":"far fa-plus-square","library":"fa-regular"},"selected_active_icon":{"value":"far fa-minus-square","library":"fa-regular"},"border_width":{"unit":"px","size":0,"sizes":[]},"icon_align":"right","custom_css":"selector .elementor-accordion-item .elementor-tab-title {\n    border-bottom: 1px solid #D2DEE6;\n}\nselector .elementor-tab-title.elementor-active {\n  background-color: #385566;\n  transition: all 0.3s ease;\n}\n\nselector .elementor-tab-title.elementor-active a {\n  transition: all 0.3s ease;\n  color: white !important;\n}\n","__globals__":{"tab_active_color":"globals\/colors?id=1c15ecc","icon_color":"globals\/colors?id=text","title_typography_typography":"globals\/typography?id=secondary","icon_active_color":"globals\/colors?id=1c15ecc","title_color":"globals\/colors?id=text"},"jedv_conditions":[{"_id":"9508aee"}],"content_width":"full"},"elements":[],"isInner":false,"widgetType":"accordion","elType":"widget"}],"isInner":true,"elType":"container"}],"isInner":true,"elType":"container"}],"isInner":false,"elType":"container"}],"settings":{"template":"default"},"metadata":[]}