{"content":[{"id":"43868efa","settings":{"flex_align_items":"center","padding":{"unit":"em","top":"3","right":"6","bottom":"5","left":"6","isLinked":false},"padding_tablet":{"unit":"em","top":"","right":"","bottom":"","left":"","isLinked":true},"padding_mobile":{"unit":"em","top":"2","right":"1","bottom":"4","left":"1","isLinked":false}},"elements":[{"id":"5726414a","settings":{"content_width":"full","flex_align_items":"center","padding":{"unit":"em","top":"","right":"","bottom":"","left":"","isLinked":true},"padding_tablet":{"unit":"em","top":"","right":"","bottom":"","left":"","isLinked":true},"padding_mobile":{"unit":"em","top":"","right":"","bottom":"","left":"","isLinked":true},"width":{"unit":"em","size":50,"sizes":[]},"width_tablet":{"unit":"em","size":"","sizes":[]},"width_mobile":{"unit":"em","size":"","sizes":[]},"flex_gap":{"column":"3","row":"3","isLinked":true,"unit":"em","size":3},"flex_gap_tablet":{"column":"","row":"","isLinked":true,"unit":"em","size":null},"flex_gap_mobile":{"column":"","row":"","isLinked":true,"unit":"em","size":null}},"elements":[{"id":"341fcb52","settings":{"content_width":"full","title":"Southern Elite Mortgage LLC\u2019s Online Privacy Policy","header_size":"h1","_element_custom_width":{"unit":"em","size":42,"sizes":[]},"_element_custom_width_tablet":{"unit":"em","size":"","sizes":[]},"_element_custom_width_mobile":{"unit":"em","size":"","sizes":[]}},"elements":[],"isInner":false,"widgetType":"heading","elType":"widget"},{"id":"1d440d7e","settings":{"editor":"<!-- wp:paragraph -->\n<p>We do not sell personal data to outside vendors or any third parties.<\/p>\n<!-- \/wp:paragraph -->\n\n<!-- wp:paragraph -->\n<p>Southern Elite Mortgage LLC recognizes that protecting your privacy is paramount to maintaining the trust you have put in us.<\/p>\n<!-- \/wp:paragraph -->\n\n<!-- wp:paragraph -->\n<p><strong>Southern Elite Mortgage LLC\u2019s Collection of Personal Information<\/strong><\/p>\n<!-- \/wp:paragraph -->\n\n<!-- wp:paragraph -->\n<p>Southern Elite Mortgage LLC collects non-public information about you from some or all of the following sources:<\/p>\n<!-- \/wp:paragraph -->\n\n<!-- wp:list -->\n<ul class=\"wp-block-list\"><!-- wp:list-item -->\n<li>Applications or other forms \u2013 this includes name, address, social security number, assets, and income.<\/li>\n<!-- \/wp:list-item -->\n\n<!-- wp:list-item -->\n<li>Transactions with Southern Elite Mortgage LLC, our affiliates, or others (such as joint marketing companies in which we do business) \u2013 this includes account balances, payment history, parties to transactions and credit card usage.<\/li>\n<!-- \/wp:list-item -->\n\n<!-- wp:list-item -->\n<li>Consumer reporting agencies \u2013 this includes credit worthiness and credit history.<\/li>\n<!-- \/wp:list-item --><\/ul>\n<!-- \/wp:list -->\n\n<!-- wp:paragraph -->\n<p><strong>What Southern Elite Mortgage LLC Discloses<\/strong><\/p>\n<!-- \/wp:paragraph -->\n\n<!-- wp:paragraph -->\n<p>We may disclose all of the information we collect as described above to companies that perform marketing services on our behalf or to other financial institutions with whom we have joint marketing agreements. We may also disclose information about you under other circumstances as permitted by law.<\/p>\n<!-- \/wp:paragraph -->\n\n<!-- wp:paragraph -->\n<p><strong><em>Affiliates and Joint Marketing<\/em><\/strong><\/p>\n<!-- \/wp:paragraph -->\n\n<!-- wp:paragraph -->\n<p>Southern Elite Mortgage LLC has affiliated relationships and unless you choose to opt out affiliate sharing, certain personal information will be shared with our affiliates. &nbsp;Southern Elite Mortgage LLC also shares non-public personal information with companies in which we have joint marketing agreements.<\/p>\n<!-- \/wp:paragraph -->\n\n<!-- wp:paragraph -->\n<p>Southern Elite Mortgage LLC has the following affiliates:<\/p>\n<!-- \/wp:paragraph -->\n\n<!-- wp:list -->\n<ul class=\"wp-block-list\"><!-- wp:list-item -->\n<li>StyleCraft Homes, Inc.<\/li>\n<!-- \/wp:list-item -->\n\n<!-- wp:list-item -->\n<li>United Title of VA, LLC.<\/li>\n<!-- \/wp:list-item -->\n\n<!-- wp:list-item -->\n<li>Parker, Pollard, Wilton &amp; Peaden, P.C<\/li>\n<!-- \/wp:list-item --><\/ul>\n<!-- \/wp:list -->\n\n<!-- wp:paragraph -->\n<p><strong>Opting Out of Southern Elite Mortgage LLC\u2019s Sharing of Personal Information<\/strong><\/p>\n<!-- \/wp:paragraph -->\n\n<!-- wp:paragraph -->\n<p>You will need to register an opt-out with us for prohibiting the sharing of your nonpublic personal information since we do share or disclose nonpublic personal information with affiliates and joint marketing companies. Opting out of information sharing does not include any service providers necessary to facilitate your mortgage request.<\/p>\n<!-- \/wp:paragraph -->\n\n<!-- wp:paragraph -->\n<p><strong>Security<\/strong><\/p>\n<!-- \/wp:paragraph -->\n\n<!-- wp:paragraph -->\n<p>Southern Elite Mortgage LLC has established high standards for protecting your information from unauthorized access, alteration or destruction that comply with Federal regulations to guard your non-public personal information.<\/p>\n<!-- \/wp:paragraph -->\n\n<!-- wp:paragraph -->\n<p>Southern Elite Mortgage LLC employs and maintains network firewalls and other security features that are recognized as industry standards (e.g. Secure Socket Layers, password-protected logins, server logs, access control restrictions, etc.) in an effort to prevent disruption of service or loss, theft, or alteration of sensitive information. We use reasonable commercial efforts to stay current with frequent changes in security requirements.<\/p>\n<!-- \/wp:paragraph -->\n\n<!-- wp:paragraph -->\n<p>Southern Elite Mortgage LLC restricts access to non-public information about you to those employees who need to know that information to provide products or services to you.<\/p>\n<!-- \/wp:paragraph -->\n\n<!-- wp:paragraph -->\n<p>Southern Elite Mortgage LLC maintains its Privacy of Consumer Information Policy (\u201cPrivacy Policy\u201d) to effectively comply with its obligation to protect and respect the privacy of individuals and to protect the security and confidentiality of borrower\u2019s nonpublic personal information (\u201cNPI\u201d) under the Gramm-Leach-Bliley Act (\u201cGLBA\u201d), FACTA and other laws, regulations and standards regarding privacy, use, and dissemination of non-public information. This policy applies to all Southern Elite Mortgage LLC &nbsp;employees, consultants and vendors acting on Southern Elite Mortgage LLC \u2019s behalf.<\/p>\n<!-- \/wp:paragraph -->\n\n<!-- wp:paragraph -->\n<p>The requirements and restrictions imposed by GLBA and FACTA are incorporated into the standard processes and procedures followed by all Operations staff. All required notices sent to borrowers undergo rigorous reviews by the Regulation and compliance vendor's prior to being placed into production.<\/p>\n<!-- \/wp:paragraph -->\n\n<!-- wp:paragraph -->\n<p><strong>Opting Out of Information Sharing<\/strong><\/p>\n<!-- \/wp:paragraph -->\n\n<!-- wp:paragraph -->\n<p>To opt out of information sharing with affiliates or joint marketing companies you will need to submit a request in writing to:<\/p>\n<!-- \/wp:paragraph -->\n\n<!-- wp:paragraph -->\n<p>Southern Elite Mortgage LLC<\/p>\n<!-- \/wp:paragraph -->\n\n<!-- wp:paragraph -->\n<p>4198 Cox Rd<\/p>\n<!-- \/wp:paragraph -->\n\n<!-- wp:paragraph -->\n<p>Suite 114, Unit A<\/p>\n<!-- \/wp:paragraph -->\n\n<!-- wp:paragraph -->\n<p>Glen Allen, VA 23060<\/p>\n<!-- \/wp:paragraph -->\n\n<!-- wp:paragraph -->\n<p>Or you can contact us via phone to opt out as well at 800-748-2147.<\/p>\n<!-- \/wp:paragraph -->\n\n<!-- wp:paragraph -->\n<p><strong>Questions<\/strong><\/p>\n<!-- \/wp:paragraph -->\n\n<!-- wp:paragraph -->\n<p>If you have any questions about our privacy policy, please call 800-748-2147. &nbsp;<\/p>\n<!-- \/wp:paragraph -->","_element_width":"inherit","_element_custom_width":{"unit":"em","size":42,"sizes":[]},"_element_custom_width_tablet":{"unit":"em","size":"","sizes":[]},"_element_custom_width_mobile":{"unit":"em","size":"","sizes":[]}},"elements":[],"isInner":false,"widgetType":"text-editor","elType":"widget"}],"isInner":true,"elType":"container"}],"isInner":false,"elType":"container"}],"settings":{"template":"default"},"metadata":[]}