{"content":[{"id":"1be8c78","settings":{"flex_direction":"column","min_height":{"unit":"em","size":26,"sizes":[]},"min_height_tablet":{"unit":"em","size":"","sizes":[]},"min_height_mobile":{"unit":"em","size":"","sizes":[]},"flex_justify_content":"flex-end","flex_align_items":"center","background_background":"classic","background_image":{"url":"https:\/\/southernelitemtg.com\/wp-content\/uploads\/2024\/07\/compressed_shutterstock_574137388.jpg","id":1184,"size":"","alt":"","source":"library"},"background_position":"center center","background_repeat":"no-repeat","background_size":"cover","background_overlay_background":"classic","padding":{"unit":"em","top":"3","right":"8","bottom":"3","left":"8","isLinked":false},"padding_tablet":{"unit":"em","top":"","right":"","bottom":"","left":"","isLinked":true},"padding_mobile":{"unit":"em","top":"2","right":"1","bottom":"2","left":"1","isLinked":false},"__globals__":{"background_overlay_color":"globals\/colors?id=5590b3c"},"jedv_conditions":[{"_id":"f815caf"}]},"elements":[{"id":"7146280d","settings":{"content_width":"full","width":{"unit":"em","size":"","sizes":[]},"width_tablet":{"unit":"em","size":"","sizes":[]},"width_mobile":{"unit":"em","size":"","sizes":[]},"_title":"Content","jedv_conditions":[{"_id":"6eec538"}]},"elements":[{"id":"7b22f51b","settings":{"title":"Contact Elite Team RVA","__globals__":{"typography_typography":"globals\/typography?id=primary","title_color":"globals\/colors?id=1c15ecc"},"jedv_conditions":[{"_id":"22ecdfa"}]},"elements":[],"isInner":false,"widgetType":"heading","elType":"widget"},{"id":"15f0adb4","settings":{"text":"Divider","color":"#D2DEE64D","gap":{"unit":"px","size":0,"sizes":[]},"__globals__":{"color":""},"jedv_conditions":[{"_id":"450cece"}]},"elements":[],"isInner":false,"widgetType":"divider","elType":"widget"},{"id":"4ba7f7e4","settings":{"icon_list":[{"text":"Home  \/  Contact Us","selected_icon":{"value":"fas fa-home","library":"fa-solid"},"_id":"c301ff4"}],"icon_align":"right","icon_size":{"unit":"em","size":0.8,"sizes":[]},"icon_size_tablet":{"unit":"em","size":"","sizes":[]},"icon_size_mobile":{"unit":"em","size":"","sizes":[]},"__globals__":{"icon_color":"globals\/colors?id=1c15ecc","icon_typography_typography":"globals\/typography?id=text","text_color":"globals\/colors?id=1c15ecc"},"jedv_conditions":[{"_id":"ef9b771"}]},"elements":[],"isInner":false,"widgetType":"icon-list","elType":"widget"}],"isInner":true,"elType":"container"}],"isInner":false,"elType":"container"},{"id":"4728b31a","settings":{"flex_direction":"row","flex_gap":{"unit":"px","size":0,"column":"0","row":"0"},"padding":{"unit":"em","top":"5","right":"8","bottom":"5","left":"8","isLinked":false},"padding_tablet":{"unit":"em","top":"","right":"","bottom":"","left":"","isLinked":true},"padding_mobile":{"unit":"em","top":"3","right":"1","bottom":"3","left":"1","isLinked":false},"flex_gap_mobile":{"column":"2","row":"2","isLinked":true,"unit":"em","size":2},"jedv_conditions":[{"_id":"71b9df0"}]},"elements":[{"id":"3b586451","settings":{"flex_direction":"column","content_width":"full","width":{"unit":"%","size":"50"},"flex_justify_content":"center","padding":{"unit":"em","top":"0","right":"2","bottom":"0","left":"0","isLinked":false},"padding_tablet":{"unit":"em","top":"","right":"","bottom":"","left":"","isLinked":true},"padding_mobile":{"unit":"em","top":"","right":"","bottom":"","left":"","isLinked":true},"jedv_conditions":[{"_id":"96f65e6"}]},"elements":[{"id":"22f496b5","settings":{"title":"Get In Touch","__globals__":{"title_color":"globals\/colors?id=secondary","typography_typography":"globals\/typography?id=a30e13a"},"jedv_conditions":[{"_id":"d9ce569"}]},"elements":[],"isInner":false,"widgetType":"heading","elType":"widget"},{"id":"187c2420","settings":{"title":"Contact us for more information and personalized assistance","title_color":"#232323","__globals__":{"title_color":"globals\/colors?id=primary","typography_typography":"globals\/typography?id=primary"},"jedv_conditions":[{"_id":"c67f81c"}]},"elements":[],"isInner":false,"widgetType":"heading","elType":"widget"},{"id":"3c915f66","settings":{"title":"Our team is available and ready to assist.","__globals__":{"typography_typography":"globals\/typography?id=text","title_color":"globals\/colors?id=text"},"header_size":"p","title_color":"#385566","jedv_conditions":[{"_id":"ba898f4"}]},"elements":[],"isInner":false,"widgetType":"heading","elType":"widget"},{"id":"2efbefd3","settings":{"width":{"unit":"em","size":4,"sizes":[]},"width_tablet":{"unit":"em","size":"","sizes":[]},"width_mobile":{"unit":"em","size":"","sizes":[]},"text":"Divider","weight":{"unit":"px","size":2,"sizes":[]},"gap":{"unit":"px","size":0,"sizes":[]},"__globals__":{"color":"globals\/colors?id=eb3d4e3"},"jedv_conditions":[{"_id":"b57e6f9"}]},"elements":[],"isInner":false,"widgetType":"divider","elType":"widget"},{"id":"236967e2","settings":{"content_width":"full","flex_direction":"row","margin":{"unit":"em","top":"0.5","right":"0","bottom":"0","left":"0","isLinked":false},"margin_tablet":{"unit":"em","top":"","right":"","bottom":"","left":"","isLinked":true},"margin_mobile":{"unit":"em","top":"","right":"","bottom":"","left":"","isLinked":true},"jedv_conditions":[{"_id":"255d69c"}]},"elements":[{"id":"186efa18","settings":{"content_width":"full","flex_direction":"row","_title":"Item","flex_justify_content_mobile":"center","jedv_conditions":[{"_id":"0e424d1"}]},"elements":[{"id":"2eb3667f","settings":{"selected_icon":{"value":"fas fa-home","library":"fa-solid"},"view":"stacked","shape":"square","size":{"unit":"em","size":1.2,"sizes":[]},"size_tablet":{"unit":"em","size":"","sizes":[]},"size_mobile":{"unit":"em","size":"","sizes":[]},"icon_padding":{"unit":"rem","size":0.8,"sizes":[]},"__globals__":{"primary_color":"globals\/colors?id=secondary","secondary_color":"globals\/colors?id=1c15ecc"},"jedv_conditions":[{"_id":"d07a61b"}]},"elements":[],"isInner":false,"widgetType":"icon","elType":"widget"},{"id":"7f258319","settings":{"content_width":"full","flex_gap":{"column":"0.2","row":"0.2","isLinked":true,"unit":"em","size":0},"flex_gap_tablet":{"column":"","row":"","isLinked":true,"unit":"em","size":null},"flex_gap_mobile":{"column":"","row":"","isLinked":true,"unit":"em","size":null},"padding":{"unit":"em","top":"0","right":"0","bottom":"0","left":"0.5","isLinked":false},"padding_tablet":{"unit":"em","top":"","right":"","bottom":"","left":"","isLinked":true},"padding_mobile":{"unit":"em","top":"","right":"","bottom":"","left":"","isLinked":true},"flex_align_items_mobile":"center","jedv_conditions":[{"_id":"5f10541"}]},"elements":[{"id":"8920ba","settings":{"title":"Address","__globals__":{"typography_typography":"","title_color":"globals\/colors?id=primary"},"title_color":"#232323","header_size":"h4","typography_typography":"custom","typography_font_family":"Raleway","typography_font_size":{"unit":"em","size":1,"sizes":[]},"typography_font_weight":"700","typography_line_height":{"unit":"em","size":1,"sizes":[]},"jedv_conditions":[{"_id":"8b3e4fd"}]},"elements":[],"isInner":false,"widgetType":"heading","elType":"widget"},{"id":"31bd4c5c","settings":{"title":"4198 Cox Road Suite 114 A <br>Glen Allen, VA 23060\n","__globals__":{"typography_typography":"globals\/typography?id=text","title_color":"globals\/colors?id=text"},"header_size":"p","title_color":"#FFFFFF","align_mobile":"center","jedv_conditions":[{"_id":"d836c70"}]},"elements":[],"isInner":false,"widgetType":"heading","elType":"widget"}],"isInner":true,"elType":"container"}],"isInner":true,"elType":"container"},{"id":"91625c","settings":{"content_width":"full","flex_direction":"row","_title":"Item","flex_justify_content_mobile":"center","jedv_conditions":[{"_id":"f2fad8b"}]},"elements":[{"id":"3ce71c1f","settings":{"selected_icon":{"value":"far fa-envelope","library":"fa-regular"},"view":"stacked","shape":"square","size":{"unit":"em","size":1.2,"sizes":[]},"size_tablet":{"unit":"em","size":"","sizes":[]},"size_mobile":{"unit":"em","size":"","sizes":[]},"icon_padding":{"unit":"rem","size":0.8,"sizes":[]},"__globals__":{"primary_color":"globals\/colors?id=secondary","secondary_color":"globals\/colors?id=1c15ecc"},"jedv_conditions":[{"_id":"2272f8e"}]},"elements":[],"isInner":false,"widgetType":"icon","elType":"widget"},{"id":"69106dfd","settings":{"content_width":"full","flex_gap":{"column":"0.2","row":"0.2","isLinked":true,"unit":"em","size":0},"flex_gap_tablet":{"column":"","row":"","isLinked":true,"unit":"em","size":null},"flex_gap_mobile":{"column":"","row":"","isLinked":true,"unit":"em","size":null},"padding":{"unit":"em","top":"0","right":"0","bottom":"0","left":"0.5","isLinked":false},"padding_tablet":{"unit":"em","top":"","right":"","bottom":"","left":"","isLinked":true},"padding_mobile":{"unit":"em","top":"","right":"","bottom":"","left":"","isLinked":true},"flex_align_items_mobile":"center","jedv_conditions":[{"_id":"320df22"}]},"elements":[{"id":"7b0ef6d0","settings":{"title":"Email","__globals__":{"typography_typography":"","title_color":"globals\/colors?id=primary"},"title_color":"#232323","header_size":"h4","typography_typography":"custom","typography_font_family":"Raleway","typography_font_size":{"unit":"em","size":1,"sizes":[]},"typography_font_weight":"700","typography_line_height":{"unit":"em","size":1,"sizes":[]},"jedv_conditions":[{"_id":"bf8ad12"}]},"elements":[],"isInner":false,"widgetType":"heading","elType":"widget"},{"id":"1d6b728f","settings":{"title":"contactus@southernelitemtg.com","__globals__":{"typography_typography":"globals\/typography?id=text","title_color":"globals\/colors?id=text"},"header_size":"p","title_color":"#FFFFFF","link":{"url":"mailto:contactus@southernelitemtg.com","is_external":"","nofollow":"","custom_attributes":""},"jedv_conditions":[{"_id":"98f4420"}]},"elements":[],"isInner":false,"widgetType":"heading","elType":"widget"}],"isInner":true,"elType":"container"}],"isInner":true,"elType":"container"}],"isInner":true,"elType":"container"},{"id":"2ce99c09","settings":{"content_width":"full","flex_direction":"row","margin":{"unit":"em","top":"0.3","right":"0","bottom":"0.3","left":"0","isLinked":false},"margin_tablet":{"unit":"em","top":"","right":"","bottom":"","left":"","isLinked":true},"margin_mobile":{"unit":"em","top":"","right":"","bottom":"","left":"","isLinked":true},"jedv_conditions":[{"_id":"d85fb8d"}]},"elements":[{"id":"67658b61","settings":{"content_width":"full","flex_direction":"row","_title":"Item","flex_justify_content_mobile":"center","jedv_conditions":[{"_id":"f5016a7"}]},"elements":[{"id":"237afd70","settings":{"selected_icon":{"value":"fas fa-phone-volume","library":"fa-solid"},"view":"stacked","shape":"square","size":{"unit":"em","size":1.2,"sizes":[]},"size_tablet":{"unit":"em","size":"","sizes":[]},"size_mobile":{"unit":"em","size":"","sizes":[]},"icon_padding":{"unit":"rem","size":0.8,"sizes":[]},"__globals__":{"primary_color":"globals\/colors?id=secondary","secondary_color":"globals\/colors?id=1c15ecc"},"jedv_conditions":[{"_id":"5df3411"}]},"elements":[],"isInner":false,"widgetType":"icon","elType":"widget"},{"id":"2e619d26","settings":{"content_width":"full","flex_gap":{"column":"0.2","row":"0.2","isLinked":true,"unit":"em","size":0},"flex_gap_tablet":{"column":"","row":"","isLinked":true,"unit":"em","size":null},"flex_gap_mobile":{"column":"","row":"","isLinked":true,"unit":"em","size":null},"padding":{"unit":"em","top":"0","right":"0","bottom":"0","left":"0.5","isLinked":false},"padding_tablet":{"unit":"em","top":"","right":"","bottom":"","left":"","isLinked":true},"padding_mobile":{"unit":"em","top":"","right":"","bottom":"","left":"","isLinked":true},"flex_align_items_mobile":"center","jedv_conditions":[{"_id":"cd4a64b"}]},"elements":[{"id":"3c13745d","settings":{"title":"Phone","__globals__":{"typography_typography":"","title_color":"globals\/colors?id=primary"},"title_color":"#232323","header_size":"h4","typography_typography":"custom","typography_font_family":"Raleway","typography_font_size":{"unit":"em","size":1,"sizes":[]},"typography_font_weight":"700","typography_line_height":{"unit":"em","size":1,"sizes":[]},"jedv_conditions":[{"_id":"86aba3f"}]},"elements":[],"isInner":false,"widgetType":"heading","elType":"widget"},{"id":"1dcd9939","settings":{"title":"804-293-2425","__globals__":{"typography_typography":"globals\/typography?id=text","title_color":"globals\/colors?id=text"},"header_size":"p","title_color":"#FFFFFF","link":{"url":"tel:804-293-2425","is_external":"","nofollow":"","custom_attributes":""},"jedv_conditions":[{"_id":"94bf0e9"}]},"elements":[],"isInner":false,"widgetType":"heading","elType":"widget"},{"id":"5719bec2","settings":{"title":"+6221.2002.2021","__globals__":{"typography_typography":"globals\/typography?id=text","title_color":"globals\/colors?id=text"},"header_size":"p","title_color":"#FFFFFF","_margin":{"unit":"em","top":"-0.2","right":"0","bottom":"0","left":"0","isLinked":false},"_margin_tablet":{"unit":"em","top":"","right":"","bottom":"","left":"","isLinked":true},"_margin_mobile":{"unit":"em","top":"","right":"","bottom":"","left":"","isLinked":true},"hide_desktop":"hidden-desktop","hide_tablet":"hidden-tablet","hide_mobile":"hidden-mobile","jedv_conditions":[{"_id":"0605e02"}]},"elements":[],"isInner":false,"widgetType":"heading","elType":"widget"}],"isInner":true,"elType":"container"}],"isInner":true,"elType":"container"},{"id":"116833c3","settings":{"content_width":"full","flex_direction":"row","_title":"Item","flex_justify_content_mobile":"center","jedv_conditions":[{"_id":"2cd8851"}]},"elements":[{"id":"4828e8ff","settings":{"selected_icon":{"value":"far fa-clock","library":"fa-regular"},"view":"stacked","shape":"square","size":{"unit":"em","size":1.2,"sizes":[]},"size_tablet":{"unit":"em","size":"","sizes":[]},"size_mobile":{"unit":"em","size":"","sizes":[]},"icon_padding":{"unit":"rem","size":0.8,"sizes":[]},"__globals__":{"primary_color":"globals\/colors?id=secondary","secondary_color":"globals\/colors?id=1c15ecc"},"jedv_conditions":[{"_id":"917d815"}]},"elements":[],"isInner":false,"widgetType":"icon","elType":"widget"},{"id":"385dcbe7","settings":{"content_width":"full","flex_gap":{"column":"0.2","row":"0.2","isLinked":true,"unit":"em","size":0},"flex_gap_tablet":{"column":"","row":"","isLinked":true,"unit":"em","size":null},"flex_gap_mobile":{"column":"","row":"","isLinked":true,"unit":"em","size":null},"padding":{"unit":"em","top":"0","right":"0","bottom":"0","left":"0.5","isLinked":false},"padding_tablet":{"unit":"em","top":"","right":"","bottom":"","left":"","isLinked":true},"padding_mobile":{"unit":"em","top":"","right":"","bottom":"","left":"","isLinked":true},"flex_align_items_mobile":"center","jedv_conditions":[{"_id":"9ca0595"}]},"elements":[{"id":"6c67c475","settings":{"title":"Office Hours","__globals__":{"typography_typography":"","title_color":"globals\/colors?id=primary"},"title_color":"#232323","header_size":"h4","typography_typography":"custom","typography_font_family":"Raleway","typography_font_size":{"unit":"em","size":1,"sizes":[]},"typography_font_weight":"700","typography_line_height":{"unit":"em","size":1,"sizes":[]},"jedv_conditions":[{"_id":"0850fcd"}]},"elements":[],"isInner":false,"widgetType":"heading","elType":"widget"},{"id":"27eb5541","settings":{"title":"Monday-Friday: 9am-5pm Available by phone and web 24 hours.","__globals__":{"typography_typography":"globals\/typography?id=text","title_color":"globals\/colors?id=text"},"header_size":"p","title_color":"#FFFFFF","align_mobile":"center","jedv_conditions":[{"_id":"3e6e5f4"}]},"elements":[],"isInner":false,"widgetType":"heading","elType":"widget"}],"isInner":true,"elType":"container"}],"isInner":true,"elType":"container"}],"isInner":true,"elType":"container"},{"id":"53a3fefa","settings":{"text":"Divider","gap":{"unit":"px","size":0,"sizes":[]},"__globals__":{"color":"globals\/colors?id=829f2c7"},"weight":{"unit":"px","size":1.5,"sizes":[]},"jedv_conditions":[{"_id":"eb4a303"}]},"elements":[],"isInner":false,"widgetType":"divider","elType":"widget"},{"id":"1c256938","settings":{"content_width":"full","flex_direction":"row","flex_align_items":"center","margin":{"unit":"em","top":"0.3","right":"0","bottom":"0","left":"0","isLinked":false},"margin_tablet":{"unit":"em","top":"","right":"","bottom":"","left":"","isLinked":true},"margin_mobile":{"unit":"em","top":"","right":"","bottom":"","left":"","isLinked":true},"flex_direction_mobile":"column","jedv_conditions":[{"_id":"5c071ea"}]},"elements":[{"id":"161e1cf6","settings":{"title":"Follow us on Social:  ","__globals__":{"typography_typography":"","title_color":"globals\/colors?id=primary"},"title_color":"#232323","header_size":"h4","typography_typography":"custom","typography_font_family":"Raleway","typography_font_size":{"unit":"em","size":1,"sizes":[]},"typography_font_weight":"700","typography_line_height":{"unit":"em","size":1,"sizes":[]},"jedv_conditions":[{"_id":"f2ee4b8"}]},"elements":[],"isInner":false,"widgetType":"heading","elType":"widget"},{"id":"4e6b9f38","settings":{"social_icon_list":[{"_id":"698091c","social_icon":{"value":"fab fa-instagram","library":"fa-brands"}},{"_id":"dae9030","social_icon":{"value":"fab fa-linkedin-in","library":"fa-brands"}},{"_id":"e2a120a","social_icon":{"value":"fab fa-facebook-f","library":"fa-brands"}}],"shape":"circle","align":"","icon_color":"custom","icon_primary_color":"#FFFFFF00","icon_size":{"unit":"rem","size":0.8,"sizes":[]},"icon_size_tablet":{"unit":"rem","size":"","sizes":[]},"icon_size_mobile":{"unit":"rem","size":"","sizes":[]},"icon_padding":{"unit":"rem","size":0.7,"sizes":[]},"icon_padding_tablet":{"unit":"rem","size":"","sizes":[]},"icon_padding_mobile":{"unit":"rem","size":"","sizes":[]},"icon_spacing":{"unit":"rem","size":0.4,"sizes":[]},"icon_spacing_tablet":{"unit":"rem","size":"","sizes":[]},"icon_spacing_mobile":{"unit":"rem","size":"","sizes":[]},"image_border_border":"solid","image_border_width":{"unit":"px","top":"1","right":"1","bottom":"1","left":"1","isLinked":true},"image_border_color":"#347A82","hover_primary_color":"#347A82","__globals__":{"image_border_color":"globals\/colors?id=secondary","hover_primary_color":"globals\/colors?id=secondary","icon_primary_color":"","icon_secondary_color":"globals\/colors?id=secondary","hover_secondary_color":"globals\/colors?id=1c15ecc"},"jedv_conditions":[{"_id":"f87b87c"}]},"elements":[],"isInner":false,"widgetType":"social-icons","elType":"widget"}],"isInner":true,"elType":"container"}],"isInner":true,"elType":"container"},{"id":"48df9082","settings":{"flex_direction":"column","content_width":"full","width":{"unit":"%","size":"50"},"background_image":{"url":"","id":"","size":"","alt":"","source":"library"},"border_width":{"unit":"px","top":"0","right":"0","bottom":"2","left":"2","isLinked":false},"border_color":"#347A824D","padding":{"unit":"em","top":"0","right":"0","bottom":"0","left":"2","isLinked":false},"padding_tablet":{"unit":"em","top":"","right":"","bottom":"","left":"","isLinked":true},"padding_mobile":{"unit":"em","top":"0","right":"0","bottom":"0","left":"0","isLinked":false},"flex_justify_content":"center","jedv_conditions":[{"_id":"86e0498"}]},"elements":[{"id":"62eb7e85","settings":{"content_width":"full","background_background":"classic","box_shadow_box_shadow_type":"yes","box_shadow_box_shadow":{"horizontal":0,"vertical":10,"blur":40,"spread":-5,"color":"rgba(0, 0, 0, 0.15)"},"padding":{"unit":"em","top":"2","right":"2","bottom":"2","left":"2","isLinked":true},"padding_tablet":{"unit":"em","top":"","right":"","bottom":"","left":"","isLinked":true},"padding_mobile":{"unit":"em","top":"","right":"","bottom":"","left":"","isLinked":true},"__globals__":{"background_color":"globals\/colors?id=1c15ecc"},"_title":"Card","jedv_conditions":[{"_id":"706fdd2"}]},"elements":[{"id":"79803e9b","settings":{"title":"Send us a message","title_color":"#232323","__globals__":{"title_color":"globals\/colors?id=primary","typography_typography":"globals\/typography?id=primary"},"jedv_conditions":[{"_id":"186ac9a"}]},"elements":[],"isInner":false,"widgetType":"heading","elType":"widget"},{"id":"4ced5bac","settings":{"title":"Let\u2019s get started today.","__globals__":{"typography_typography":"globals\/typography?id=text","title_color":"globals\/colors?id=text"},"header_size":"p","title_color":"#385566","jedv_conditions":[{"_id":"d38692b"}]},"elements":[],"isInner":false,"widgetType":"heading","elType":"widget"},{"id":"7aca734c","settings":{"form_id":"434","required_mark":" ","submit_type":"ajax","form_row_gap_before":{"unit":"px","size":0,"sizes":[]},"form_row_gap_after":{"unit":"px","size":0,"sizes":[]},"form_label_typography_typography":"custom","form_label_typography_font_family":"Inter","form_label_typography_font_size":{"unit":"rem","size":0.8,"sizes":[]},"form_label_typography_font_size_tablet":{"unit":"rem","size":"","sizes":[]},"form_label_typography_font_size_mobile":{"unit":"rem","size":"","sizes":[]},"form_label_typography_font_weight":"500","form_label_typography_line_height":{"unit":"em","size":1.4,"sizes":[]},"form_label_color":"#232323","fields_typography_typography":"custom","fields_typography_font_family":"Inter","fields_typography_font_size":{"unit":"rem","size":0.85,"sizes":[]},"fields_typography_font_size_tablet":{"unit":"rem","size":"","sizes":[]},"fields_typography_font_size_mobile":{"unit":"rem","size":"","sizes":[]},"fields_typography_font_weight":"400","fields_typography_line_height":{"unit":"em","size":1.4,"sizes":[]},"__globals__":{"form_label_typography_typography":"","form_label_color":"globals\/colors?id=primary","fields_typography_typography":"","fields_color":"globals\/colors?id=text","fields_placeholder_color":"","fields_border_color":"globals\/colors?id=829f2c7","booking_form_submit_bg_color":"globals\/colors?id=accent","booking_form_submit_bg_color_hover":"globals\/colors?id=eb3d4e3","booking_form_submit_color":"globals\/colors?id=1c15ecc","booking_form_submit_color_hover":"globals\/colors?id=1c15ecc","booking_form_submit_typography_typography":"","form_success_typography_typography":"","form_error_typography_typography":"globals\/typography?id=text"},"fields_color":"#385566","fields_placeholder_color":"#38556673","fields_border_border":"solid","fields_border_width":{"unit":"px","top":"0","right":"0","bottom":"1","left":"0","isLinked":false},"fields_border_color":"#D2DEE6","fields_textarea_height":{"unit":"em","size":7,"sizes":[]},"fields_textarea_height_tablet":{"unit":"em","size":"","sizes":[]},"fields_textarea_height_mobile":{"unit":"em","size":"","sizes":[]},"booking_form_submit_bg_color":"#19A2BF","booking_form_submit_color":"#FFFFFF","booking_form_submit_bg_color_hover":"#ECBB59","booking_form_submit_color_hover":"#FFFFFF","booking_form_submit_typography_typography":"custom","booking_form_submit_typography_font_family":"Inter","booking_form_submit_typography_font_size":{"unit":"rem","size":0.85,"sizes":[]},"booking_form_submit_typography_font_size_tablet":{"unit":"rem","size":"","sizes":[]},"booking_form_submit_typography_font_size_mobile":{"unit":"rem","size":"","sizes":[]},"booking_form_submit_typography_font_weight":"600","booking_form_submit_typography_line_height":{"unit":"em","size":1.4,"sizes":[]},"booking_form_submit_padding":{"unit":"em","top":"0.7","right":"1","bottom":"0.7","left":"1","isLinked":false},"booking_form_submit_padding_tablet":{"unit":"em","top":"","right":"","bottom":"","left":"","isLinked":true},"booking_form_submit_padding_mobile":{"unit":"em","top":"","right":"","bottom":"","left":"","isLinked":true},"booking_form_submit_border_border":"none","booking_form_submit_border_radius":{"unit":"px","top":"0","right":"0","bottom":"0","left":"0","isLinked":false},"booking_form_submit_alignment":"stretch","booking_form_submit_alignment_text":"center","form_success_margin":{"unit":"px","top":"0","right":"0","bottom":"0","left":"0","isLinked":false},"form_success_padding":{"unit":"px","top":"0","right":"0","bottom":"0","left":"0","isLinked":false},"form_success_typography_typography":"custom","form_success_typography_font_family":"Inter","form_success_typography_font_size":{"unit":"em","size":0.85,"sizes":[]},"form_success_typography_font_weight":"400","form_success_typography_line_height":{"unit":"em","size":1.4,"sizes":[]},"form_success_border_border":"none","form_error_margin":{"unit":"px","top":"0","right":"0","bottom":"0","left":"0","isLinked":false},"form_error_padding":{"unit":"px","top":"0","right":"0","bottom":"0","left":"0","isLinked":false},"form_error_border_border":"none","custom_css":"selector .wp-container-core-columns-is-layout-1,\n.wp-container-core-columns-is-layout-2 {\n  margin: 0;\n  gap: 1em;\n}\n\n@media screen and (max-width: 767px) {\n  selector .wp-container-core-columns-is-layout-1,\n  .wp-container-core-columns-is-layout-2 {\n    gap: 0;\n  }\n}","form_label_margin":{"unit":"em","top":"0","right":"0","bottom":"0.2","left":"0","isLinked":false},"form_label_margin_tablet":{"unit":"em","top":"","right":"","bottom":"","left":"","isLinked":true},"form_label_margin_mobile":{"unit":"em","top":"","right":"","bottom":"","left":"","isLinked":true},"jedv_conditions":[{"_id":"302535f"}]},"elements":[],"isInner":false,"widgetType":"jet-form-builder-form","elType":"widget"}],"isInner":true,"elType":"container"}],"isInner":true,"elType":"container"}],"isInner":false,"elType":"container"},{"id":"2b8b009c","settings":{"flex_direction":"column","content_width":"full","jedv_conditions":[{"_id":"3cb53ce"}]},"elements":[{"id":"5d268bdf","settings":{"address":"4198 Cox Road Suite 114       Glen Allen, VA 23060","zoom":{"unit":"px","size":14,"sizes":[]},"height":{"unit":"em","size":28,"sizes":[]},"height_tablet":{"unit":"em","size":"","sizes":[]},"height_mobile":{"unit":"em","size":16,"sizes":[]},"jedv_conditions":[{"_id":"39396b9"}]},"elements":[],"isInner":false,"widgetType":"google_maps","elType":"widget"}],"isInner":false,"elType":"container"}],"settings":{"template":"elementor_header_footer"},"metadata":[]}