{"content":[{"id":"2f19b06f","settings":{"flex_direction":"row","background_background":"classic","background_image":{"url":"https:\/\/southernelitemtg.com\/wp-content\/uploads\/2024\/07\/compressed_shutterstock_2478507377.jpg","id":1220,"size":"","alt":"","source":"library"},"min_height":{"unit":"em","size":36,"sizes":[]},"min_height_tablet":{"unit":"vh","size":"","sizes":[]},"min_height_mobile":{"unit":"em","size":34,"sizes":[]},"flex_gap":{"column":"0","row":"0","isLinked":false,"unit":"px","size":0},"background_position":"center center","background_repeat":"no-repeat","background_size":"cover","background_overlay_background":"classic","background_overlay_color":"#000000","padding":{"unit":"em","top":"0","right":"8","bottom":"0","left":"8","isLinked":false},"padding_tablet":{"unit":"em","top":"","right":"","bottom":"","left":"","isLinked":true},"padding_mobile":{"unit":"em","top":"2","right":"1","bottom":"2","left":"1","isLinked":false},"jedv_conditions":[{"_id":"cdfcd6e"}]},"elements":[{"id":"324e6864","settings":{"content_width":"full","flex_justify_content":"center","flex_gap":{"column":"1.5","row":"1.5","isLinked":true,"unit":"em","size":1},"flex_gap_tablet":{"column":"","row":"","isLinked":true,"unit":"em","size":null},"flex_gap_mobile":{"column":"","row":"","isLinked":true,"unit":"em","size":null},"jedv_conditions":[{"_id":"3942c82"}]},"elements":[{"id":"27c4c7d3","settings":{"title":"Simplify your Mortgage Journey with Southern Elite Mortgage","typography_typography":"custom","typography_font_family":"Inter","typography_font_size":{"unit":"em","size":3.2,"sizes":[]},"typography_font_size_tablet":{"unit":"rem","size":"","sizes":[]},"typography_font_size_mobile":{"unit":"rem","size":2.4,"sizes":[]},"typography_font_weight":"700","typography_line_height":{"unit":"em","size":1.1,"sizes":[]},"typography_letter_spacing":{"unit":"em","size":-0.02,"sizes":[]},"__globals__":{"title_color":"globals\/colors?id=1c15ecc"},"typography_line_height_mobile":{"unit":"em","size":1.15,"sizes":[]},"jedv_conditions":[{"_id":"4eb416c"}],"header_size":"h1"},"elements":[],"isInner":false,"widgetType":"heading","elType":"widget"},{"id":"1b932c30","settings":{"title":"From Dreams to Keys, Unlock your dream home today.","title_color":"#FFFFFF","typography_typography":"custom","typography_font_family":"Inter","typography_font_size":{"unit":"em","size":1,"sizes":[]},"typography_font_weight":"400","typography_line_height":{"unit":"em","size":1.4,"sizes":[]},"__globals__":{"title_color":"globals\/colors?id=1c15ecc","typography_typography":""},"jedv_conditions":[{"_id":"ab9c285"}]},"elements":[],"isInner":false,"widgetType":"heading","elType":"widget"},{"id":"532af6f4","settings":{"content_width":"full","flex_direction":"row","margin":{"unit":"em","top":"0.5","right":"0","bottom":"0","left":"0","isLinked":false},"margin_tablet":{"unit":"em","top":"","right":"","bottom":"","left":"","isLinked":true},"margin_mobile":{"unit":"em","top":"","right":"","bottom":"","left":"","isLinked":true},"jedv_conditions":[{"_id":"03c11ff"}]},"elements":[{"id":"58bfe2d0","settings":{"text":"Apply Online","border_border":"solid","border_width":{"unit":"px","top":"2","right":"2","bottom":"2","left":"2","isLinked":true},"border_radius":{"unit":"px","top":"0","right":"0","bottom":"0","left":"0","isLinked":true},"text_padding":{"unit":"em","top":"0.7","right":"1.6","bottom":"0.7","left":"1.6","isLinked":false},"text_padding_tablet":{"unit":"em","top":"","right":"","bottom":"","left":"","isLinked":true},"text_padding_mobile":{"unit":"em","top":"","right":"","bottom":"","left":"","isLinked":true},"__globals__":{"button_text_color":"globals\/colors?id=1c15ecc","border_color":"globals\/colors?id=accent","hover_color":"globals\/colors?id=5590b3c","button_background_hover_color":"globals\/colors?id=eb3d4e3","button_hover_border_color":"globals\/colors?id=eb3d4e3"},"jedv_conditions":[{"_id":"d596ec6"}],"link":{"url":"https:\/\/eliteteamrva.my1003app.com\/2349520\/register?time=1722875945626","is_external":"on","nofollow":"","custom_attributes":""}},"elements":[],"isInner":false,"widgetType":"button","elType":"widget"},{"id":"2229acbf","settings":{"text":"Discover More","background_color":"#19A2BF00","border_border":"solid","border_width":{"unit":"px","top":"2","right":"2","bottom":"2","left":"2","isLinked":true},"border_radius":{"unit":"px","top":"0","right":"0","bottom":"0","left":"0","isLinked":true},"text_padding":{"unit":"em","top":"0.7","right":"1.6","bottom":"0.7","left":"1.6","isLinked":false},"text_padding_tablet":{"unit":"em","top":"","right":"","bottom":"","left":"","isLinked":true},"text_padding_mobile":{"unit":"em","top":"","right":"","bottom":"","left":"","isLinked":true},"__globals__":{"button_text_color":"globals\/colors?id=1c15ecc","hover_color":"globals\/colors?id=secondary","button_background_hover_color":"globals\/colors?id=1c15ecc","border_color":"globals\/colors?id=1c15ecc","button_hover_border_color":"globals\/colors?id=1c15ecc"},"link":{"url":"#contact","is_external":"","nofollow":"","custom_attributes":""},"jedv_conditions":[{"_id":"2cc862a"}]},"elements":[],"isInner":false,"widgetType":"button","elType":"widget"}],"isInner":true,"elType":"container"}],"isInner":true,"elType":"container"},{"id":"2d8f553c","settings":{"content_width":"full","flex_justify_content":"center","jedv_conditions":[{"_id":"861af97"}]},"elements":[],"isInner":true,"elType":"container"}],"isInner":false,"elType":"container"},{"id":"de051de","settings":{"flex_direction":"row","flex_gap":{"unit":"px","size":0,"column":"0","row":"0"},"padding":{"unit":"em","top":"5","right":"8","bottom":"7","left":"8","isLinked":false},"padding_tablet":{"unit":"em","top":"","right":"","bottom":"","left":"","isLinked":true},"padding_mobile":{"unit":"em","top":"5","right":"1","bottom":"3","left":"1","isLinked":false},"jedv_conditions":[{"_id":"e35c753"}]},"elements":[{"id":"2fd8fa00","settings":{"flex_direction":"column","content_width":"full","width":{"unit":"%","size":"50"},"background_image":{"url":"","id":"","size":"","alt":"","source":"library"},"border_border":"dashed","border_width":{"unit":"px","top":"0","right":"0","bottom":"2","left":"2","isLinked":false},"border_color":"#347A824D","padding":{"unit":"em","top":"0","right":"2","bottom":"1","left":"1","isLinked":false},"padding_tablet":{"unit":"em","top":"","right":"","bottom":"","left":"","isLinked":true},"padding_mobile":{"unit":"em","top":"0","right":"0","bottom":"0","left":"0","isLinked":false},"min_height_mobile":{"unit":"em","size":28,"sizes":[]},"jedv_conditions":[{"_id":"af89d93"}]},"elements":[{"id":"2a0c8463","settings":{"content_width":"full","min_height":{"unit":"custom","size":"100%","sizes":[]},"min_height_tablet":{"unit":"vh","size":"","sizes":[]},"min_height_mobile":{"unit":"vh","size":"","sizes":[]},"background_background":"classic","background_image":{"url":"https:\/\/southernelitemtg.com\/wp-content\/uploads\/2024\/07\/couple-are-moving-to-new-apartment-e1695294159493.jpg","id":69,"size":"","alt":"","source":"library"},"background_position":"center center","background_repeat":"no-repeat","background_size":"cover","jedv_conditions":[{"_id":"62aacc5"}]},"elements":[],"isInner":true,"elType":"container"},{"id":"7e678cb4","settings":{"content_width":"full","width":{"unit":"em","size":12,"sizes":[]},"width_tablet":{"unit":"em","size":"","sizes":[]},"width_mobile":{"unit":"em","size":12,"sizes":[]},"background_background":"classic","box_shadow_box_shadow_type":"yes","box_shadow_box_shadow":{"horizontal":0,"vertical":0,"blur":10,"spread":-5,"color":"rgba(0, 0, 0, 0.5)"},"padding":{"unit":"em","top":"0.6","right":"0.6","bottom":"0.6","left":"0.6","isLinked":true},"padding_tablet":{"unit":"em","top":"","right":"","bottom":"","left":"","isLinked":true},"padding_mobile":{"unit":"em","top":"","right":"","bottom":"","left":"","isLinked":true},"position":"absolute","_offset_x":{"unit":"em","size":-2,"sizes":[]},"_offset_x_tablet":{"unit":"em","size":"","sizes":[]},"_offset_x_mobile":{"unit":"em","size":-1,"sizes":[]},"_offset_y":{"unit":"em","size":-2,"sizes":[]},"_offset_y_tablet":{"unit":"em","size":"","sizes":[]},"_offset_y_mobile":{"unit":"em","size":-2,"sizes":[]},"__globals__":{"background_color":"globals\/colors?id=1c15ecc"},"jedv_conditions":[{"_id":"fab9b7c"}]},"elements":[{"id":"7cd2c32c","settings":{"image":{"url":"https:\/\/southernelitemtg.com\/wp-content\/uploads\/2024\/07\/real-estate-brokers-offer-home-designs-for-clients-to-trade-with-a-mortgage-loan-contract-e1695126478357.jpg","id":70,"size":"","alt":"","source":"library"},"image_size":"full","width":{"unit":"%","size":100,"sizes":[]},"height":{"unit":"em","size":7.5,"sizes":[]},"height_tablet":{"unit":"em","size":"","sizes":[]},"height_mobile":{"unit":"em","size":"","sizes":[]},"object-fit":"cover","_element_custom_width":{"unit":"em","size":"","sizes":[]},"_element_custom_width_tablet":{"unit":"em","size":"","sizes":[]},"_element_custom_width_mobile":{"unit":"em","size":"","sizes":[]},"jedv_conditions":[{"_id":"7a2aaba"}]},"elements":[],"isInner":false,"widgetType":"image","elType":"widget"}],"isInner":true,"elType":"container"},{"id":"728a8570","settings":{"content_width":"full","width":{"unit":"em","size":28,"sizes":[]},"width_tablet":{"unit":"em","size":"","sizes":[]},"width_mobile":{"unit":"em","size":"","sizes":[]},"background_background":"classic","box_shadow_box_shadow_type":"yes","box_shadow_box_shadow":{"horizontal":0,"vertical":0,"blur":10,"spread":-5,"color":"rgba(0, 0, 0, 0.5)"},"padding":{"unit":"em","top":"1.5","right":"1.5","bottom":"1.5","left":"1.5","isLinked":true},"padding_tablet":{"unit":"em","top":"","right":"","bottom":"","left":"","isLinked":true},"padding_mobile":{"unit":"em","top":"","right":"","bottom":"","left":"","isLinked":true},"position":"absolute","_offset_x":{"unit":"em","size":"","sizes":[]},"_offset_x_tablet":{"unit":"em","size":"","sizes":[]},"_offset_x_mobile":{"unit":"em","size":"","sizes":[]},"_offset_y":{"unit":"em","size":"","sizes":[]},"_offset_y_tablet":{"unit":"em","size":"","sizes":[]},"_offset_y_mobile":{"unit":"em","size":"","sizes":[]},"__globals__":{"background_color":"globals\/colors?id=1c15ecc"},"flex_direction":"row","flex_gap":{"column":"0","row":"0","isLinked":false,"unit":"px","size":0},"_offset_orientation_h":"end","_offset_orientation_v":"end","_offset_y_end":{"unit":"em","size":-3,"sizes":[]},"_offset_y_end_tablet":{"unit":"em","size":"","sizes":[]},"_offset_y_end_mobile":{"unit":"em","size":"","sizes":[]},"jedv_conditions":[{"_id":"14f6165"}]},"elements":[{"id":"a25c42e","settings":{"content_width":"full","width":{"unit":"%","size":30,"sizes":[]},"flex_justify_content":"center","flex_align_items":"center","flex_gap":{"column":"0.5","row":"0.5","isLinked":true,"unit":"em","size":0},"flex_gap_tablet":{"column":"","row":"","isLinked":true,"unit":"em","size":null},"flex_gap_mobile":{"column":"","row":"","isLinked":true,"unit":"em","size":null},"padding":{"unit":"em","top":"0","right":"1","bottom":"0","left":"0","isLinked":false},"padding_tablet":{"unit":"em","top":"","right":"","bottom":"","left":"","isLinked":true},"padding_mobile":{"unit":"em","top":"","right":"","bottom":"","left":"","isLinked":true},"jedv_conditions":[{"_id":"1c5a333"}]},"elements":[{"id":"30453604","settings":{"title":"Over 25 ","typography_typography":"custom","typography_font_family":"Raleway","typography_font_size":{"unit":"em","size":2.8,"sizes":[]},"typography_font_size_tablet":{"unit":"rem","size":"","sizes":[]},"typography_font_size_mobile":{"unit":"rem","size":"","sizes":[]},"typography_font_weight":"800","typography_line_height":{"unit":"em","size":0.7,"sizes":[]},"typography_letter_spacing":{"unit":"em","size":-0.02,"sizes":[]},"__globals__":{"title_color":"globals\/colors?id=secondary"},"jedv_conditions":[{"_id":"a757164"}]},"elements":[],"isInner":false,"widgetType":"heading","elType":"widget"},{"id":"7fc5df2","settings":{"title":"Years of Experience","__globals__":{"typography_typography":"globals\/typography?id=text","title_color":"globals\/colors?id=text"},"jedv_conditions":[{"_id":"24ddeef"}]},"elements":[],"isInner":false,"widgetType":"heading","elType":"widget"}],"isInner":true,"elType":"container"},{"id":"4a95f7d1","settings":{"content_width":"full","width":{"unit":"%","size":70,"sizes":[]},"flex_justify_content":"center","border_border":"solid","border_width":{"unit":"px","top":"0","right":"0","bottom":"0","left":"3","isLinked":false},"padding":{"unit":"em","top":"0","right":"0","bottom":"0","left":"1","isLinked":false},"padding_tablet":{"unit":"em","top":"","right":"","bottom":"","left":"","isLinked":true},"padding_mobile":{"unit":"em","top":"","right":"","bottom":"","left":"","isLinked":true},"__globals__":{"border_color":"globals\/colors?id=secondary"},"jedv_conditions":[{"_id":"24c82e4"}]},"elements":[{"id":"69f89756","settings":{"title":"Transparency and honesty are at the core of everything we do. We believe in clear communication and providing you with all the information you need to make informed decisions about your mortgage.","__globals__":{"typography_typography":"globals\/typography?id=text","title_color":"globals\/colors?id=text"},"header_size":"p","title_color":"#385566","jedv_conditions":[{"_id":"1d434e4"}]},"elements":[],"isInner":false,"widgetType":"heading","elType":"widget"}],"isInner":true,"elType":"container"}],"isInner":true,"elType":"container"}],"isInner":true,"elType":"container"},{"id":"71e7f3e4","settings":{"flex_direction":"column","content_width":"full","width":{"unit":"%","size":"50"},"flex_justify_content":"center","padding":{"unit":"em","top":"0","right":"0","bottom":"0","left":"2","isLinked":false},"padding_tablet":{"unit":"em","top":"","right":"","bottom":"","left":"","isLinked":true},"padding_mobile":{"unit":"em","top":"5","right":"0","bottom":"0","left":"0","isLinked":false},"jedv_conditions":[{"_id":"c44f207"}]},"elements":[{"id":"1fb49aec","settings":{"title":"Learn More","__globals__":{"title_color":"globals\/colors?id=secondary","typography_typography":"globals\/typography?id=a30e13a"},"jedv_conditions":[{"_id":"b6b0c61"}]},"elements":[],"isInner":false,"widgetType":"heading","elType":"widget"},{"id":"34a4a12c","settings":{"title":"Discover Competitive Rates and Personalized Service for Every Homebuyer","title_color":"#232323","__globals__":{"title_color":"globals\/colors?id=primary","typography_typography":"globals\/typography?id=primary"},"jedv_conditions":[{"_id":"e7e3c3f"}]},"elements":[],"isInner":false,"widgetType":"heading","elType":"widget"},{"id":"453814b4","settings":{"title":"At Southern Elite Mortgage we understand that every homebuyer is unique. That's why we offer competitive rates and personalized service to meet your individual needs. Whether you're a first-time homebuyer or looking to refinance, our team of experienced professionals is here to guide you through every step of the process. We provide you with the best mortgage solutions to help you unlock the door to your dream home. Experience a smooth and transparent journey with us, where your financial goals and dreams are our top priority.","__globals__":{"typography_typography":"","title_color":"globals\/colors?id=text"},"header_size":"p","title_color":"#385566","typography_typography":"custom","typography_font_family":"Inter","typography_font_size":{"unit":"em","size":1,"sizes":[]},"typography_font_size_tablet":{"unit":"rem","size":"","sizes":[]},"typography_font_size_mobile":{"unit":"rem","size":"","sizes":[]},"typography_font_weight":"400","typography_line_height":{"unit":"em","size":1.4,"sizes":[]},"jedv_conditions":[{"_id":"5c224c1"}]},"elements":[],"isInner":false,"widgetType":"heading","elType":"widget"},{"id":"70453753","settings":{"title":"Whether you're a first-time homebuyer or looking to refinance, our team of experienced professionals is here to guide you through every step of the process. We provide you with the best mortgage solutions to help you unlock the door to your dream home. Experience a smooth and transparent journey with us, where your financial goals and dreams are our top priority.","__globals__":{"typography_typography":"globals\/typography?id=text","title_color":"globals\/colors?id=text"},"header_size":"p","title_color":"#385566","jedv_conditions":[{"_id":"e688eeb"}],"hide_desktop":"hidden-desktop","hide_tablet":"hidden-tablet","hide_mobile":"hidden-mobile"},"elements":[],"isInner":false,"widgetType":"heading","elType":"widget"},{"id":"52605b6","settings":{"content_width":"full","flex_direction":"row","flex_align_items":"center","margin":{"unit":"em","top":"0","right":"0","bottom":"0","left":"0","isLinked":false},"margin_tablet":{"unit":"em","top":"","right":"","bottom":"","left":"","isLinked":true},"margin_mobile":{"unit":"em","top":"","right":"","bottom":"","left":"","isLinked":true},"jedv_conditions":[{"_id":"bae0847"}]},"elements":[{"id":"6d477b29","settings":{"text":"Apply Today","border_radius":{"unit":"px","top":"0","right":"0","bottom":"0","left":"0","isLinked":false},"text_padding":{"unit":"em","top":"0.7","right":"1.3","bottom":"0.7","left":"1.3","isLinked":false},"text_padding_tablet":{"unit":"em","top":"","right":"","bottom":"","left":"","isLinked":true},"text_padding_mobile":{"unit":"em","top":"","right":"","bottom":"","left":"","isLinked":true},"_margin":{"unit":"em","top":"","right":"","bottom":"","left":"","isLinked":true},"_margin_tablet":{"unit":"em","top":"","right":"","bottom":"","left":"","isLinked":true},"_margin_mobile":{"unit":"em","top":"","right":"","bottom":"","left":"","isLinked":true},"__globals__":{"background_color":"globals\/colors?id=accent","button_background_hover_color":"globals\/colors?id=eb3d4e3","button_text_color":"globals\/colors?id=1c15ecc","hover_color":"globals\/colors?id=5590b3c"},"jedv_conditions":[{"_id":"c1b80cf"}],"link":{"url":"https:\/\/eliteteamrva.my1003app.com\/2349520\/register?time=1722875945626","is_external":"on","nofollow":"","custom_attributes":""}},"elements":[],"isInner":false,"widgetType":"button","elType":"widget"},{"id":"3b729de4","settings":{"selected_icon":{"value":"fas fa-play","library":"fa-solid"},"title_text":"Play Intro","description_text":"","position":"left","content_vertical_alignment":"middle","icon_space":{"unit":"em","size":1,"sizes":[]},"title_bottom_space":{"unit":"px","size":8,"sizes":[]},"icon_size":{"unit":"em","size":0.8,"sizes":[]},"icon_size_tablet":{"unit":"em","size":"","sizes":[]},"icon_size_mobile":{"unit":"em","size":"","sizes":[]},"title_typography_typography":"custom","title_typography_font_family":"Inter","title_typography_font_size":{"unit":"em","size":1,"sizes":[]},"title_typography_font_size_tablet":{"unit":"rem","size":"","sizes":[]},"title_typography_font_size_mobile":{"unit":"rem","size":"","sizes":[]},"title_typography_font_weight":"600","title_typography_line_height":{"unit":"em","size":1.4,"sizes":[]},"title_typography_line_height_tablet":{"unit":"rem","size":"","sizes":[]},"title_typography_line_height_mobile":{"unit":"rem","size":"","sizes":[]},"description_typography_typography":"custom","description_typography_font_family":"Inter","description_typography_font_size":{"unit":"em","size":0.85,"sizes":[]},"description_typography_font_weight":"400","description_typography_line_height":{"unit":"em","size":1.4,"sizes":[]},"__globals__":{"title_typography_typography":"","primary_color":"globals\/colors?id=accent"},"view":"framed","icon_space_tablet":{"unit":"em","size":"","sizes":[]},"icon_space_mobile":{"unit":"em","size":"","sizes":[]},"icon_padding":{"unit":"em","size":1,"sizes":[]},"icon_padding_tablet":{"unit":"em","size":"","sizes":[]},"icon_padding_mobile":{"unit":"em","size":"","sizes":[]},"border_width":{"unit":"px","top":"2","right":"2","bottom":"2","left":"2","isLinked":true},"hide_desktop":"hidden-desktop","hide_tablet":"hidden-tablet","hide_mobile":"hidden-mobile","jedv_conditions":[{"_id":"4679c6c"}]},"elements":[],"isInner":false,"widgetType":"icon-box","elType":"widget"}],"isInner":true,"elType":"container"}],"isInner":true,"elType":"container"}],"isInner":false,"elType":"container"},{"id":"425bfd89","settings":{"flex_direction":"row","flex_gap":{"column":"0","row":"0","isLinked":false,"unit":"px","size":0},"padding":{"unit":"em","top":"4","right":"8","bottom":"4","left":"8","isLinked":false},"padding_tablet":{"unit":"em","top":"","right":"","bottom":"","left":"","isLinked":true},"padding_mobile":{"unit":"em","top":"0","right":"1","bottom":"3","left":"1","isLinked":false},"jedv_conditions":[{"_id":"6186cd3"}]},"elements":[{"id":"4f050337","settings":{"content_width":"full","flex_justify_content":"center","flex_gap":{"column":"0.5","row":"0.5","isLinked":true,"unit":"em","size":0},"flex_gap_tablet":{"column":"","row":"","isLinked":true,"unit":"em","size":null},"flex_gap_mobile":{"column":"","row":"","isLinked":true,"unit":"em","size":null},"background_background":"classic","padding":{"unit":"em","top":"1","right":"1","bottom":"1","left":"1","isLinked":false},"padding_tablet":{"unit":"em","top":"","right":"","bottom":"","left":"","isLinked":true},"padding_mobile":{"unit":"em","top":"","right":"","bottom":"","left":"","isLinked":true},"__globals__":{"background_color":"globals\/colors?id=text"},"min_height_mobile":{"unit":"em","size":10,"sizes":[]},"jedv_conditions":[{"_id":"c9a7fb8"}]},"elements":[{"id":"1c75e781","settings":{"title":"White Glove Experience","title_color":"#FFFFFF","__globals__":{"title_color":"globals\/colors?id=1c15ecc","typography_typography":""},"typography_typography":"custom","typography_font_family":"Raleway","typography_font_size":{"unit":"em","size":1.6,"sizes":[]},"typography_font_size_tablet":{"unit":"rem","size":"","sizes":[]},"typography_font_size_mobile":{"unit":"rem","size":"","sizes":[]},"typography_font_weight":"700","typography_line_height":{"unit":"em","size":1.2,"sizes":[]},"typography_letter_spacing":{"unit":"em","size":-0.02,"sizes":[]},"jedv_conditions":[{"_id":"1004846"}]},"elements":[],"isInner":false,"widgetType":"heading","elType":"widget"},{"id":"741d92af","settings":{"width":{"unit":"em","size":4,"sizes":[]},"width_tablet":{"unit":"em","size":"","sizes":[]},"width_mobile":{"unit":"em","size":"","sizes":[]},"text":"Divider","weight":{"unit":"px","size":3,"sizes":[]},"gap":{"unit":"px","size":10,"sizes":[]},"__globals__":{"color":"globals\/colors?id=eb3d4e3"},"jedv_conditions":[{"_id":"1b3fcbd"}]},"elements":[],"isInner":false,"widgetType":"divider","elType":"widget"}],"isInner":true,"elType":"container"},{"id":"71c73624","settings":{"content_width":"full","flex_gap":{"column":"0.8","row":"0.8","isLinked":true,"unit":"em","size":0},"flex_gap_tablet":{"column":"","row":"","isLinked":true,"unit":"em","size":null},"flex_gap_mobile":{"column":"","row":"","isLinked":true,"unit":"em","size":null},"padding":{"unit":"em","top":"1.5","right":"2","bottom":"1.5","left":"2","isLinked":false},"padding_tablet":{"unit":"em","top":"","right":"","bottom":"","left":"","isLinked":true},"padding_mobile":{"unit":"em","top":"","right":"","bottom":"","left":"","isLinked":true},"margin_mobile":{"unit":"em","top":"1","right":"0","bottom":"0","left":"0","isLinked":false},"jedv_conditions":[{"_id":"8ff491b"}]},"elements":[{"id":"748ffd77","settings":{"selected_icon":{"value":{"url":"https:\/\/southernelitemtg.com\/wp-content\/uploads\/2024\/07\/Asset-51.svg","id":1651},"library":"svg"},"size":{"unit":"em","size":1.6,"sizes":[]},"size_tablet":{"unit":"em","size":"","sizes":[]},"size_mobile":{"unit":"em","size":"","sizes":[]},"_element_custom_width":{"unit":"em","size":"","sizes":[]},"_element_custom_width_tablet":{"unit":"em","size":"","sizes":[]},"_element_custom_width_mobile":{"unit":"em","size":"","sizes":[]},"jedv_conditions":[{"_id":"cfbbde3"}],"fit_to_size":"yes"},"elements":[],"isInner":false,"widgetType":"icon","elType":"widget"},{"id":"574497b1","settings":{"title":"Home Purchase","align":"center","__globals__":{"typography_typography":"globals\/typography?id=cd3e740"},"jedv_conditions":[{"_id":"ac214b5"}]},"elements":[],"isInner":false,"widgetType":"heading","elType":"widget"},{"id":"1f9ab88f","settings":{"title":"Secure the keys to your new home with our tailored home purchase mortgage solutions, designed to fit your budget and lifestyle.","align":"center","__globals__":{"title_color":"globals\/colors?id=text","typography_typography":"globals\/typography?id=text"},"jedv_conditions":[{"_id":"fd90c53"}]},"elements":[],"isInner":false,"widgetType":"heading","elType":"widget"}],"isInner":true,"elType":"container"},{"id":"958679a","settings":{"content_width":"full","flex_gap":{"column":"0.8","row":"0.8","isLinked":true,"unit":"em","size":0},"flex_gap_tablet":{"column":"","row":"","isLinked":true,"unit":"em","size":null},"flex_gap_mobile":{"column":"","row":"","isLinked":true,"unit":"em","size":null},"padding":{"unit":"em","top":"1.5","right":"2","bottom":"1.5","left":"2","isLinked":false},"padding_tablet":{"unit":"em","top":"","right":"","bottom":"","left":"","isLinked":true},"padding_mobile":{"unit":"em","top":"","right":"","bottom":"","left":"","isLinked":true},"jedv_conditions":[{"_id":"63d08af"}]},"elements":[{"id":"82bcba0","settings":{"selected_icon":{"value":{"url":"https:\/\/southernelitemtg.com\/wp-content\/uploads\/2024\/07\/Asset-3.svg","id":1653},"library":"svg"},"size":{"unit":"em","size":1.6,"sizes":[]},"size_tablet":{"unit":"em","size":"","sizes":[]},"size_mobile":{"unit":"em","size":"","sizes":[]},"_element_custom_width":{"unit":"em","size":"","sizes":[]},"_element_custom_width_tablet":{"unit":"em","size":"","sizes":[]},"_element_custom_width_mobile":{"unit":"em","size":"","sizes":[]},"jedv_conditions":[{"_id":"c83e4d7"}],"fit_to_size":"yes"},"elements":[],"isInner":false,"widgetType":"icon","elType":"widget"},{"id":"2a28a3e0","settings":{"title":"Home Refinance","align":"center","__globals__":{"typography_typography":"globals\/typography?id=cd3e740"},"jedv_conditions":[{"_id":"1db9e6b"}]},"elements":[],"isInner":false,"widgetType":"heading","elType":"widget"},{"id":"567551c3","settings":{"title":"Whether you looking to lower your monthly payment or consolidate debt with a cash-out, our team is dedicated to providing you with the best options for your needs.","align":"center","__globals__":{"title_color":"globals\/colors?id=text","typography_typography":"globals\/typography?id=text"},"jedv_conditions":[{"_id":"001245a"}]},"elements":[],"isInner":false,"widgetType":"heading","elType":"widget"}],"isInner":true,"elType":"container"},{"id":"3cf8bccf","settings":{"content_width":"full","flex_gap":{"column":"0.8","row":"0.8","isLinked":true,"unit":"em","size":0},"flex_gap_tablet":{"column":"","row":"","isLinked":true,"unit":"em","size":null},"flex_gap_mobile":{"column":"","row":"","isLinked":true,"unit":"em","size":null},"padding":{"unit":"em","top":"1.5","right":"2","bottom":"1.5","left":"2","isLinked":false},"padding_tablet":{"unit":"em","top":"","right":"","bottom":"","left":"","isLinked":true},"padding_mobile":{"unit":"em","top":"","right":"","bottom":"","left":"","isLinked":true},"jedv_conditions":[{"_id":"71e214b"}]},"elements":[{"id":"cfaf1b6","settings":{"selected_icon":{"value":{"url":"https:\/\/southernelitemtg.com\/wp-content\/uploads\/2024\/07\/Asset-20.svg","id":1620},"library":"svg"},"size":{"unit":"em","size":1.6,"sizes":[]},"size_tablet":{"unit":"em","size":"","sizes":[]},"size_mobile":{"unit":"em","size":"","sizes":[]},"_element_custom_width":{"unit":"em","size":"","sizes":[]},"_element_custom_width_tablet":{"unit":"em","size":"","sizes":[]},"_element_custom_width_mobile":{"unit":"em","size":"","sizes":[]},"jedv_conditions":[{"_id":"9d6fa7f"}],"fit_to_size":"yes"},"elements":[],"isInner":false,"widgetType":"icon","elType":"widget"},{"id":"49f89b83","settings":{"title":"Loan Options","align":"center","__globals__":{"typography_typography":"globals\/typography?id=cd3e740"},"jedv_conditions":[{"_id":"a4f206b"}]},"elements":[],"isInner":false,"widgetType":"heading","elType":"widget"},{"id":"31b70f48","settings":{"title":"Explore our diverse range of loan options, crafted to meet the unique needs of every homebuyer, from fixed-rate to adjustable-rate mortgages and more.","align":"center","__globals__":{"title_color":"globals\/colors?id=text","typography_typography":"globals\/typography?id=text"},"jedv_conditions":[{"_id":"8ee89b6"}]},"elements":[],"isInner":false,"widgetType":"heading","elType":"widget"}],"isInner":true,"elType":"container"}],"isInner":false,"elType":"container"},{"id":"8d2d9ad","settings":{"flex_direction":"column","min_height":{"unit":"em","size":28,"sizes":[]},"min_height_tablet":{"unit":"em","size":"","sizes":[]},"min_height_mobile":{"unit":"em","size":"","sizes":[]},"flex_justify_content":"center","flex_align_items":"center","background_background":"classic","background_image":{"url":"https:\/\/southernelitemtg.com\/wp-content\/uploads\/2024\/07\/compressed_shutterstock_2022462221.jpg","id":1221,"size":"","alt":"","source":"library"},"background_position":"center center","background_repeat":"no-repeat","background_size":"cover","background_overlay_background":"classic","background_overlay_opacity":{"unit":"px","size":0.35,"sizes":[]},"padding":{"unit":"em","top":"5","right":"8","bottom":"5","left":"8","isLinked":false},"padding_tablet":{"unit":"em","top":"","right":"","bottom":"","left":"","isLinked":true},"padding_mobile":{"unit":"em","top":"3","right":"1","bottom":"3","left":"1","isLinked":false},"__globals__":{"background_overlay_color":"globals\/colors?id=5590b3c"},"jedv_conditions":[{"_id":"cd66c17"}]},"elements":[{"id":"638417d3","settings":{"content_width":"full","width":{"unit":"em","size":36,"sizes":[]},"width_tablet":{"unit":"em","size":"","sizes":[]},"width_mobile":{"unit":"em","size":"","sizes":[]},"flex_align_items":"center","_title":"Content","jedv_conditions":[{"_id":"fc51e43"}]},"elements":[{"id":"5c8a9c0c","settings":{"selected_icon":{"value":{"url":"https:\/\/southernelitemtg.com\/wp-content\/uploads\/2024\/07\/Asset-45.svg","id":1645},"library":"svg"},"view":"stacked","shape":"square","size":{"unit":"em","size":1.4,"sizes":[]},"size_tablet":{"unit":"em","size":"","sizes":[]},"size_mobile":{"unit":"em","size":"","sizes":[]},"icon_padding":{"unit":"rem","size":1,"sizes":[]},"__globals__":{"primary_color":"globals\/colors?id=eb3d4e3","secondary_color":"globals\/colors?id=text"},"jedv_conditions":[{"_id":"d2f1ca9"}],"fit_to_size":"yes"},"elements":[],"isInner":false,"widgetType":"icon","elType":"widget"},{"id":"6a23cac3","settings":{"title":"Personal Service, dedicated to your journey","__globals__":{"typography_typography":"globals\/typography?id=primary","title_color":"globals\/colors?id=1c15ecc"},"align":"center","jedv_conditions":[{"_id":"42e8b3e"}]},"elements":[],"isInner":false,"widgetType":"heading","elType":"widget"},{"id":"60e6d531","settings":{"title":"Whether you're embarking on your first home-buying journey or you're a seasoned buyer, each step you take is uniquely yours. We're honored to stand by your side as your trusted financial partner throughout this exciting adventure.","__globals__":{"typography_typography":"","title_color":"globals\/colors?id=1c15ecc"},"align":"center","header_size":"p","title_color":"#FFFFFF","typography_typography":"custom","typography_font_family":"Inter","typography_font_size":{"unit":"em","size":0.85,"sizes":[]},"typography_font_weight":"500","typography_line_height":{"unit":"em","size":1.4,"sizes":[]},"jedv_conditions":[{"_id":"69e6b7f"}]},"elements":[],"isInner":false,"widgetType":"heading","elType":"widget"},{"id":"4dd0d162","settings":{"text":"Apply Today","border_radius":{"unit":"px","top":"0","right":"0","bottom":"0","left":"0","isLinked":false},"text_padding":{"unit":"em","top":"0.7","right":"1.3","bottom":"0.7","left":"1.3","isLinked":false},"text_padding_tablet":{"unit":"em","top":"","right":"","bottom":"","left":"","isLinked":true},"text_padding_mobile":{"unit":"em","top":"","right":"","bottom":"","left":"","isLinked":true},"_margin":{"unit":"em","top":"1","right":"0","bottom":"0","left":"0","isLinked":false},"_margin_tablet":{"unit":"em","top":"","right":"","bottom":"","left":"","isLinked":true},"_margin_mobile":{"unit":"em","top":"","right":"","bottom":"","left":"","isLinked":true},"__globals__":{"background_color":"globals\/colors?id=accent","button_background_hover_color":"globals\/colors?id=eb3d4e3","button_text_color":"globals\/colors?id=1c15ecc","hover_color":"globals\/colors?id=5590b3c"},"jedv_conditions":[{"_id":"8e254f4"}],"link":{"url":"https:\/\/eliteteamrva.my1003app.com\/2349520\/register?time=1722875945626","is_external":"on","nofollow":"","custom_attributes":""}},"elements":[],"isInner":false,"widgetType":"button","elType":"widget"}],"isInner":true,"elType":"container"}],"isInner":false,"elType":"container"},{"id":"2afd7a8","settings":{"flex_direction":"row","flex_gap":{"unit":"px","size":0,"column":"0","row":"0"},"padding":{"unit":"em","top":"4","right":"8","bottom":"4","left":"8","isLinked":false},"padding_tablet":{"unit":"em","top":"","right":"","bottom":"","left":"","isLinked":true},"padding_mobile":{"unit":"em","top":"3","right":"0","bottom":"3","left":"1","isLinked":false},"flex_gap_mobile":{"column":"2","row":"2","isLinked":true,"unit":"em","size":2},"jedv_conditions":[{"_id":"e392a9b"}]},"elements":[{"id":"f2eb190","settings":{"flex_direction":"column","content_width":"full","width":{"unit":"%","size":"50"},"flex_justify_content":"center","flex_gap":{"column":"1","row":"1","isLinked":true,"unit":"em","size":1},"flex_gap_tablet":{"column":"","row":"","isLinked":true,"unit":"em","size":null},"flex_gap_mobile":{"column":"","row":"","isLinked":true,"unit":"em","size":null},"padding":{"unit":"em","top":"0","right":"4","bottom":"0","left":"0","isLinked":false},"padding_tablet":{"unit":"em","top":"","right":"","bottom":"","left":"","isLinked":true},"padding_mobile":{"unit":"em","top":"2","right":"1","bottom":"0","left":"1","isLinked":false},"jedv_conditions":[{"_id":"06cc222"}]},"elements":[{"id":"560fb34f","settings":{"title":"Passion & Integrity","__globals__":{"typography_typography":"globals\/typography?id=a30e13a","title_color":"globals\/colors?id=secondary"},"header_size":"p","title_color":"#FFFFFF","jedv_conditions":[{"_id":"cbb4e1f"}]},"elements":[],"isInner":false,"widgetType":"heading","elType":"widget"},{"id":"7bc292d8","settings":{"title":"Passion and integrity are the driving forces behind everything we do.","__globals__":{"typography_typography":"globals\/typography?id=primary","title_color":"globals\/colors?id=primary"},"jedv_conditions":[{"_id":"6371c4c"}]},"elements":[],"isInner":false,"widgetType":"heading","elType":"widget"},{"id":"76601b29","settings":{"title":"We're not just in the business of mortgages; we're passionate about helping people achieve their homeownership dreams. Our team is dedicated to providing you with honest, transparent, and reliable service every step of the way. We believe in doing what's right, even when no one is looking, because integrity is non-negotiable.","__globals__":{"typography_typography":"globals\/typography?id=text","title_color":"globals\/colors?id=text"},"header_size":"p","title_color":"#FFFFFF","jedv_conditions":[{"_id":"455ba3d"}]},"elements":[],"isInner":false,"widgetType":"heading","elType":"widget"},{"id":"d40b402","settings":{"text":"Learn More","border_radius":{"unit":"px","top":"0","right":"0","bottom":"0","left":"0","isLinked":false},"text_padding":{"unit":"em","top":"0.7","right":"1.3","bottom":"0.7","left":"1.3","isLinked":false},"text_padding_tablet":{"unit":"em","top":"","right":"","bottom":"","left":"","isLinked":true},"text_padding_mobile":{"unit":"em","top":"","right":"","bottom":"","left":"","isLinked":true},"_margin":{"unit":"em","top":"0.5","right":"0","bottom":"0","left":"0","isLinked":false},"_margin_tablet":{"unit":"em","top":"","right":"","bottom":"","left":"","isLinked":true},"_margin_mobile":{"unit":"em","top":"","right":"","bottom":"","left":"","isLinked":true},"__globals__":{"background_color":"globals\/colors?id=accent","button_background_hover_color":"globals\/colors?id=eb3d4e3","button_text_color":"globals\/colors?id=1c15ecc","hover_color":"globals\/colors?id=5590b3c"},"link":{"url":"\/team","is_external":"","nofollow":"","custom_attributes":""},"jedv_conditions":[{"_id":"510370e"}]},"elements":[],"isInner":false,"widgetType":"button","elType":"widget"}],"isInner":true,"elType":"container"},{"id":"9c4f101","settings":{"flex_direction":"column","content_width":"full","width":{"unit":"%","size":"50"},"padding":{"unit":"em","top":"0","right":"0","bottom":"0","left":"0.5","isLinked":false},"padding_tablet":{"unit":"em","top":"","right":"","bottom":"","left":"","isLinked":true},"padding_mobile":{"unit":"em","top":"0","right":"0","bottom":"0","left":"0","isLinked":false},"_flex_order_mobile":"start","jedv_conditions":[{"_id":"1e619f6"}]},"elements":[{"id":"404a5357","settings":{"content_width":"full","border_border":"dashed","border_width":{"unit":"px","top":"2","right":"0","bottom":"0","left":"2","isLinked":false},"padding":{"unit":"em","top":"1","right":"0","bottom":"0","left":"1","isLinked":false},"padding_tablet":{"unit":"em","top":"","right":"","bottom":"","left":"","isLinked":true},"padding_mobile":{"unit":"em","top":"0","right":"0","bottom":"0","left":"0","isLinked":false},"__globals__":{"border_color":"globals\/colors?id=829f2c7"},"jedv_conditions":[{"_id":"26116e7"}]},"elements":[{"id":"1cba4a1","settings":{"image":{"url":"https:\/\/southernelitemtg.com\/wp-content\/uploads\/2024\/07\/lawyer-financial-advisor-helping-consulting-showing-contract-mortgage-loan-credit-business-startup-e1695129306743.jpg","id":585,"size":"","alt":"","source":"library"},"image_size":"full","width":{"unit":"%","size":100,"sizes":[]},"height":{"unit":"em","size":24,"sizes":[]},"height_tablet":{"unit":"em","size":"","sizes":[]},"height_mobile":{"unit":"em","size":"","sizes":[]},"object-fit":"cover","jedv_conditions":[{"_id":"a4bc89e"}]},"elements":[],"isInner":false,"widgetType":"image","elType":"widget"},{"id":"60fc045","settings":{"content_width":"full","width":{"unit":"em","size":16,"sizes":[]},"width_tablet":{"unit":"em","size":"","sizes":[]},"width_mobile":{"unit":"em","size":"","sizes":[]},"flex_gap":{"column":"0.5","row":"0.5","isLinked":true,"unit":"em","size":0},"flex_gap_tablet":{"column":"","row":"","isLinked":true,"unit":"em","size":null},"flex_gap_mobile":{"column":"","row":"","isLinked":true,"unit":"em","size":null},"background_background":"gradient","padding":{"unit":"em","top":"1","right":"1","bottom":"1","left":"1","isLinked":true},"padding_tablet":{"unit":"em","top":"","right":"","bottom":"","left":"","isLinked":true},"padding_mobile":{"unit":"em","top":"","right":"","bottom":"","left":"","isLinked":true},"position":"absolute","_offset_orientation_v":"end","__globals__":{"background_color":"globals\/colors?id=secondary","background_color_b":"globals\/colors?id=text"},"_offset_x":{"unit":"em","size":-2,"sizes":[]},"_offset_x_tablet":{"unit":"em","size":"","sizes":[]},"_offset_x_mobile":{"unit":"em","size":-1,"sizes":[]},"_offset_y_end_mobile":{"unit":"em","size":-2,"sizes":[]},"jedv_conditions":[{"_id":"8eb39b0"}]},"elements":[{"id":"4971460f","settings":{"title":"<span style=color:#ecbb59;*>4.98% <\/span> Client Satisfaction","typography_typography":"custom","typography_font_family":"Raleway","typography_font_size":{"unit":"em","size":2,"sizes":[]},"typography_font_size_tablet":{"unit":"rem","size":"","sizes":[]},"typography_font_size_mobile":{"unit":"rem","size":"","sizes":[]},"typography_font_weight":"700","typography_line_height":{"unit":"em","size":1.2,"sizes":[]},"typography_letter_spacing":{"unit":"em","size":-0.02,"sizes":[]},"__globals__":{"title_color":"globals\/colors?id=1c15ecc"},"jedv_conditions":[{"_id":"f727d4a"}]},"elements":[],"isInner":false,"widgetType":"heading","elType":"widget"},{"id":"79acdeb","settings":{"title":"Inspired to Serve","__globals__":{"typography_typography":"globals\/typography?id=cd3e740","title_color":"globals\/colors?id=1c15ecc"},"jedv_conditions":[{"_id":"99bebf9"}]},"elements":[],"isInner":false,"widgetType":"heading","elType":"widget"},{"id":"283a035e","settings":{"title":"Our clients are our number one priority, and we are dedicated to providing exceptional service, personalized attention, and expert guidance at every step of your homebuying journey","__globals__":{"typography_typography":"globals\/typography?id=text","title_color":"globals\/colors?id=1c15ecc"},"header_size":"p","title_color":"#FFFFFF","jedv_conditions":[{"_id":"9167fbf"}]},"elements":[],"isInner":false,"widgetType":"heading","elType":"widget"}],"isInner":true,"elType":"container"}],"isInner":true,"elType":"container"}],"isInner":true,"elType":"container"}],"isInner":false,"elType":"container"},{"id":"3614ecd1","settings":{"flex_direction":"column","padding":{"unit":"em","top":"2","right":"6","bottom":"4","left":"6","isLinked":false},"padding_tablet":{"unit":"em","top":"","right":"","bottom":"","left":"","isLinked":true},"padding_mobile":{"unit":"em","top":"0","right":"0","bottom":"0","left":"0","isLinked":false},"jedv_conditions":[{"_id":"5644879"}]},"elements":[{"id":"23eee18d","settings":{"content_width":"full","flex_align_items":"center","background_background":"classic","padding":{"unit":"em","top":"5","right":"3","bottom":"3","left":"3","isLinked":false},"padding_tablet":{"unit":"em","top":"","right":"","bottom":"","left":"","isLinked":true},"padding_mobile":{"unit":"em","top":"3","right":"1","bottom":"3","left":"1","isLinked":false},"__globals__":{"background_color":"globals\/colors?id=c405ede"},"jedv_conditions":[{"_id":"17d40f6"}]},"elements":[{"id":"2c46cbcc","settings":{"content_width":"full","width":{"unit":"em","size":40,"sizes":[]},"width_tablet":{"unit":"em","size":"","sizes":[]},"width_mobile":{"unit":"em","size":"","sizes":[]},"flex_align_items":"center","flex_gap":{"column":"","row":"","isLinked":true,"unit":"em","size":null},"flex_gap_tablet":{"column":"","row":"","isLinked":true,"unit":"em","size":null},"flex_gap_mobile":{"column":"","row":"","isLinked":true,"unit":"em","size":null},"jedv_conditions":[{"_id":"2f50d11"}]},"elements":[{"id":"1b56001d","settings":{"title":"Explore Mortgage Options","__globals__":{"typography_typography":"globals\/typography?id=a30e13a","title_color":"globals\/colors?id=secondary"},"align":"center","header_size":"p","title_color":"#FFFFFF","jedv_conditions":[{"_id":"6551e13"}]},"elements":[],"isInner":false,"widgetType":"heading","elType":"widget"},{"id":"a37ed9c","settings":{"title":"Navigating Mortgages with Ease and Confidence","__globals__":{"typography_typography":"globals\/typography?id=primary","title_color":"globals\/colors?id=primary"},"align":"center","jedv_conditions":[{"_id":"7ec465f"}]},"elements":[],"isInner":false,"widgetType":"heading","elType":"widget"},{"id":"258d807a","settings":{"title":"We understand that every homebuyer's financial situation is unique. That's why we offer a variety of loan programs designed to fit your specific needs and goals.","__globals__":{"typography_typography":"globals\/typography?id=text","title_color":"globals\/colors?id=text"},"align":"center","header_size":"p","title_color":"#FFFFFF","jedv_conditions":[{"_id":"db45078"}]},"elements":[],"isInner":false,"widgetType":"heading","elType":"widget"}],"isInner":true,"elType":"container"},{"id":"1b0e11c5","settings":{"content_width":"full","lisitng_id":"1376","not_found_message":"No data was found","posts_query":[{"_id":"c11cc21"}],"terms_meta_query":[{"meta_query_compare":"NOT EXISTS","meta_query_type":"NUMERIC","_id":"72a25f8"}],"users_meta_query":[],"horizontal_gap":{"unit":"em","size":1,"sizes":[]},"horizontal_gap_tablet":{"unit":"em","size":"","sizes":[]},"horizontal_gap_mobile":{"unit":"em","size":"","sizes":[]},"vertical_gap":{"unit":"em","size":1,"sizes":[]},"vertical_gap_tablet":{"unit":"em","size":"","sizes":[]},"vertical_gap_mobile":{"unit":"em","size":"","sizes":[]},"_element_width":"inherit","custom_css":"selector .jet-listing-dynamic-field__icon {\n    font-size: .8rem;\n}","equal_columns_height":"yes","columns_mobile":"1","_margin":{"unit":"em","top":"1","right":"0","bottom":"0","left":"0","isLinked":false},"_margin_tablet":{"unit":"em","top":"","right":"","bottom":"","left":"","isLinked":true},"_margin_mobile":{"unit":"em","top":"","right":"","bottom":"","left":"","isLinked":true},"jedv_conditions":[{"_id":"8c36fcf"}],"columns":"3","custom_query":"yes","custom_query_id":"7","max_posts_num":6},"elements":[],"isInner":false,"widgetType":"jet-listing-grid","elType":"widget"}],"isInner":true,"elType":"container"}],"isInner":false,"elType":"container"},{"id":"3b45c8c8","settings":{"flex_direction":"row","min_height":{"unit":"em","size":28,"sizes":[]},"min_height_tablet":{"unit":"em","size":"","sizes":[]},"min_height_mobile":{"unit":"em","size":"","sizes":[]},"background_background":"classic","background_image":{"url":"https:\/\/southernelitemtg.com\/wp-content\/uploads\/2024\/07\/mortgage-and-real-estate-property-investment-concept-real-estate-agent-explain-terms-and-condition-e1695041773607.jpg","id":211,"size":"","alt":"","source":"library"},"background_position":"center center","background_repeat":"no-repeat","background_size":"cover","background_overlay_background":"classic","background_overlay_opacity":{"unit":"px","size":0.8,"sizes":[]},"padding":{"unit":"em","top":"5","right":"6","bottom":"5","left":"6","isLinked":false},"padding_tablet":{"unit":"em","top":"","right":"","bottom":"","left":"","isLinked":true},"padding_mobile":{"unit":"em","top":"3","right":"1","bottom":"3","left":"1","isLinked":false},"__globals__":{"background_overlay_color":"globals\/colors?id=text"},"flex_gap":{"column":"0","row":"0","isLinked":false,"unit":"px","size":0},"flex_align_items":"center","flex_gap_mobile":{"column":"2","row":"2","isLinked":true,"unit":"em","size":2},"jedv_conditions":[{"_id":"1f25145"}]},"elements":[{"id":"68d0e27","settings":{"content_width":"full","width":{"unit":"%","size":40,"sizes":[]},"width_tablet":{"unit":"em","size":"","sizes":[]},"width_mobile":{"unit":"em","size":"","sizes":[]},"_title":"Content","padding":{"unit":"em","top":"0","right":"1","bottom":"0","left":"0","isLinked":false},"padding_tablet":{"unit":"em","top":"","right":"","bottom":"","left":"","isLinked":true},"padding_mobile":{"unit":"em","top":"","right":"","bottom":"","left":"","isLinked":true},"jedv_conditions":[{"_id":"909c384"}]},"elements":[{"id":"489daee4","settings":{"title":"Why Choose Us","__globals__":{"typography_typography":"globals\/typography?id=a30e13a","title_color":"globals\/colors?id=eb3d4e3"},"header_size":"p","title_color":"#FFFFFF","jedv_conditions":[{"_id":"a75df9c"}]},"elements":[],"isInner":false,"widgetType":"heading","elType":"widget"},{"id":"570600ea","settings":{"title":"From Dreams to Keys","__globals__":{"typography_typography":"globals\/typography?id=primary","title_color":"globals\/colors?id=1c15ecc"},"jedv_conditions":[{"_id":"6e02ad3"}]},"elements":[],"isInner":false,"widgetType":"heading","elType":"widget"},{"id":"22877aa","settings":{"title":"Your Trusted Partner in achieving homeownership.","__globals__":{"typography_typography":"globals\/typography?id=text","title_color":"globals\/colors?id=1c15ecc"},"header_size":"p","title_color":"#FFFFFF","jedv_conditions":[{"_id":"d8280e2"}]},"elements":[],"isInner":false,"widgetType":"heading","elType":"widget"},{"id":"5108cfb1","settings":{"text":"Contact Us","border_radius":{"unit":"px","top":"0","right":"0","bottom":"0","left":"0","isLinked":false},"text_padding":{"unit":"em","top":"0.7","right":"1.3","bottom":"0.7","left":"1.3","isLinked":false},"text_padding_tablet":{"unit":"em","top":"","right":"","bottom":"","left":"","isLinked":true},"text_padding_mobile":{"unit":"em","top":"","right":"","bottom":"","left":"","isLinked":true},"_margin":{"unit":"em","top":"1","right":"0","bottom":"0","left":"0","isLinked":false},"_margin_tablet":{"unit":"em","top":"","right":"","bottom":"","left":"","isLinked":true},"_margin_mobile":{"unit":"em","top":"","right":"","bottom":"","left":"","isLinked":true},"__globals__":{"background_color":"globals\/colors?id=accent","button_background_hover_color":"globals\/colors?id=eb3d4e3","button_text_color":"globals\/colors?id=1c15ecc","hover_color":"globals\/colors?id=primary"},"jedv_conditions":[{"_id":"6a4223b"}],"link":{"url":"mailto:contactus@southernelitemtg.com","is_external":"","nofollow":"","custom_attributes":""}},"elements":[],"isInner":false,"widgetType":"button","elType":"widget"}],"isInner":true,"elType":"container"},{"id":"7979a5e5","settings":{"content_width":"full","width":{"unit":"%","size":60,"sizes":[]},"flex_direction":"row","padding":{"unit":"em","top":"0","right":"0","bottom":"1","left":"0","isLinked":false},"padding_tablet":{"unit":"em","top":"","right":"","bottom":"","left":"","isLinked":true},"padding_mobile":{"unit":"em","top":"","right":"","bottom":"","left":"","isLinked":true},"jedv_conditions":[{"_id":"02aa7c2"}]},"elements":[{"id":"6d91b95d","settings":{"content_width":"full","border_width":{"unit":"px","top":"2","right":"2","bottom":"2","left":"2","isLinked":true},"_title":"Item","__globals__":{"border_color":"globals\/colors?id=829f2c7","background_color":"globals\/colors?id=8781188"},"background_background":"classic","padding":{"unit":"em","top":"1.4","right":"1.4","bottom":"1.4","left":"1.4","isLinked":false},"padding_tablet":{"unit":"em","top":"","right":"","bottom":"","left":"","isLinked":true},"padding_mobile":{"unit":"em","top":"","right":"","bottom":"","left":"","isLinked":true},"flex_gap":{"column":"0.5","row":"0.5","isLinked":true,"unit":"em","size":0},"flex_gap_tablet":{"column":"","row":"","isLinked":true,"unit":"em","size":null},"flex_gap_mobile":{"column":"","row":"","isLinked":true,"unit":"em","size":null},"width":{"unit":"%","size":33,"sizes":[]},"jedv_conditions":[{"_id":"f87f377"}]},"elements":[{"id":"5a226c39","settings":{"selected_icon":{"value":"fas fa-arrow-right","library":"fa-solid"},"align":"left","size":{"unit":"em","size":0.7,"sizes":[]},"size_tablet":{"unit":"em","size":"","sizes":[]},"size_mobile":{"unit":"em","size":"","sizes":[]},"__globals__":{"primary_color":"globals\/colors?id=eb3d4e3","secondary_color":"globals\/colors?id=text"},"view":"stacked","icon_padding":{"unit":"rem","size":0.7,"sizes":[]},"rotate":{"unit":"deg","size":-45,"sizes":[]},"jedv_conditions":[{"_id":"5b38db4"}]},"elements":[],"isInner":false,"widgetType":"icon","elType":"widget"},{"id":"1e989550","settings":{"title":"Low Interest Rates","__globals__":{"typography_typography":"globals\/typography?id=secondary","title_color":"globals\/colors?id=1c15ecc"},"title_color":"#FFFFFF","header_size":"h4","jedv_conditions":[{"_id":"c9965c0"}]},"elements":[],"isInner":false,"widgetType":"heading","elType":"widget"},{"id":"3ea16546","settings":{"title":"Low interest rates designed to make owning a home more affordable, less monthly payments and less money spent over the list of your loan. Our team secures the best rate possible, ensuring that you are getting the most value out of your investment.","__globals__":{"typography_typography":"globals\/typography?id=text","title_color":"globals\/colors?id=37c2412"},"header_size":"p","typography_typography":"custom","typography_font_family":"Inter","typography_font_size":{"unit":"em","size":0.85,"sizes":[]},"typography_font_weight":"400","typography_line_height":{"unit":"em","size":1.4,"sizes":[]},"jedv_conditions":[{"_id":"8f622a3"}]},"elements":[],"isInner":false,"widgetType":"heading","elType":"widget"}],"isInner":true,"elType":"container"},{"id":"44f4917f","settings":{"content_width":"full","border_width":{"unit":"px","top":"2","right":"2","bottom":"2","left":"2","isLinked":true},"_title":"Item","__globals__":{"border_color":"globals\/colors?id=829f2c7","background_color":"globals\/colors?id=8781188"},"background_background":"classic","padding":{"unit":"em","top":"1.4","right":"1.4","bottom":"1.4","left":"1.4","isLinked":true},"padding_tablet":{"unit":"em","top":"","right":"","bottom":"","left":"","isLinked":true},"padding_mobile":{"unit":"em","top":"","right":"","bottom":"","left":"","isLinked":true},"flex_gap":{"column":"0.5","row":"0.5","isLinked":true,"unit":"em","size":0},"flex_gap_tablet":{"column":"","row":"","isLinked":true,"unit":"em","size":null},"flex_gap_mobile":{"column":"","row":"","isLinked":true,"unit":"em","size":null},"width":{"unit":"%","size":33,"sizes":[]},"jedv_conditions":[{"_id":"3b624f1"}]},"elements":[{"id":"627e5f49","settings":{"selected_icon":{"value":"fas fa-arrow-right","library":"fa-solid"},"align":"left","size":{"unit":"em","size":0.7,"sizes":[]},"size_tablet":{"unit":"em","size":"","sizes":[]},"size_mobile":{"unit":"em","size":"","sizes":[]},"__globals__":{"primary_color":"globals\/colors?id=eb3d4e3","secondary_color":"globals\/colors?id=text"},"view":"stacked","icon_padding":{"unit":"rem","size":0.7,"sizes":[]},"rotate":{"unit":"deg","size":-45,"sizes":[]},"jedv_conditions":[{"_id":"baaf7b9"}]},"elements":[],"isInner":false,"widgetType":"icon","elType":"widget"},{"id":"27c3bff3","settings":{"title":"White Glove Service","__globals__":{"typography_typography":"globals\/typography?id=secondary","title_color":"globals\/colors?id=1c15ecc"},"title_color":"#232323","header_size":"h4","jedv_conditions":[{"_id":"8dc0559"}]},"elements":[],"isInner":false,"widgetType":"heading","elType":"widget"},{"id":"eca47ce","settings":{"title":"We believe in providing our clients with a 'White Glove Experience' \u2013 a level of service that goes above and beyond to exceed your expectations. From the moment you reach out to us, you'll notice the difference. Our dedicated team of mortgage professionals is here to guide you through every step of the process with care and attention to detail.","__globals__":{"typography_typography":"globals\/typography?id=text","title_color":"globals\/colors?id=37c2412"},"header_size":"p","typography_typography":"custom","typography_font_family":"Inter","typography_font_size":{"unit":"em","size":0.85,"sizes":[]},"typography_font_weight":"400","typography_line_height":{"unit":"em","size":1.4,"sizes":[]},"jedv_conditions":[{"_id":"3a4cfe1"}]},"elements":[],"isInner":false,"widgetType":"heading","elType":"widget"}],"isInner":true,"elType":"container"},{"id":"454e7cee","settings":{"content_width":"full","border_width":{"unit":"px","top":"2","right":"2","bottom":"2","left":"2","isLinked":true},"_title":"Item","__globals__":{"border_color":"globals\/colors?id=829f2c7","background_color":"globals\/colors?id=8781188"},"background_background":"classic","padding":{"unit":"em","top":"1.4","right":"1.4","bottom":"1.4","left":"1.4","isLinked":false},"padding_tablet":{"unit":"em","top":"","right":"","bottom":"","left":"","isLinked":true},"padding_mobile":{"unit":"em","top":"","right":"","bottom":"","left":"","isLinked":true},"flex_gap":{"column":"0.5","row":"0.5","isLinked":true,"unit":"em","size":0},"flex_gap_tablet":{"column":"","row":"","isLinked":true,"unit":"em","size":null},"flex_gap_mobile":{"column":"","row":"","isLinked":true,"unit":"em","size":null},"width":{"unit":"%","size":33,"sizes":[]},"jedv_conditions":[{"_id":"3206127"}]},"elements":[{"id":"16ec5058","settings":{"selected_icon":{"value":"fas fa-arrow-right","library":"fa-solid"},"align":"left","size":{"unit":"em","size":0.7,"sizes":[]},"size_tablet":{"unit":"em","size":"","sizes":[]},"size_mobile":{"unit":"em","size":"","sizes":[]},"__globals__":{"primary_color":"globals\/colors?id=eb3d4e3","secondary_color":"globals\/colors?id=text"},"view":"stacked","icon_padding":{"unit":"rem","size":0.7,"sizes":[]},"rotate":{"unit":"deg","size":-45,"sizes":[]},"jedv_conditions":[{"_id":"11b4ea2"}]},"elements":[],"isInner":false,"widgetType":"icon","elType":"widget"},{"id":"6dd97922","settings":{"title":"Free Consultation","__globals__":{"typography_typography":"globals\/typography?id=secondary","title_color":"globals\/colors?id=1c15ecc"},"title_color":"#232323","header_size":"h4","jedv_conditions":[{"_id":"2f8f5c0"}]},"elements":[],"isInner":false,"widgetType":"heading","elType":"widget"},{"id":"595147e2","settings":{"title":"Let's get started on the path to homeownership. Our experienced mortgage advisors are here to answer your questions, explore your options, and provide personalized guidance tailored to your unique financial situation.","__globals__":{"typography_typography":"globals\/typography?id=text","title_color":"globals\/colors?id=37c2412"},"header_size":"p","typography_typography":"custom","typography_font_family":"Inter","typography_font_size":{"unit":"em","size":0.85,"sizes":[]},"typography_font_weight":"400","typography_line_height":{"unit":"em","size":1.4,"sizes":[]},"jedv_conditions":[{"_id":"256cfa3"}]},"elements":[],"isInner":false,"widgetType":"heading","elType":"widget"}],"isInner":true,"elType":"container"}],"isInner":true,"elType":"container"}],"isInner":false,"elType":"container"},{"id":"7bd6937d","settings":{"flex_direction":"row","flex_gap":{"unit":"px","size":0,"column":"0","row":"0"},"padding":{"unit":"em","top":"3","right":"6","bottom":"3","left":"6","isLinked":false},"padding_tablet":{"unit":"em","top":"","right":"","bottom":"","left":"","isLinked":true},"padding_mobile":{"unit":"em","top":"3","right":"1","bottom":"3","left":"1","isLinked":false},"jedv_conditions":[{"_id":"e42fa78"}]},"elements":[{"id":"3acfde0","settings":{"flex_direction":"column","content_width":"full","width":{"unit":"%","size":40},"background_background":"classic","background_image":{"url":"https:\/\/southernelitemtg.com\/wp-content\/uploads\/2024\/07\/broker-and-client-shaking-hands-after-signing-contract-approved-application-form-e1695129576901.jpg","id":732,"size":"","alt":"","source":"library"},"flex_justify_content":"center","flex_align_items":"center","background_position":"center center","background_repeat":"no-repeat","background_size":"cover","min_height_mobile":{"unit":"em","size":14,"sizes":[]},"jedv_conditions":[{"_id":"28c8b6d"}]},"elements":[{"id":"3829ace","settings":{"selected_icon":{"value":"fas fa-play","library":"fa-solid"},"size":{"unit":"em","size":1.4,"sizes":[]},"size_tablet":{"unit":"em","size":"","sizes":[]},"size_mobile":{"unit":"em","size":"","sizes":[]},"__globals__":{"primary_color":"","secondary_color":"globals\/colors?id=primary"},"view":"stacked","primary_color":"#FFFFFF80","icon_padding":{"unit":"em","size":1.6,"sizes":[]},"jedv_conditions":[{"_id":"5c58d48"}],"hide_desktop":"hidden-desktop","hide_tablet":"hidden-tablet","hide_mobile":"hidden-mobile"},"elements":[],"isInner":false,"widgetType":"icon","elType":"widget"}],"isInner":true,"elType":"container"},{"id":"56b78e25","settings":{"flex_direction":"column","content_width":"full","width":{"unit":"%","size":60},"background_background":"classic","padding":{"unit":"em","top":"4","right":"3","bottom":"4","left":"3","isLinked":false},"padding_tablet":{"unit":"em","top":"","right":"","bottom":"","left":"","isLinked":true},"padding_mobile":{"unit":"em","top":"2","right":"2","bottom":"2","left":"2","isLinked":true},"__globals__":{"background_color":"globals\/colors?id=c405ede"},"jedv_conditions":[{"_id":"e5bc8eb"}]},"elements":[{"id":"16e9a2ea","settings":{"title":"Journey to Homeownership starts here","__globals__":{"typography_typography":"globals\/typography?id=primary","title_color":"globals\/colors?id=primary"},"jedv_conditions":[{"_id":"034d2ee"}]},"elements":[],"isInner":false,"widgetType":"heading","elType":"widget"},{"id":"153ba0f6","settings":{"title":"We're honored to stand by your side as your trusted financial partner throughout this exciting adventure.","__globals__":{"typography_typography":"globals\/typography?id=text","title_color":"globals\/colors?id=text"},"jedv_conditions":[{"_id":"cd0a37c"}]},"elements":[],"isInner":false,"widgetType":"heading","elType":"widget"},{"id":"2a2155b2","settings":{"content_width":"full","width":{"unit":"%","size":100,"sizes":[]},"flex_direction":"row","flex_align_items":"flex-start","padding":{"unit":"em","top":"1","right":"0","bottom":"0","left":"0","isLinked":false},"padding_tablet":{"unit":"em","top":"","right":"","bottom":"","left":"","isLinked":true},"padding_mobile":{"unit":"em","top":"","right":"","bottom":"","left":"","isLinked":true},"border_border":"dashed","border_width":{"unit":"px","top":"2","right":"0","bottom":"0","left":"0","isLinked":false},"margin":{"unit":"em","top":"1","right":"0","bottom":"0","left":"0","isLinked":false},"margin_tablet":{"unit":"em","top":"","right":"","bottom":"","left":"","isLinked":true},"margin_mobile":{"unit":"em","top":"","right":"","bottom":"","left":"","isLinked":true},"__globals__":{"border_color":"globals\/colors?id=829f2c7"},"jedv_conditions":[{"_id":"c0be86b"}]},"elements":[{"id":"4eb7564","settings":{"content_width":"full","border_width":{"unit":"px","top":"2","right":"2","bottom":"2","left":"2","isLinked":true},"_title":"Item","__globals__":{"border_color":"globals\/colors?id=829f2c7","background_color":"globals\/colors?id=8781188"},"background_background":"classic","padding":{"unit":"em","top":"1","right":"0","bottom":"1","left":"0","isLinked":false},"padding_tablet":{"unit":"em","top":"","right":"","bottom":"","left":"","isLinked":true},"padding_mobile":{"unit":"em","top":"","right":"","bottom":"","left":"","isLinked":true},"flex_gap":{"column":"0.5","row":"0.5","isLinked":true,"unit":"em","size":0},"flex_gap_tablet":{"column":"","row":"","isLinked":true,"unit":"em","size":null},"flex_gap_mobile":{"column":"","row":"","isLinked":true,"unit":"em","size":null},"jedv_conditions":[{"_id":"1222f2a"}]},"elements":[{"id":"2b28a597","settings":{"selected_icon":{"value":"fas fa-arrow-right","library":"fa-solid"},"align":"left","size":{"unit":"em","size":0.7,"sizes":[]},"size_tablet":{"unit":"em","size":"","sizes":[]},"size_mobile":{"unit":"em","size":"","sizes":[]},"__globals__":{"primary_color":"globals\/colors?id=secondary","secondary_color":"globals\/colors?id=1c15ecc"},"view":"stacked","icon_padding":{"unit":"rem","size":0.7,"sizes":[]},"rotate":{"unit":"deg","size":-45,"sizes":[]},"jedv_conditions":[{"_id":"87e6f89"}]},"elements":[],"isInner":false,"widgetType":"icon","elType":"widget"},{"id":"26e55c90","settings":{"title":"Navigate the Process","__globals__":{"typography_typography":"globals\/typography?id=secondary","title_color":"globals\/colors?id=primary"},"title_color":"#232323","header_size":"h4","jedv_conditions":[{"_id":"b6480bf"}]},"elements":[],"isInner":false,"widgetType":"heading","elType":"widget"},{"id":"10aef709","settings":{"title":"Receive personalized mortgage guidance tailored to your unique financial situation and homeownership goals, ensuring a smooth and informed experience.","__globals__":{"typography_typography":"globals\/typography?id=text","title_color":"globals\/colors?id=text"},"header_size":"p","jedv_conditions":[{"_id":"f32d698"}]},"elements":[],"isInner":false,"widgetType":"heading","elType":"widget"}],"isInner":true,"elType":"container"},{"id":"6e398c04","settings":{"content_width":"full","border_width":{"unit":"px","top":"2","right":"2","bottom":"2","left":"2","isLinked":true},"_title":"Item","__globals__":{"border_color":"globals\/colors?id=829f2c7","background_color":"globals\/colors?id=8781188"},"background_background":"classic","padding":{"unit":"em","top":"1","right":"0","bottom":"1","left":"0","isLinked":false},"padding_tablet":{"unit":"em","top":"","right":"","bottom":"","left":"","isLinked":true},"padding_mobile":{"unit":"em","top":"","right":"","bottom":"","left":"","isLinked":true},"flex_gap":{"column":"0.5","row":"0.5","isLinked":true,"unit":"em","size":0},"flex_gap_tablet":{"column":"","row":"","isLinked":true,"unit":"em","size":null},"flex_gap_mobile":{"column":"","row":"","isLinked":true,"unit":"em","size":null},"jedv_conditions":[{"_id":"7897865"}]},"elements":[{"id":"6fec13e0","settings":{"selected_icon":{"value":"fas fa-arrow-right","library":"fa-solid"},"align":"left","size":{"unit":"em","size":0.7,"sizes":[]},"size_tablet":{"unit":"em","size":"","sizes":[]},"size_mobile":{"unit":"em","size":"","sizes":[]},"__globals__":{"primary_color":"globals\/colors?id=secondary","secondary_color":"globals\/colors?id=1c15ecc"},"view":"stacked","icon_padding":{"unit":"rem","size":0.7,"sizes":[]},"rotate":{"unit":"deg","size":-45,"sizes":[]},"jedv_conditions":[{"_id":"259cef8"}]},"elements":[],"isInner":false,"widgetType":"icon","elType":"widget"},{"id":"484e68d2","settings":{"title":"Mortgage Solutions","__globals__":{"typography_typography":"globals\/typography?id=secondary","title_color":"globals\/colors?id=primary"},"title_color":"#232323","header_size":"h4","jedv_conditions":[{"_id":"b0d3d10"}]},"elements":[],"isInner":false,"widgetType":"heading","elType":"widget"},{"id":"22d79e57","settings":{"title":"Whether you're embarking on your first home-buying journey or you're a seasoned buyer, each step you take is uniquely yours. Trust that we'll always act in your best interests, offering sound advice and solutions tailored to your needs.","__globals__":{"typography_typography":"globals\/typography?id=text","title_color":"globals\/colors?id=text"},"header_size":"p","jedv_conditions":[{"_id":"e2931ee"}]},"elements":[],"isInner":false,"widgetType":"heading","elType":"widget"}],"isInner":true,"elType":"container"}],"isInner":true,"elType":"container"}],"isInner":true,"elType":"container"}],"isInner":false,"elType":"container"},{"id":"3e1522ad","settings":{"flex_direction":"row","flex_gap":{"unit":"px","size":0,"column":"0","row":"0"},"padding":{"unit":"em","top":"3","right":"8","bottom":"4","left":"8","isLinked":false},"padding_tablet":{"unit":"em","top":"","right":"","bottom":"","left":"","isLinked":true},"padding_mobile":{"unit":"em","top":"3","right":"1","bottom":"45","left":"1","isLinked":false},"background_background":"classic","background_image":{"url":"","id":"","size":"","alt":"","source":"library"},"background_position":"center center","background_repeat":"no-repeat","background_size":"cover","background_overlay_background":"classic","background_overlay_opacity":{"unit":"px","size":0.9,"sizes":[]},"__globals__":{"background_overlay_color":"globals\/colors?id=text"},"_element_id":"contact","flex_gap_mobile":{"column":"2","row":"2","isLinked":true,"unit":"em","size":2},"jedv_conditions":[{"_id":"8bb035a"}]},"elements":[{"id":"52dafd0b","settings":{"flex_direction":"column","content_width":"full","width":{"unit":"%","size":"50"},"flex_justify_content":"center","flex_gap":{"column":"1","row":"1","isLinked":true,"unit":"em","size":1},"flex_gap_tablet":{"column":"","row":"","isLinked":true,"unit":"em","size":null},"flex_gap_mobile":{"column":"","row":"","isLinked":true,"unit":"em","size":null},"padding":{"unit":"em","top":"2","right":"2","bottom":"1","left":"0","isLinked":false},"padding_tablet":{"unit":"em","top":"","right":"","bottom":"","left":"","isLinked":true},"padding_mobile":{"unit":"em","top":"0","right":"0","bottom":"0","left":"0","isLinked":false},"jedv_conditions":[{"_id":"48e55b0"}]},"elements":[{"id":"876b6fc","settings":{"content_width":"full","space":{"unit":"em","size":1.8,"sizes":[]},"space_tablet":{"unit":"em","size":"","sizes":[]},"space_mobile":{"unit":"em","size":0,"sizes":[]},"_title":"Remove When Needed","jedv_conditions":[{"_id":"0530000"}]},"elements":[],"isInner":false,"widgetType":"spacer","elType":"widget"},{"id":"7f23f059","settings":{"title":"Let\u2019s get started today!","__globals__":{"typography_typography":"globals\/typography?id=primary","title_color":"globals\/colors?id=1c15ecc"},"jedv_conditions":[{"_id":"ae64429"}]},"elements":[],"isInner":false,"widgetType":"heading","elType":"widget"},{"id":"2f50c37b","settings":{"title":"Our experienced mortgage advisors are here to answer your questions, explore your options, and provide personalized guidance tailored to your unique financial situation.","__globals__":{"typography_typography":"globals\/typography?id=text","title_color":"globals\/colors?id=1c15ecc"},"header_size":"p","title_color":"#FFFFFF","jedv_conditions":[{"_id":"e024e69"}]},"elements":[],"isInner":false,"widgetType":"heading","elType":"widget"},{"id":"456d8cb2","settings":{"title":"Appointment","__globals__":{"typography_typography":"","title_color":""},"typography_typography":"custom","typography_font_family":"Raleway","typography_font_size":{"unit":"em","size":4,"sizes":[]},"typography_font_size_tablet":{"unit":"rem","size":"","sizes":[]},"typography_font_size_mobile":{"unit":"rem","size":"","sizes":[]},"typography_font_weight":"700","typography_line_height":{"unit":"em","size":1.2,"sizes":[]},"typography_letter_spacing":{"unit":"em","size":-0.02,"sizes":[]},"text_shadow_text_shadow":{"horizontal":29,"vertical":0,"blur":10,"color":"rgba(0,0,0,0.3)"},"_position":"absolute","_offset_x":{"unit":"em","size":-16,"sizes":[]},"_offset_x_tablet":{"unit":"em","size":"","sizes":[]},"_offset_x_mobile":{"unit":"em","size":"","sizes":[]},"_offset_y":{"unit":"em","size":11.7,"sizes":[]},"_offset_y_tablet":{"unit":"em","size":"","sizes":[]},"_offset_y_mobile":{"unit":"em","size":"","sizes":[]},"_transform_rotate_popover":"transform","_transform_rotateZ_effect":{"unit":"px","size":-90,"sizes":[]},"_transform_translateX_effect":{"unit":"em","size":0.1,"sizes":[]},"_transform_translateX_effect_tablet":{"unit":"em","size":"","sizes":[]},"_transform_translateX_effect_mobile":{"unit":"em","size":"","sizes":[]},"_transform_keep_proportions":"","_transform_scale_effect":{"unit":"px","size":2,"sizes":[]},"_transform_skewX_effect":{"unit":"px","size":193,"sizes":[]},"_transform_skewY_effect":{"unit":"px","size":13,"sizes":[]},"title_color":"#F0F8FB36","jedv_conditions":[{"_id":"b099c07"}],"hide_desktop":"hidden-desktop","hide_tablet":"hidden-tablet","hide_mobile":"hidden-mobile"},"elements":[],"isInner":false,"widgetType":"heading","elType":"widget"},{"id":"6ca1a9a0","settings":{"content_width":"full","flex_gap":{"column":"0.3","row":"0.3","isLinked":true,"unit":"em","size":0},"flex_gap_tablet":{"column":"","row":"","isLinked":true,"unit":"em","size":null},"flex_gap_mobile":{"column":"","row":"","isLinked":true,"unit":"em","size":null},"jedv_conditions":[{"_id":"ccfbabe"}]},"elements":[{"id":"5e9fd3ff","settings":{"selected_icon":{"value":"fas fa-check","library":"fa-solid"},"title_text":"Dedicated team of experts","description_text":"","position":"left","content_vertical_alignment":"middle","icon_space":{"unit":"em","size":0.7,"sizes":[]},"title_bottom_space":{"unit":"em","size":0.2,"sizes":[]},"primary_color":"#ECBB59","icon_size":{"unit":"em","size":1,"sizes":[]},"title_color":"#385566","__globals__":{"primary_color":"globals\/colors?id=eb3d4e3","title_color":"globals\/colors?id=1c15ecc","title_typography_typography":"globals\/typography?id=secondary","_border_color":"globals\/colors?id=829f2c7"},"position_mobile":"","icon_space_tablet":{"unit":"em","size":"","sizes":[]},"icon_space_mobile":{"unit":"em","size":"","sizes":[]},"title_bottom_space_tablet":{"unit":"em","size":"","sizes":[]},"title_bottom_space_mobile":{"unit":"em","size":"","sizes":[]},"icon_size_tablet":{"unit":"em","size":"","sizes":[]},"icon_size_mobile":{"unit":"em","size":"","sizes":[]},"jedv_conditions":[{"_id":"0ac8df8"}]},"elements":[],"isInner":false,"widgetType":"icon-box","elType":"widget"},{"id":"3f832625","settings":{"title":"Pharetra tellus aliquet lacus fusce fermentum malesuada sem. Purus suscipit ullamcorper elementum in rhoncus montes.","__globals__":{"typography_typography":"globals\/typography?id=text","title_color":"globals\/colors?id=1c15ecc"},"header_size":"p","title_color":"#FFFFFF","hide_desktop":"hidden-desktop","hide_tablet":"hidden-tablet","hide_mobile":"hidden-mobile","jedv_conditions":[{"_id":"37c5fb1"}]},"elements":[],"isInner":false,"widgetType":"heading","elType":"widget"}],"isInner":true,"elType":"container"},{"id":"6d16c942","settings":{"content_width":"full","flex_gap":{"column":"0.3","row":"0.3","isLinked":true,"unit":"em","size":0},"flex_gap_tablet":{"column":"","row":"","isLinked":true,"unit":"em","size":null},"flex_gap_mobile":{"column":"","row":"","isLinked":true,"unit":"em","size":null},"jedv_conditions":[{"_id":"bfe762f"}]},"elements":[{"id":"3fcadd8b","settings":{"selected_icon":{"value":"fas fa-check","library":"fa-solid"},"title_text":"Innovative technology","description_text":"","position":"left","content_vertical_alignment":"middle","icon_space":{"unit":"em","size":0.7,"sizes":[]},"title_bottom_space":{"unit":"em","size":0.2,"sizes":[]},"primary_color":"#ECBB59","icon_size":{"unit":"em","size":1,"sizes":[]},"title_color":"#385566","__globals__":{"primary_color":"globals\/colors?id=eb3d4e3","title_color":"globals\/colors?id=1c15ecc","title_typography_typography":"globals\/typography?id=secondary","_border_color":"globals\/colors?id=829f2c7"},"position_mobile":"","icon_space_tablet":{"unit":"em","size":"","sizes":[]},"icon_space_mobile":{"unit":"em","size":"","sizes":[]},"title_bottom_space_tablet":{"unit":"em","size":"","sizes":[]},"title_bottom_space_mobile":{"unit":"em","size":"","sizes":[]},"icon_size_tablet":{"unit":"em","size":"","sizes":[]},"icon_size_mobile":{"unit":"em","size":"","sizes":[]},"jedv_conditions":[{"_id":"6918e52"}]},"elements":[],"isInner":false,"widgetType":"icon-box","elType":"widget"},{"id":"79a6271f","settings":{"title":"Pharetra tellus aliquet lacus fusce fermentum malesuada sem. Purus suscipit ullamcorper elementum in rhoncus montes.","__globals__":{"typography_typography":"globals\/typography?id=text","title_color":"globals\/colors?id=1c15ecc"},"header_size":"p","title_color":"#FFFFFF","hide_desktop":"hidden-desktop","hide_tablet":"hidden-tablet","hide_mobile":"hidden-mobile","jedv_conditions":[{"_id":"abf9521"}]},"elements":[],"isInner":false,"widgetType":"heading","elType":"widget"}],"isInner":true,"elType":"container"},{"id":"fb7791","settings":{"content_width":"full","flex_gap":{"column":"0.3","row":"0.3","isLinked":true,"unit":"em","size":0},"flex_gap_tablet":{"column":"","row":"","isLinked":true,"unit":"em","size":null},"flex_gap_mobile":{"column":"","row":"","isLinked":true,"unit":"em","size":null},"jedv_conditions":[{"_id":"4c54406"}]},"elements":[{"id":"700d716f","settings":{"selected_icon":{"value":"fas fa-check","library":"fa-solid"},"title_text":"Low Rates, Great Programs & low fees","description_text":"","position":"left","content_vertical_alignment":"middle","icon_space":{"unit":"em","size":0.7,"sizes":[]},"title_bottom_space":{"unit":"em","size":0.2,"sizes":[]},"primary_color":"#ECBB59","icon_size":{"unit":"em","size":1,"sizes":[]},"title_color":"#385566","__globals__":{"primary_color":"globals\/colors?id=eb3d4e3","title_color":"globals\/colors?id=1c15ecc","title_typography_typography":"globals\/typography?id=secondary","_border_color":"globals\/colors?id=829f2c7"},"position_mobile":"","icon_space_tablet":{"unit":"em","size":"","sizes":[]},"icon_space_mobile":{"unit":"em","size":"","sizes":[]},"title_bottom_space_tablet":{"unit":"em","size":"","sizes":[]},"title_bottom_space_mobile":{"unit":"em","size":"","sizes":[]},"icon_size_tablet":{"unit":"em","size":"","sizes":[]},"icon_size_mobile":{"unit":"em","size":"","sizes":[]},"jedv_conditions":[{"_id":"d7671d8"}]},"elements":[],"isInner":false,"widgetType":"icon-box","elType":"widget"},{"id":"5745e94c","settings":{"title":"Pharetra tellus aliquet lacus fusce fermentum malesuada sem. Purus suscipit ullamcorper elementum in rhoncus montes.","__globals__":{"typography_typography":"globals\/typography?id=text","title_color":"globals\/colors?id=1c15ecc"},"header_size":"p","title_color":"#FFFFFF","hide_desktop":"hidden-desktop","hide_tablet":"hidden-tablet","hide_mobile":"hidden-mobile","jedv_conditions":[{"_id":"f825792"}]},"elements":[],"isInner":false,"widgetType":"heading","elType":"widget"},{"id":"310fd5e3","settings":{"content_width":"full","space":{"unit":"em","size":1.8,"sizes":[]},"space_tablet":{"unit":"em","size":"","sizes":[]},"space_mobile":{"unit":"em","size":0,"sizes":[]},"_title":"Remove When Needed","jedv_conditions":[{"_id":"843c875"}]},"elements":[],"isInner":false,"widgetType":"spacer","elType":"widget"}],"isInner":true,"elType":"container"}],"isInner":true,"elType":"container"},{"id":"21683caa","settings":{"flex_direction":"column","content_width":"full","width":{"unit":"%","size":"50"},"padding":{"unit":"em","top":"0","right":"0","bottom":"0","left":"0","isLinked":false},"padding_tablet":{"unit":"em","top":"","right":"","bottom":"","left":"","isLinked":true},"padding_mobile":{"unit":"em","top":"","right":"","bottom":"","left":"","isLinked":true},"jedv_conditions":[{"_id":"066aa5f"}]},"elements":[{"id":"47befbe9","settings":{"content_width":"full","background_background":"classic","box_shadow_box_shadow_type":"yes","box_shadow_box_shadow":{"horizontal":0,"vertical":10,"blur":40,"spread":-5,"color":"rgba(0, 0, 0, 0.15)"},"margin":{"unit":"em","top":"0","right":"0","bottom":"0","left":"1","isLinked":false},"margin_tablet":{"unit":"em","top":"","right":"","bottom":"","left":"","isLinked":true},"margin_mobile":{"unit":"em","top":"0","right":"0","bottom":"0","left":"0","isLinked":false},"padding":{"unit":"em","top":"2","right":"2","bottom":"2","left":"2","isLinked":true},"padding_tablet":{"unit":"em","top":"","right":"","bottom":"","left":"","isLinked":true},"padding_mobile":{"unit":"em","top":"","right":"","bottom":"","left":"","isLinked":true},"position":"absolute","z_index":9,"__globals__":{"background_color":"globals\/colors?id=1c15ecc"},"jedv_conditions":[{"_id":"584ed43"}]},"elements":[{"id":"4fd4ae5a","settings":{"title":"Schedule a time to chat","__globals__":{"typography_typography":"globals\/typography?id=primary","title_color":"globals\/colors?id=primary"},"jedv_conditions":[{"_id":"52e140a"}]},"elements":[],"isInner":false,"widgetType":"heading","elType":"widget"},{"id":"3d633b29","settings":{"title":"Let\u2019s get started today.","__globals__":{"typography_typography":"globals\/typography?id=text","title_color":"globals\/colors?id=text"},"jedv_conditions":[{"_id":"e795f1f"}]},"elements":[],"isInner":false,"widgetType":"heading","elType":"widget"},{"id":"23ddf5f6","settings":{"form_id":"434","required_mark":"*","form_label_typography_typography":"custom","form_label_typography_font_family":"Inter","form_label_typography_font_size":{"unit":"rem","size":0.8,"sizes":[]},"form_label_typography_font_weight":"500","form_label_typography_line_height":{"unit":"em","size":1.4,"sizes":[]},"form_label_color":"#232323","fields_typography_typography":"custom","fields_typography_font_family":"Inter","fields_typography_font_size":{"unit":"rem","size":0.85,"sizes":[]},"fields_typography_font_weight":"400","fields_typography_line_height":{"unit":"em","size":1.4,"sizes":[]},"fields_color":"#385566","fields_placeholder_color":"#38556673","fields_border_border":"solid","fields_border_width":{"unit":"px","top":"0","right":"0","bottom":"1","left":"0","isLinked":false},"fields_border_color":"#D2DEE6","fields_textarea_height":{"unit":"em","size":7,"sizes":[]},"fields_textarea_height_tablet":{"unit":"em","size":"","sizes":[]},"fields_textarea_height_mobile":{"unit":"em","size":"","sizes":[]},"booking_form_submit_bg_color":"#19A2BF","booking_form_submit_color":"#FFFFFF","booking_form_submit_typography_typography":"custom","booking_form_submit_typography_font_family":"Inter","booking_form_submit_typography_font_size":{"unit":"rem","size":0.85,"sizes":[]},"booking_form_submit_typography_font_weight":"600","booking_form_submit_typography_line_height":{"unit":"em","size":1.4,"sizes":[]},"booking_form_submit_padding":{"unit":"em","top":"0.7","right":"1","bottom":"0.7","left":"1","isLinked":false},"booking_form_submit_padding_tablet":{"unit":"em","top":"","right":"","bottom":"","left":"","isLinked":true},"booking_form_submit_padding_mobile":{"unit":"em","top":"","right":"","bottom":"","left":"","isLinked":true},"booking_form_submit_border_border":"none","booking_form_submit_border_radius":{"unit":"px","top":"0","right":"0","bottom":"0","left":"0","isLinked":false},"booking_form_submit_alignment":"stretch","booking_form_submit_alignment_text":"center","form_success_margin":{"unit":"px","top":"0","right":"0","bottom":"0","left":"0","isLinked":false},"form_success_padding":{"unit":"px","top":"0","right":"0","bottom":"0","left":"0","isLinked":false},"form_success_border_border":"none","form_error_margin":{"unit":"px","top":"0","right":"0","bottom":"0","left":"0","isLinked":false},"form_error_padding":{"unit":"px","top":"0","right":"0","bottom":"0","left":"0","isLinked":false},"form_error_border_border":"none","__globals__":{"form_label_typography_typography":"","form_required_color":"globals\/colors?id=1c15ecc","form_label_color":"globals\/colors?id=primary","fields_typography_typography":"","fields_color":"globals\/colors?id=text","fields_border_color":"globals\/colors?id=829f2c7","fields_placeholder_color":"","booking_form_submit_bg_color":"globals\/colors?id=accent","booking_form_submit_color":"globals\/colors?id=1c15ecc","booking_form_submit_typography_typography":"","booking_form_submit_bg_color_hover":"globals\/colors?id=eb3d4e3","booking_form_submit_color_hover":"globals\/colors?id=1c15ecc","form_success_typography_typography":"","form_error_typography_typography":"globals\/typography?id=text"},"submit_type":"ajax","form_row_gap_before":{"unit":"px","size":0,"sizes":[]},"form_row_gap_after":{"unit":"px","size":0,"sizes":[]},"form_label_margin":{"unit":"em","top":"0","right":"0","bottom":"0.2","left":"0","isLinked":false},"form_label_margin_tablet":{"unit":"em","top":"","right":"","bottom":"","left":"","isLinked":true},"form_label_margin_mobile":{"unit":"em","top":"","right":"","bottom":"","left":"","isLinked":true},"form_label_typography_font_size_tablet":{"unit":"rem","size":"","sizes":[]},"form_label_typography_font_size_mobile":{"unit":"rem","size":"","sizes":[]},"fields_typography_font_size_tablet":{"unit":"rem","size":"","sizes":[]},"fields_typography_font_size_mobile":{"unit":"rem","size":"","sizes":[]},"booking_form_submit_bg_color_hover":"#ECBB59","booking_form_submit_color_hover":"#FFFFFF","booking_form_submit_typography_font_size_tablet":{"unit":"rem","size":"","sizes":[]},"booking_form_submit_typography_font_size_mobile":{"unit":"rem","size":"","sizes":[]},"form_success_typography_typography":"custom","form_success_typography_font_family":"Inter","form_success_typography_font_size":{"unit":"em","size":0.85,"sizes":[]},"form_success_typography_font_weight":"400","form_success_typography_line_height":{"unit":"em","size":1.4,"sizes":[]},"custom_css":"selector .wp-container-core-columns-is-layout-1,\n.wp-container-core-columns-is-layout-2, .wp-container-core-columns-is-layout-3 {\n  margin: 0;\n  gap: 1em;\n}\n\n@media screen and (max-width: 767px) {\n  selector .wp-container-core-columns-is-layout-1,\n  .wp-container-core-columns-is-layout-2, .wp-container-core-columns-is-layout-3 {\n    gap: 0;\n  }\n}\n\nselector .time-field {\n    min-height: 2.3rem;\n}","_background_color_stop_tablet":{"unit":"%"},"_background_color_stop_mobile":{"unit":"%"},"_background_color_b_stop_tablet":{"unit":"%"},"_background_color_b_stop_mobile":{"unit":"%"},"_background_gradient_angle_tablet":{"unit":"deg"},"_background_gradient_angle_mobile":{"unit":"deg"},"_background_hover_color_stop_tablet":{"unit":"%"},"_background_hover_color_stop_mobile":{"unit":"%"},"_background_hover_color_b_stop_tablet":{"unit":"%"},"_background_hover_color_b_stop_mobile":{"unit":"%"},"_background_hover_gradient_angle_tablet":{"unit":"deg"},"_background_hover_gradient_angle_mobile":{"unit":"deg"},"jedv_conditions":[{"_id":"a16d5e2"}]},"elements":[],"isInner":false,"widgetType":"jet-form-builder-form","elType":"widget"}],"isInner":true,"elType":"container"}],"isInner":true,"elType":"container"}],"isInner":false,"elType":"container"},{"id":"62925155","settings":{"flex_direction":"column","background_background":"classic","background_image":{"url":"","id":"","size":"","alt":"","source":"library"},"background_position":"center center","padding":{"unit":"em","top":"6","right":"6","bottom":"2","left":"6","isLinked":false},"padding_tablet":{"unit":"em","top":"","right":"","bottom":"","left":"","isLinked":true},"padding_mobile":{"unit":"em","top":"3","right":"1","bottom":"3","left":"1","isLinked":false},"__globals__":{"background_color":"globals\/colors?id=1c15ecc"},"jedv_conditions":[{"_id":"9bf86da"}]},"elements":[{"id":"100a612a","settings":{"content_width":"full","flex_align_items":"center","background_image":{"url":"https:\/\/southernelitemtg.com\/wp-content\/uploads\/2024\/07\/Asset-2-a.png","id":810,"size":"","alt":"","source":"library"},"background_position":"center center","background_repeat":"no-repeat","background_size":"contain","background_overlay_background":"classic","background_overlay_color":"#FFFFFF","background_overlay_opacity":{"unit":"px","size":0.7,"sizes":[]},"padding":{"unit":"em","top":"3","right":"0","bottom":"3","left":"0","isLinked":false},"padding_tablet":{"unit":"em","top":"","right":"","bottom":"","left":"","isLinked":true},"padding_mobile":{"unit":"em","top":"0","right":"0","bottom":"0","left":"0","isLinked":false},"jedv_conditions":[{"_id":"5f12a2c"}]},"elements":[{"id":"3613ce66","settings":{"content_width":"full","width":{"unit":"em","size":40,"sizes":[]},"width_tablet":{"unit":"em","size":"","sizes":[]},"width_mobile":{"unit":"em","size":"","sizes":[]},"flex_align_items":"center","flex_gap":{"column":"","row":"","isLinked":true,"unit":"em","size":null},"flex_gap_tablet":{"column":"","row":"","isLinked":true,"unit":"em","size":null},"flex_gap_mobile":{"column":"","row":"","isLinked":true,"unit":"em","size":null},"jedv_conditions":[{"_id":"2b3470d"}]},"elements":[{"id":"5cbc98e6","settings":{"title":"Testimonials","__globals__":{"typography_typography":"globals\/typography?id=a30e13a","title_color":"globals\/colors?id=secondary"},"align":"center","header_size":"p","title_color":"#FFFFFF","jedv_conditions":[{"_id":"d6738eb"}]},"elements":[],"isInner":false,"widgetType":"heading","elType":"widget"},{"id":"59c9b40c","settings":{"title":"We love our Clients","__globals__":{"typography_typography":"globals\/typography?id=primary","title_color":"globals\/colors?id=primary"},"align":"center","jedv_conditions":[{"_id":"fc2ae54"}]},"elements":[],"isInner":false,"widgetType":"heading","elType":"widget"},{"id":"33c25273","settings":{"title":"Real reviews from some of our customers","__globals__":{"typography_typography":"globals\/typography?id=text","title_color":"globals\/colors?id=text"},"align":"center","header_size":"p","title_color":"#FFFFFF","jedv_conditions":[{"_id":"b805732"}]},"elements":[],"isInner":false,"widgetType":"heading","elType":"widget"}],"isInner":true,"elType":"container"},{"id":"51b0d475","settings":{"lisitng_id":"832","not_found_message":"No data was found","posts_query":[],"terms_meta_query":[],"users_meta_query":[],"columns_mobile":"1","jedv_conditions":[{"_id":"17d3570"}],"equal_columns_height":"yes","carousel_enabled":"yes","arrows":"","dots":"true","autoplay_speed":4500,"speed":600,"dots_size":{"unit":"px","size":6,"sizes":[]},"__globals__":{"dots_bg_color":"globals\/colors?id=829f2c7","dots_bg_color_hover":"globals\/colors?id=primary","dots_bg_color_active":"globals\/colors?id=primary"}},"elements":[],"isInner":false,"widgetType":"jet-listing-grid","elType":"widget"}],"isInner":true,"elType":"container"}],"isInner":false,"elType":"container"},{"id":"22b1071e","settings":{"flex_direction":"row","min_height":{"unit":"em","size":28,"sizes":[]},"min_height_tablet":{"unit":"em","size":"","sizes":[]},"min_height_mobile":{"unit":"em","size":"","sizes":[]},"background_background":"classic","background_image":{"url":"https:\/\/southernelitemtg.com\/wp-content\/uploads\/2024\/07\/real-estate-brokeragents-deliver-sample-houses-to-customers-mortgage-contracts-loans-hire-purchas-e1695080607397.jpg","id":901,"size":"","alt":"","source":"library"},"background_position":"center center","background_repeat":"no-repeat","background_size":"cover","background_overlay_background":"classic","background_overlay_opacity":{"unit":"px","size":0.6,"sizes":[]},"padding":{"unit":"em","top":"5","right":"6","bottom":"5","left":"6","isLinked":false},"padding_tablet":{"unit":"em","top":"","right":"","bottom":"","left":"","isLinked":true},"padding_mobile":{"unit":"em","top":"3","right":"1","bottom":"3","left":"1","isLinked":false},"__globals__":{"background_overlay_color":"globals\/colors?id=primary"},"flex_gap":{"column":"0","row":"0","isLinked":false,"unit":"px","size":0},"flex_align_items":"center","jedv_conditions":[{"_id":"693d690"}]},"elements":[{"id":"7ed92392","settings":{"content_width":"full","width":{"unit":"%","size":50,"sizes":[]},"width_tablet":{"unit":"em","size":"","sizes":[]},"width_mobile":{"unit":"em","size":"","sizes":[]},"_title":"Content","padding":{"unit":"em","top":"0","right":"1","bottom":"0","left":"0","isLinked":false},"padding_tablet":{"unit":"em","top":"","right":"","bottom":"","left":"","isLinked":true},"padding_mobile":{"unit":"em","top":"","right":"","bottom":"","left":"","isLinked":true},"jedv_conditions":[{"_id":"b061486"}]},"elements":[{"id":"120f4228","settings":{"title":"Southern Elite Mortgage","__globals__":{"typography_typography":"globals\/typography?id=a30e13a","title_color":"globals\/colors?id=eb3d4e3"},"header_size":"p","title_color":"#FFFFFF","jedv_conditions":[{"_id":"7d0c0b7"}]},"elements":[],"isInner":false,"widgetType":"heading","elType":"widget"},{"id":"43d5f057","settings":{"title":"From Dreams to Keys","__globals__":{"typography_typography":"globals\/typography?id=primary","title_color":"globals\/colors?id=1c15ecc"},"jedv_conditions":[{"_id":"b80822b"}]},"elements":[],"isInner":false,"widgetType":"heading","elType":"widget"},{"id":"5e1ed88d","settings":{"title":"Whether you're a first-time homebuyer or looking to refinance, our team of experienced professionals is here to guide you through every step of the process.","__globals__":{"typography_typography":"globals\/typography?id=text","title_color":"globals\/colors?id=1c15ecc"},"header_size":"p","title_color":"#FFFFFF","jedv_conditions":[{"_id":"bbf8c6f"}]},"elements":[],"isInner":false,"widgetType":"heading","elType":"widget"},{"id":"1f2a90d","settings":{"text":"Apply Today","border_radius":{"unit":"px","top":"0","right":"0","bottom":"0","left":"0","isLinked":false},"text_padding":{"unit":"em","top":"0.7","right":"1.3","bottom":"0.7","left":"1.3","isLinked":false},"text_padding_tablet":{"unit":"em","top":"","right":"","bottom":"","left":"","isLinked":true},"text_padding_mobile":{"unit":"em","top":"","right":"","bottom":"","left":"","isLinked":true},"_margin":{"unit":"em","top":"1","right":"0","bottom":"0","left":"0","isLinked":false},"_margin_tablet":{"unit":"em","top":"","right":"","bottom":"","left":"","isLinked":true},"_margin_mobile":{"unit":"em","top":"","right":"","bottom":"","left":"","isLinked":true},"__globals__":{"background_color":"globals\/colors?id=accent","button_background_hover_color":"globals\/colors?id=eb3d4e3","button_text_color":"globals\/colors?id=1c15ecc","hover_color":"globals\/colors?id=primary"},"jedv_conditions":[{"_id":"3faa627"}],"link":{"url":"https:\/\/eliteteamrva.my1003app.com\/2349520\/register?time=1722875945626","is_external":"on","nofollow":"","custom_attributes":""}},"elements":[],"isInner":false,"widgetType":"button","elType":"widget"}],"isInner":true,"elType":"container"},{"id":"1c471a6e","settings":{"content_width":"full","width":{"unit":"%","size":50,"sizes":[]},"flex_direction":"row","flex_align_items":"center","padding":{"unit":"em","top":"0","right":"0","bottom":"0","left":"1","isLinked":false},"padding_tablet":{"unit":"em","top":"","right":"","bottom":"","left":"","isLinked":true},"padding_mobile":{"unit":"em","top":"","right":"","bottom":"","left":"","isLinked":true},"jedv_conditions":[{"_id":"58abdba"}]},"elements":[],"isInner":true,"elType":"container"}],"isInner":false,"elType":"container"}],"settings":{"template":"elementor_header_footer","hide_title":"yes"},"metadata":[]}