{"content":[{"id":"1bdd0287","settings":{"flex_direction":"column","content_width":"full","background_background":"classic","jet_parallax_layout_list":[],"padding":{"unit":"em","top":"2","right":"10.47970479704797","bottom":"2","left":"10.47970479704797","isLinked":false},"padding_tablet":{"unit":"em","top":"","right":"","bottom":"","left":"","isLinked":true},"padding_mobile":{"unit":"em","top":"1.5","right":"1","bottom":"1.5","left":"1","isLinked":false},"__globals__":{"background_color":"globals\/colors?id=c694267"}},"elements":[{"id":"56bd5f8b","settings":{"text_color":"#10235E","link_color":"#10235E","text_typography_typography":"custom","text_typography_font_family":"Roboto","text_typography_font_size":{"unit":"em","size":0.7169214549288351,"sizes":[]},"text_typography_font_size_tablet":{"unit":"em","size":"","sizes":[]},"text_typography_font_size_mobile":{"unit":"em","size":"","sizes":[]},"text_typography_font_weight":"500","text_typography_text_transform":"uppercase","alignment":"left","_margin":{"unit":"em","top":"0","right":"0","bottom":"-0.8","left":"0","isLinked":false},"_margin_tablet":{"unit":"em","top":"","right":"","bottom":"","left":"","isLinked":true},"_margin_mobile":{"unit":"em","top":"","right":"","bottom":"","left":"","isLinked":true}},"elements":[],"isInner":false,"widgetType":"woocommerce-breadcrumb","elType":"widget"}],"isInner":false,"elType":"container"},{"id":"11123a13","settings":{"flex_direction":"row","content_width":"full","background_color":"#EFF4F8","padding":{"unit":"em","top":"4","right":"10.47970479704797","bottom":"2","left":"10.47970479704797","isLinked":false},"padding_tablet":{"unit":"em","top":"","right":"","bottom":"","left":"","isLinked":true},"padding_mobile":{"unit":"em","top":"1.5","right":"1","bottom":"1.5","left":"1","isLinked":false},"jet_parallax_layout_list":[],"flex_gap":{"column":"2","row":"2","isLinked":true,"unit":"em","size":2},"flex_gap_tablet":{"column":"","row":"","isLinked":true,"unit":"em","size":null},"flex_gap_mobile":{"column":"1","row":"1","isLinked":true,"unit":"em","size":1}},"elements":[{"id":"67a5bc0a","settings":{"content_width":"full","jet_parallax_layout_list":[]},"elements":[{"id":"726a78aa","settings":{"image_border_border":"solid","image_border_width":{"unit":"px","top":"1","right":"1","bottom":"1","left":"1","isLinked":true},"image_border_color":"#EBEBEB","image_border_radius":{"unit":"em","top":"0.8434370057986295","right":"0.8434370057986295","bottom":"0.8434370057986295","left":"0.8434370057986295","isLinked":true},"image_border_radius_tablet":{"unit":"em","top":"","right":"","bottom":"","left":"","isLinked":true},"image_border_radius_mobile":{"unit":"em","top":"","right":"","bottom":"","left":"","isLinked":true},"thumbs_border_border":"solid","thumbs_border_width":{"unit":"px","top":"1","right":"1","bottom":"1","left":"1","isLinked":true},"thumbs_border_color":"#EBEBEB","thumbs_border_radius":{"unit":"em","top":"0.8434370057986295","right":"0.8434370057986295","bottom":"0.8434370057986295","left":"0.8434370057986295","isLinked":true},"thumbs_border_radius_tablet":{"unit":"em","top":"","right":"","bottom":"","left":"","isLinked":true},"thumbs_border_radius_mobile":{"unit":"em","top":"","right":"","bottom":"","left":"","isLinked":true},"spacing_thumbs":{"unit":"rem","size":0.5,"sizes":[]},"custom_css":"selector .onsale {\n    background-color: #5aa4e5;\n    min-height: 0;\n    min-width: 0;\n    line-height: 1;\n    border-radius: 1000px;\n    padding: .2rem .7rem !important;\n    font-size: .6rem;\n    top: 1rem;\n    left: 1rem;\n}"},"elements":[],"isInner":false,"widgetType":"woocommerce-product-images","elType":"widget"}],"isInner":true,"elType":"container"},{"id":"fefebad","settings":{"content_width":"full","jet_parallax_layout_list":[],"flex_gap":{"column":"0.35","row":"0.35","isLinked":true,"unit":"em","size":0},"flex_gap_tablet":{"column":"","row":"","isLinked":true,"unit":"em","size":null},"flex_gap_mobile":{"column":"","row":"","isLinked":true,"unit":"em","size":null}},"elements":[{"id":"476ab00c","settings":{"__dynamic__":{"title":"[elementor-tag id=\"\" name=\"woocommerce-product-title-tag\" settings=\"%7B%22product_id%22%3Afalse%2C%22before%22%3A%22%22%2C%22after%22%3A%22%22%2C%22fallback%22%3A%22%22%7D\"]"},"title":"Add Your Heading Text Here","typography_typography":"custom","typography_font_family":"Roboto","typography_font_size":{"unit":"em","size":1,"sizes":[]},"typography_font_size_tablet":{"unit":"em","size":"","sizes":[]},"typography_font_size_mobile":{"unit":"em","size":"","sizes":[]},"typography_font_weight":"500","typography_line_height":{"unit":"em","size":1.4,"sizes":[]}},"elements":[],"isInner":false,"widgetType":"woocommerce-product-title","elType":"widget"},{"id":"39b3853a","settings":{"typography_typography":"custom","typography_font_family":"Roboto","typography_font_size":{"unit":"em","size":0.95,"sizes":[]},"typography_font_size_tablet":{"unit":"rem","size":"","sizes":[]},"typography_font_size_mobile":{"unit":"rem","size":"","sizes":[]},"typography_font_weight":"500","typography_line_height":{"unit":"em","size":1.4,"sizes":[]},"sale_price_typography_typography":"custom","sale_price_typography_font_family":"Roboto","sale_price_typography_font_size":{"unit":"em","size":0.95,"sizes":[]},"sale_price_typography_font_size_tablet":{"unit":"em","size":"","sizes":[]},"sale_price_typography_font_size_mobile":{"unit":"em","size":"","sizes":[]},"sale_price_typography_font_weight":"500","sale_price_typography_line_height":{"unit":"em","size":1.4,"sizes":[]},"_margin":{"unit":"em","top":"0","right":"0","bottom":"-0.9","left":"0","isLinked":false},"_margin_tablet":{"unit":"em","top":"","right":"","bottom":"","left":"","isLinked":true},"_margin_mobile":{"unit":"em","top":"","right":"","bottom":"","left":"","isLinked":true},"__globals__":{"sale_price_color":"globals\/colors?id=text","price_color":"globals\/colors?id=text"},"typography_word_spacing":{"unit":"em","size":"","sizes":[]},"sale_price_typography_word_spacing":{"unit":"em","size":"","sizes":[]}},"elements":[],"isInner":false,"widgetType":"woocommerce-product-price","elType":"widget"},{"id":"2d119915","settings":{"text_align":"left","__globals__":{"text_color":"globals\/colors?id=text","text_typography_typography":"globals\/typography?id=text"},"text_color":"#10235E","_margin":{"unit":"em","top":"1","right":"0","bottom":"0","left":"0","isLinked":false},"_margin_tablet":{"unit":"em","top":"","right":"","bottom":"","left":"","isLinked":true},"_margin_mobile":{"unit":"em","top":"","right":"","bottom":"","left":"","isLinked":true}},"elements":[],"isInner":false,"widgetType":"woocommerce-product-short-description","elType":"widget"},{"id":"508f36da","settings":{"content_width":"full","flex_direction":"row","jet_parallax_layout_list":[],"flex_align_items":"center","flex_gap":{"column":"0.7","row":"0.7","isLinked":true,"unit":"em","size":0},"flex_gap_tablet":{"column":"","row":"","isLinked":true,"unit":"em","size":null},"flex_gap_mobile":{"column":"","row":"","isLinked":true,"unit":"em","size":null},"margin":{"unit":"em","top":"1","right":"0","bottom":"0","left":"0","isLinked":false},"margin_tablet":{"unit":"em","top":"","right":"","bottom":"","left":"","isLinked":true},"margin_mobile":{"unit":"em","top":"","right":"","bottom":"","left":"","isLinked":true}},"elements":[{"id":"705d5b78","settings":{"icon_alignment":"start","icon_size":{"unit":"em","size":0.65,"sizes":[]},"icon_size_tablet":{"unit":"em","size":"","sizes":[]},"icon_size_mobile":{"unit":"em","size":"","sizes":[]},"icon_gap":{"unit":"rem","size":0.2,"sizes":[]},"icon_gap_tablet":{"unit":"rem","size":"","sizes":[]},"icon_gap_mobile":{"unit":"rem","size":"","sizes":[]},"__dynamic__":{"rating_value":"[elementor-tag id=\"115dfd7\" name=\"jet-wc-product-field\" settings=\"%7B%22product_field%22%3A%22get_average_rating%22%7D\"]"},"__globals__":{"icon_color":"globals\/colors?id=accent","icon_unmarked_color":"globals\/colors?id=c694267"}},"elements":[],"isInner":false,"widgetType":"rating","elType":"widget"},{"id":"7b43f3cf","settings":{"title":"Add Your Heading Text Here","title_color":"#10235E","typography_typography":"custom","typography_font_family":"Inter","typography_font_size":{"unit":"em","size":0.6747496046389035,"sizes":[]},"typography_font_size_tablet":{"unit":"em","size":"","sizes":[]},"typography_font_size_mobile":{"unit":"em","size":"","sizes":[]},"typography_font_weight":"400","typography_line_height":{"unit":"em","size":1.45,"sizes":[]},"__dynamic__":{"title":"[elementor-tag id=\"8e7159a\" name=\"woocommerce-product-rating-tag\" settings=\"%7B%22field%22%3A%22review_count%22%2C%22before%22%3A%22(%22%2C%22after%22%3A%22%20customer%20review)%22%7D\"]"},"typography_word_spacing":{"unit":"em","size":"","sizes":[]}},"elements":[],"isInner":false,"widgetType":"heading","elType":"widget"}],"isInner":true,"elType":"container"},{"id":"6c7bc8fd","settings":{"icon_list":[{"text":".. people currently viewing this item","selected_icon":{"value":"far fa-eye","library":"fa-regular"},"_id":"9cc0062"}],"_element_id":"currently-viewing","space_between":{"unit":"em","size":0.5,"sizes":[]},"space_between_tablet":{"unit":"em","size":"","sizes":[]},"space_between_mobile":{"unit":"em","size":"","sizes":[]},"icon_size":{"unit":"em","size":0.7,"sizes":[]},"icon_size_tablet":{"unit":"em","size":"","sizes":[]},"icon_size_mobile":{"unit":"em","size":"","sizes":[]},"__globals__":{"text_color":"globals\/colors?id=text"},"_margin":{"unit":"em","top":"1","right":"0","bottom":"1","left":"0","isLinked":false},"_margin_tablet":{"unit":"em","top":"","right":"","bottom":"","left":"","isLinked":true},"_margin_mobile":{"unit":"em","top":"","right":"","bottom":"","left":"","isLinked":true}},"elements":[],"isInner":false,"widgetType":"icon-list","elType":"widget"},{"id":"78798897","settings":{"html":"<script>\n  document.addEventListener(\"DOMContentLoaded\", function() {\n    \n    function generateRandomNumber(min, max) {\n      return Math.floor(Math.random() * (max - min + 1)) + min;\n    }\n\n    \n    const viewers = generateRandomNumber(5, 50);\n\n    const element = document.querySelector('#currently-viewing .elementor-icon-list-text');\n\n    if (element) {\n      element.innerText = `${viewers} people currently viewing this item`;\n    }\n  });\n<\/script>"},"elements":[],"isInner":false,"widgetType":"html","elType":"widget"},{"id":"b2ae69b","settings":{"button_border_radius":{"unit":"em","top":"0.3","right":"0.3","bottom":"0.3","left":"0.3","isLinked":true},"quantity_border_radius":{"unit":"em","top":"0.3","right":"0.3","bottom":"0.3","left":"0.3","isLinked":true},"custom_css":".woocommerce .quantity .qty {\n    width: 4em !important;\n    padding: .5rem .2rem;\n    \n  }\n  \n  selector .elementor-add-to-cart table .label {\n      padding: 0;\n  }\n  \n  selector .elementor-add-to-cart table .value {\n      background: none;\n  }\n  \n  selector .woocommerce-variation-add-to-cart {\n      display: flex;\n      align-items: center;\n  }\n  \n  selector .added_to_cart {\n      margin-left: 1em;\n      padding: .5rem 5rem;\n      border: none;\n      border-radius: .5rem;\n  }","__globals__":{"button_bg_color":"globals\/colors?id=text","button_typography_typography":"globals\/typography?id=accent"},"button_padding":{"unit":"em","top":"0","right":"1.5","bottom":"0","left":"1.5","isLinked":false},"button_typography_line_height":{"unit":"em","size":"","sizes":[]},"button_typography_word_spacing":{"unit":"em","size":"","sizes":[]},"view_cart_typography_line_height":{"unit":"em","size":"","sizes":[]},"view_cart_typography_word_spacing":{"unit":"em","size":"","sizes":[]},"quantity_typography_line_height":{"unit":"em","size":"","sizes":[]},"quantity_typography_word_spacing":{"unit":"em","size":"","sizes":[]},"variations_label_typography_line_height":{"unit":"em","size":"","sizes":[]},"variations_label_typography_word_spacing":{"unit":"em","size":"","sizes":[]},"variations_select_typography_line_height":{"unit":"em","size":"","sizes":[]},"variations_select_typography_word_spacing":{"unit":"em","size":"","sizes":[]}},"elements":[],"isInner":false,"widgetType":"woocommerce-product-add-to-cart","elType":"widget"},{"id":"55841bf8","settings":{"view":"stacked","space_between":{"unit":"rem","size":0.7,"sizes":[]},"space_between_tablet":{"unit":"em","size":"","sizes":[]},"space_between_mobile":{"unit":"em","size":"","sizes":[]},"text_typography_typography":"custom","text_typography_font_family":"Inter","text_typography_font_size":{"unit":"rem","size":0.75,"sizes":[]},"text_typography_font_size_tablet":{"unit":"rem","size":"","sizes":[]},"text_typography_font_size_mobile":{"unit":"rem","size":"","sizes":[]},"text_typography_font_weight":"400","text_typography_line_height":{"unit":"em","size":1.6666666667,"sizes":[]},"text_color":"#10235E","link_typography_typography":"custom","link_typography_font_family":"Inter","link_typography_font_size":{"unit":"rem","size":0.75,"sizes":[]},"link_typography_font_size_tablet":{"unit":"rem","size":"","sizes":[]},"link_typography_font_size_mobile":{"unit":"rem","size":"","sizes":[]},"link_typography_font_weight":"400","link_typography_line_height":{"unit":"em","size":1.6666666667,"sizes":[]},"link_color":"#10235E","category_caption_single":"Category: ","category_caption_plural":"Categories: ","tag_caption_single":"Tag: ","tag_caption_plural":"Tags: ","sku_caption":"SKU: ","_margin":{"unit":"em","top":"2","right":"0","bottom":"0","left":"0","isLinked":false},"_margin_tablet":{"unit":"em","top":"","right":"","bottom":"","left":"","isLinked":true},"_margin_mobile":{"unit":"em","top":"","right":"","bottom":"","left":"","isLinked":true},"custom_css":"selector .detail-label {\n    font-weight: 400;\n}","__globals__":{"text_typography_typography":"","link_typography_typography":"","link_color":"globals\/colors?id=text","text_color":"globals\/colors?id=text"}},"elements":[],"isInner":false,"widgetType":"woocommerce-product-meta","elType":"widget"}],"isInner":true,"elType":"container"}],"isInner":false,"elType":"container"},{"id":"1e645baf","settings":{"jet_parallax_layout_list":[],"content_width":"full","flex_direction":"row","flex_gap":{"column":"2","row":"2","isLinked":true,"unit":"em","size":2},"flex_gap_tablet":{"column":"","row":"","isLinked":true,"unit":"em","size":null},"flex_gap_mobile":{"column":"","row":"","isLinked":true,"unit":"em","size":null},"background_color":"#EFF4F8","padding":{"unit":"em","top":"0","right":"10.47970479704797","bottom":"2","left":"10.47970479704797","isLinked":false},"padding_tablet":{"unit":"em","top":"","right":"","bottom":"","left":"","isLinked":true},"padding_mobile":{"unit":"em","top":"1.5","right":"1","bottom":"1.5","left":"1","isLinked":false}},"elements":[{"id":"593608a3","settings":{"tabs":[{"item_label":"Description","_id":"a895674","selected_item_icon":{"value":"","library":""},"item_template_id":"1601","__dynamic__":{"item_editor_content":"[elementor-tag id=\"4571bfa\" name=\"woocommerce-product-content-tag\" settings=\"%7B%7D\"]"}},{"item_label":"Additional information","_id":"4a0c09d","selected_item_icon":{"value":"","library":""},"item_template_id":"1604"},{"item_label":"Reviews","_id":"f808503","selected_item_icon":{"value":"","library":""},"item_template_id":"1608","__dynamic__":{"item_label":"[elementor-tag id=\"e0c829d\" name=\"reviews-info\" settings=\"%7B%22before%22%3A%22Reviews%20(%22%2C%22after%22%3A%22)%22%2C%22fallback%22%3A%22Reviews%22%7D\"]"}}],"tab_control_switching":"","tabs_control_label_typography_typography":"custom","tabs_control_label_typography_font_family":"Roboto","tabs_control_label_typography_font_size":{"unit":"rem","size":0.95,"sizes":[]},"tabs_control_label_typography_font_size_tablet":{"unit":"rem","size":"","sizes":[]},"tabs_control_label_typography_font_size_mobile":{"unit":"rem","size":"","sizes":[]},"tabs_control_label_typography_font_weight":"500","tabs_control_label_typography_line_height":{"unit":"em","size":1.4,"sizes":[]},"tabs_control_padding":{"unit":"%","top":"","right":"","bottom":"","left":"","isLinked":true},"tabs_control_padding_tablet":{"unit":"%","top":"","right":"","bottom":"","left":"","isLinked":true},"tabs_control_padding_mobile":{"unit":"%","top":"","right":"","bottom":"","left":"","isLinked":true},"tabs_control_border_border":"solid","tabs_control_border_width":{"unit":"px","top":"0","right":"0","bottom":"2","left":"0","isLinked":false},"tabs_control_label_typography_hover_typography":"custom","tabs_control_label_typography_hover_font_family":"Roboto","tabs_control_label_typography_hover_font_size":{"unit":"em","size":0.95,"sizes":[]},"tabs_control_label_typography_hover_font_size_tablet":{"unit":"rem","size":"","sizes":[]},"tabs_control_label_typography_hover_font_size_mobile":{"unit":"rem","size":"","sizes":[]},"tabs_control_label_typography_hover_font_weight":"500","tabs_control_label_typography_hover_line_height":{"unit":"em","size":1.4,"sizes":[]},"tabs_control_border_hover_border":"solid","tabs_control_border_hover_width":{"unit":"px","top":"0","right":"0","bottom":"2","left":"0","isLinked":false},"tabs_control_label_typography_active_typography":"custom","tabs_control_label_typography_active_font_family":"Roboto","tabs_control_label_typography_active_font_size":{"unit":"em","size":0.95,"sizes":[]},"tabs_control_label_typography_active_font_size_tablet":{"unit":"rem","size":"","sizes":[]},"tabs_control_label_typography_active_font_size_mobile":{"unit":"rem","size":"","sizes":[]},"tabs_control_label_typography_active_font_weight":"500","tabs_control_label_typography_active_line_height":{"unit":"em","size":1.4,"sizes":[]},"tabs_control_border_active_border":"solid","tabs_control_border_active_width":{"unit":"px","top":"0","right":"0","bottom":"2","left":"0","isLinked":false},"tabs_content_padding":{"unit":"%","top":"3","right":"0","bottom":"0","left":"0","isLinked":false},"tabs_content_padding_tablet":{"unit":"%","top":"","right":"","bottom":"","left":"","isLinked":true},"tabs_content_padding_mobile":{"unit":"%","top":"","right":"","bottom":"","left":"","isLinked":true},"_element_width":"inherit","custom_css":"selector .jet-tabs__control-inner {\n    padding: .7rem 5rem .5rem 0;\n}\n\nselector .active-tab .jet-tabs__label-text {\n    color: #10235E;\n}\n\nselector th, selector td {\n    border: none !important;\n    background-color: transparent !important;\n    text-align: left;\n    font-weight: 400 !important;\n    font-size: .75rem;\n    padding: 0 !important;\n}\nselector td {\n    padding-bottom: .7rem !important;\n}\nselector table.shop_attributes {\n    border: none !important;\n}","__globals__":{"tabs_control_border_active_color":"globals\/colors?id=text","tabs_control_border_color":"globals\/colors?id=c694267","tabs_control_border_hover_color":"globals\/colors?id=text","tabs_control_label_color_hover":"globals\/colors?id=text","tabs_control_icon_color_hover":"globals\/colors?id=text"}},"elements":[],"isInner":false,"widgetType":"jet-tabs","elType":"widget"}],"isInner":false,"elType":"container"},{"id":"7240d385","settings":{"jet_parallax_layout_list":[],"content_width":"full","flex_gap":{"column":"","row":"","isLinked":true,"unit":"em","size":null},"flex_gap_tablet":{"column":"","row":"","isLinked":true,"unit":"em","size":null},"flex_gap_mobile":{"column":"","row":"","isLinked":true,"unit":"em","size":null},"background_color":"#EFF4F8","padding":{"unit":"em","top":"0","right":"10.47970479704797","bottom":"3","left":"10.47970479704797","isLinked":false},"padding_tablet":{"unit":"em","top":"","right":"","bottom":"","left":"","isLinked":true},"padding_mobile":{"unit":"em","top":"1.5","right":"1","bottom":"1.5","left":"1","isLinked":false}},"elements":[{"id":"73f805c7","settings":{"title":"Related items","__globals__":{"typography_typography":"globals\/typography?id=primary"},"typography_line_height":{"unit":"em","size":"","sizes":[]},"typography_word_spacing":{"unit":"em","size":"","sizes":[]}},"elements":[],"isInner":false,"widgetType":"heading","elType":"widget"},{"id":"6d345dc0","settings":{"lisitng_id":"1159","columns":"4","columns_mobile":"1","posts_num":4,"not_found_message":"No data was found","posts_query":[{"_id":"c433ca3","type":"posts_params","posts_not_in":"%current_id%"},{"_id":"b3b5644","type":"tax_query","tax_query_taxonomy":"product_cat","tax_query_terms":"%current_terms%"}],"terms_meta_query":[],"users_meta_query":[],"horizontal_gap":{"unit":"em","size":1,"sizes":[]},"horizontal_gap_tablet":{"unit":"em","size":"","sizes":[]},"horizontal_gap_mobile":{"unit":"em","size":"","sizes":[]},"vertical_gap":{"unit":"em","size":1,"sizes":[]},"vertical_gap_tablet":{"unit":"em","size":"","sizes":[]},"vertical_gap_mobile":{"unit":"em","size":"","sizes":[]},"equal_columns_height":"yes"},"elements":[],"isInner":false,"widgetType":"jet-listing-grid","elType":"widget"}],"isInner":false,"elType":"container"}],"page_settings":[],"version":"0.4","title":"exp-product-single-page","type":"product"}