{"content":[{"id":"76d64dd2","settings":{"jet_parallax_layout_list":[]},"elements":[{"id":"69494084","settings":{"new_review_button_label":"Write a review","author_name_placeholder":"Your Name","author_mail_placeholder":"Your Mail","review_content_placeholder":"Your review","review_title_placeholder":"Title of your review","submit_review_button_label":"Submit a review","cancel_button_label":"Cancel","new_comment_button_label":"Leave a comment","comment_placeholder":"Leave your comments","show_comments_button_label":"Show Comments","hide_comments_button_label":"Hide Comments","comments_title_label":"Comments","submit_comment_button_label":"Submit Comment","reply_comment_button_label":"Reply","reply_placeholder":"Leave you reply","submit_reply_comment_button_label":"Submit a reply","eael_tooltip_section_content":"I am a tooltip","eael_ext_content_protection_password_placeholder":"Enter Password","eael_ext_content_protection_password_submit_btn_txt":"Submit","eael_ext_content_protection_password_incorrect_message":"Password does not match.","eael_cl_logics":[{"_id":"d19dadb"}],"jedv_conditions":[{"_id":"7be6d3c"}],"rating_very_high_color":"#FE9A31","control_label_typography_typography":"custom","control_label_typography_font_family":"Roboto","control_label_typography_font_size":{"unit":"rem","size":0.65,"sizes":[]},"control_label_typography_font_weight":"500","control_label_typography_line_height":{"unit":"em","size":1.25,"sizes":[]},"control_label_typography_letter_spacing":{"unit":"em","size":"","sizes":[]},"primary_control_label_color":"#6A6A6A","pagination_normal_color":"#111111","form_input_typography_typography":"custom","form_input_typography_font_family":"Inter","form_input_typography_font_size":{"unit":"em","size":0.75,"sizes":[]},"form_input_typography_font_weight":"400","form_input_typography_line_height":{"unit":"em","size":1.5,"sizes":[]},"form_input_typography_letter_spacing":{"unit":"em","size":"","sizes":[]},"header_title_color":"#111111","header_title_typography_typography":"custom","header_title_typography_font_family":"Roboto","header_title_typography_font_size":{"unit":"em","size":0.95,"sizes":[]},"header_title_typography_font_weight":"500","header_title_typography_line_height":{"unit":"em","size":1.3,"sizes":[]},"review_author_name_color":"#111111","review_author_name_typography_typography":"custom","review_author_name_typography_font_family":"Inter","review_author_name_typography_font_size":{"unit":"rem","size":0.85,"sizes":[]},"review_author_name_typography_font_weight":"500","review_author_name_typography_line_height":{"unit":"em","size":1.5,"sizes":[]},"review_author_name_typography_letter_spacing":{"unit":"em","size":"","sizes":[]},"review_author_name_typography_letter_spacing_tablet":{"unit":"em","size":"","sizes":[]},"review_author_name_typography_letter_spacing_mobile":{"unit":"em","size":"","sizes":[]},"review_title_color":"#111111","review_title_typography_typography":"custom","review_title_typography_font_family":"Roboto","review_title_typography_font_size":{"unit":"rem","size":0.8,"sizes":[]},"review_title_typography_font_weight":"400","review_title_typography_line_height":{"unit":"em","size":1.4,"sizes":[]},"review_title_typography_letter_spacing":{"unit":"em","size":"","sizes":[]},"review_title_typography_letter_spacing_tablet":{"unit":"em","size":"","sizes":[]},"review_title_typography_letter_spacing_mobile":{"unit":"em","size":"","sizes":[]},"review_content_color":"#6A6A6A","comments_title_color":"#111111","comments_title_typography_typography":"custom","comments_title_typography_font_family":"Inter","comments_title_typography_font_size":{"unit":"em","size":0.85,"sizes":[]},"comments_title_typography_font_weight":"500","comments_title_typography_line_height":{"unit":"em","size":1.15,"sizes":[]},"comments_title_typography_letter_spacing":{"unit":"em","size":"","sizes":[]},"comments_title_typography_letter_spacing_tablet":{"unit":"em","size":"","sizes":[]},"comments_title_typography_letter_spacing_mobile":{"unit":"em","size":"","sizes":[]},"comment_author_name_color":"#111111","comment_author_name_typography_typography":"custom","comment_author_name_typography_font_family":"Inter","comment_author_name_typography_font_size":{"unit":"rem","size":0.8,"sizes":[]},"comment_author_name_typography_font_weight":"500","comment_author_name_typography_line_height":{"unit":"em","size":1.6,"sizes":[]},"comment_author_name_typography_letter_spacing":{"unit":"em","size":"","sizes":[]},"comment_author_name_typography_letter_spacing_tablet":{"unit":"em","size":"","sizes":[]},"comment_author_name_typography_letter_spacing_mobile":{"unit":"em","size":"","sizes":[]},"comment_publish_time_typography_typography":"custom","comment_publish_time_typography_font_family":"Inter","comment_publish_time_typography_font_size":{"unit":"rem","size":0.65,"sizes":[]},"comment_publish_time_typography_font_weight":"400","comment_publish_time_typography_line_height":{"unit":"em","size":1.5,"sizes":[]},"comment_publish_time_typography_letter_spacing":{"unit":"em","size":"","sizes":[]},"comment_content_color":"#111111","verify_label_color":"#111111","verify_label_typography_font_family":"Montserrat","verify_label_typography_font_size":{"unit":"em","size":0.75,"sizes":[]},"verify_label_typography_font_weight":"500","verify_label_typography_line_height":{"unit":"em","size":1.5,"sizes":[]},"verify_label_typography_letter_spacing":{"unit":"em","size":0.02,"sizes":[]},"custom_css":"selector .jet-reviews-user-data__avatar {\n    background-color: #f2f2f2;\n    width: 3.2rem;\n    height: 3.2rem;\n    min-width: 3.2rem;\n    color: transparent;\n}\nselector .jet-reviews-comment-user-avatar {\n    background-color: #f2f2f2;\n    width: 2.4rem;\n    height: 2.4rem;\n    min-width: 2.4rem;\n    color: transparent;\n}\nselector .jet-reviews-advanced__review-title {\n    margin: 1rem 0 .5rem;\n}\n\nselector .jet-reviews-advanced__summary-rating .fa-star:before {\n\n    font-size: .85rem;\n}\n\nselector .jet-reviews-user-data__summary-rating .fa-star:before {\n\n    font-size: .7rem;\n}\n\nselector .jet-reviews-user-data__info-row {\n    margin-bottom: 0;\n}\n\n\nselector .jet-reviews-advanced__header {\n    border-bottom: 1px solid #f2f2f2;\n    margin: 0;\n    padding-bottom: 1rem;\n    margin-bottom: 1.5rem;\n}\n\nselector .jet-reviews-message {\n    font-size: .75rem;\n}","__globals__":{"rating_very_high_color":"","primary_control_label_color":"globals\/colors?id=text","control_label_typography_typography":"","pagination_normal_color":"globals\/colors?id=text","form_input_typography_typography":"","review_author_name_color":"globals\/colors?id=text","review_author_name_typography_typography":"","review_title_color":"globals\/colors?id=text","review_title_typography_typography":"","review_content_color":"","comments_title_color":"","comments_title_typography_typography":"","comment_author_name_color":"globals\/colors?id=text","comment_author_name_typography_typography":"","comment_publish_time_typography_typography":"","comment_content_color":"","verify_label_color":"globals\/colors?id=text","verify_label_typography_typography":"","header_title_color":"globals\/colors?id=text","header_title_typography_typography":"","review_author_publish_time_typography_typography":"","review_publish_time_color":"","primary_control_icon_color":"","primary_control_border_color":"","secondary_control_label_typography_typography":"","secondary_control_icon_color":"","comment_publish_time_color":""},"control_label_typography_font_size_tablet":{"unit":"rem","size":"","sizes":[]},"control_label_typography_font_size_mobile":{"unit":"rem","size":"","sizes":[]},"primary_control_icon_color":"#6A6A6A","primary_control_border_width":{"unit":"px","top":"1","right":"1","bottom":"1","left":"1","isLinked":true},"primary_control_border_color":"#6A6A6A","secondary_control_label_typography_typography":"custom","secondary_control_label_typography_font_family":"Roboto","secondary_control_label_typography_font_size":{"unit":"rem","size":0.65,"sizes":[]},"secondary_control_label_typography_font_size_tablet":{"unit":"rem","size":"","sizes":[]},"secondary_control_label_typography_font_size_mobile":{"unit":"rem","size":"","sizes":[]},"secondary_control_label_typography_font_weight":"500","secondary_control_label_typography_line_height":{"unit":"em","size":1.25,"sizes":[]},"secondary_control_label_typography_letter_spacing":{"unit":"em","size":"","sizes":[]},"header_title_typography_letter_spacing":{"unit":"em","size":"","sizes":[]},"review_author_name_typography_font_size_tablet":{"unit":"rem","size":"","sizes":[]},"review_author_name_typography_font_size_mobile":{"unit":"rem","size":"","sizes":[]},"review_publish_time_color":"#ACACAC","review_author_publish_time_typography_typography":"custom","review_author_publish_time_typography_font_family":"Inter","review_author_publish_time_typography_font_size":{"unit":"rem","size":0.6,"sizes":[]},"review_author_publish_time_typography_font_size_tablet":{"unit":"rem","size":"","sizes":[]},"review_author_publish_time_typography_font_size_mobile":{"unit":"rem","size":"","sizes":[]},"review_author_publish_time_typography_font_weight":"400","review_author_publish_time_typography_line_height":{"unit":"em","size":1.5,"sizes":[]},"review_author_publish_time_typography_letter_spacing":{"unit":"em","size":0.02,"sizes":[]},"review_title_typography_font_size_tablet":{"unit":"vw","size":"","sizes":[]},"review_title_typography_font_size_mobile":{"unit":"vw","size":"","sizes":[]},"review_content_typography_typography":"custom","review_content_typography_font_family":"Inter","review_content_typography_font_size":{"unit":"rem","size":0.75,"sizes":[]},"review_content_typography_font_size_tablet":{"unit":"rem","size":"","sizes":[]},"review_content_typography_font_size_mobile":{"unit":"rem","size":"","sizes":[]},"review_content_typography_font_weight":"400","review_content_typography_line_height":{"unit":"em","size":1.5,"sizes":[]},"review_content_typography_letter_spacing":{"unit":"em","size":"","sizes":[]},"_element_width":"inherit","_element_custom_width":{"unit":"em","size":36,"sizes":[]},"_element_custom_width_tablet":{"unit":"em","size":"","sizes":[]},"_element_custom_width_mobile":{"unit":"em","size":"","sizes":[]},"comments_title_typography_font_size_tablet":{"unit":"vw","size":"","sizes":[]},"comments_title_typography_font_size_mobile":{"unit":"vw","size":"","sizes":[]},"comment_author_name_typography_font_size_tablet":{"unit":"rem","size":"","sizes":[]},"comment_author_name_typography_font_size_mobile":{"unit":"rem","size":"","sizes":[]},"comment_publish_time_typography_font_size_tablet":{"unit":"rem","size":"","sizes":[]},"comment_publish_time_typography_font_size_mobile":{"unit":"rem","size":"","sizes":[]},"comment_content_typography_typography":"custom","comment_content_typography_font_family":"Inter","comment_content_typography_font_size":{"unit":"rem","size":0.75,"sizes":[]},"comment_content_typography_font_size_tablet":{"unit":"rem","size":"","sizes":[]},"comment_content_typography_font_size_mobile":{"unit":"rem","size":"","sizes":[]},"comment_content_typography_font_weight":"400","comment_content_typography_line_height":{"unit":"em","size":1.5,"sizes":[]},"comment_content_typography_letter_spacing":{"unit":"em","size":"","sizes":[]},"rating_empty_color":"#EFF4F8","rating_very_low_color":"#FE9A31","rating_low_color":"#FE9A31","rating_medium_color":"#FE9A31","rating_high_color":"#FE9A31"},"elements":[],"isInner":false,"widgetType":"jet-reviews-advanced","elType":"widget"}],"isInner":false,"elType":"container"}],"page_settings":{"eael_ext_toc_title":"Table of Contents","pa_cursor_ftext":"Premium Follow Text","preview_id":"84038"},"version":"0.4","title":"Product jetReviews Template","type":"container"}