{"content":[],"settings":{"template":"default","system_colors":[{"_id":"primary","title":"Primary","color":"#39637F"},{"_id":"secondary","title":"Secondary","color":"#00BE84"},{"_id":"text","title":"Text","color":"#263E52"},{"_id":"accent","title":"Accent","color":"#00B27C"}],"custom_colors":[{"_id":"1c15ecc","title":"White","color":"#FFFFFF"},{"_id":"5590b3c","title":"Black","color":"#000000"},{"_id":"eb3d4e3","title":"Button Hover","color":"#007D57"},{"_id":"829f2c7","title":"Border Outline","color":"#D2DEE6"},{"_id":"37c2412","title":"Text Light","color":"#D2DEE6"},{"_id":"8781188","title":"Light Card","color":"#FFFFFF30"},{"_id":"c405ede","title":"Footer Bg","color":"#F0F8FB"},{"_id":"6f50898","title":"Card Icon","color":"#F0F8FB"},{"_id":"0cb244e","title":"Grey","color":"#E3E2E1"}],"system_typography":[{"_id":"primary","title":"Primary","typography_typography":"custom","typography_font_family":"Raleway","typography_font_weight":"700","typography_font_size":{"unit":"em","size":2.2,"sizes":[]},"typography_line_height":{"unit":"em","size":1.2,"sizes":[]},"typography_letter_spacing":{"unit":"em","size":-0.02,"sizes":[]}},{"_id":"secondary","title":"Secondary","typography_typography":"custom","typography_font_family":"Raleway","typography_font_weight":"700","typography_font_size":{"unit":"em","size":1,"sizes":[]},"typography_line_height":{"unit":"em","size":1.3,"sizes":[]}},{"_id":"text","title":"Text","typography_typography":"custom","typography_font_family":"Inter","typography_font_weight":"400","typography_font_size":{"unit":"em","size":0.85,"sizes":[]},"typography_line_height":{"unit":"em","size":1.4,"sizes":[]}},{"_id":"accent","title":"Accent","typography_typography":"custom","typography_font_family":"Inter","typography_font_weight":"500","typography_font_size":{"unit":"em","size":0.85,"sizes":[]},"typography_line_height":{"unit":"em","size":1.4,"sizes":[]}}],"custom_typography":[{"typography_typography":"custom","typography_font_family":"Bitter","typography_font_size":{"unit":"em","size":0.85,"sizes":[]},"typography_font_weight":"600","typography_line_height":{"unit":"em","size":1.4,"sizes":[]},"_id":"a30e13a","title":"Subtitle"},{"typography_typography":"custom","typography_font_family":"Raleway","typography_font_size":{"unit":"em","size":1.2,"sizes":[]},"typography_font_size_tablet":{"unit":"rem","size":"","sizes":[]},"typography_font_size_mobile":{"unit":"rem","size":"","sizes":[]},"typography_font_weight":"700","typography_line_height":{"unit":"em","size":1.3,"sizes":[]},"_id":"cd3e740","title":"Card Title"},{"typography_typography":"custom","typography_font_family":"Inter","typography_font_size":{"unit":"em","size":0.85,"sizes":[]},"typography_font_weight":"500","typography_line_height":{"unit":"em","size":1.4,"sizes":[]},"_id":"a311534","title":"Text Medium"},{"typography_typography":"custom","typography_font_family":"Raleway","typography_font_size":{"unit":"em","size":2.8,"sizes":[]},"typography_font_size_tablet":{"unit":"rem","size":"","sizes":[]},"typography_font_size_mobile":{"unit":"rem","size":"","sizes":[]},"typography_font_weight":"800","typography_line_height":{"unit":"em","size":1.2,"sizes":[]},"typography_letter_spacing":{"unit":"em","size":-0.02,"sizes":[]},"_id":"84bb62b","title":"Hero Title"}],"default_generic_fonts":"Sans-serif","page_title_selector":"h1.entry-title","hello_footer_copyright_text":"All rights reserved","activeItemIndex":9,"viewport_md":768,"viewport_lg":1025,"container_width":{"unit":"px","size":"","sizes":[]},"space_between_widgets":{"column":"1","row":"1","isLinked":true,"unit":"em","size":1},"container_padding":{"unit":"em","top":"0","right":"0","bottom":"0","left":"0","isLinked":false},"typography_enable_styleguide_preview":"yes","default_page_template":"elementor_header_footer"},"metadata":[]}