[{"term_id":6,"name":"Footer Menu","slug":"footer-menu","taxonomy":"nav_menu","description":"","parent":0},{"term_id":8,"name":"Legal pages","slug":"legal-pages","taxonomy":"nav_menu","description":"","parent":0},{"term_id":12,"name":"Loan Types","slug":"loan-types","taxonomy":"nav_menu","description":"","parent":0},{"term_id":5,"name":"Main Menu","slug":"main-menu","taxonomy":"nav_menu","description":"","parent":0},{"term_id":7,"name":"Services Menu","slug":"services-menu","taxonomy":"nav_menu","description":"","parent":0}]