{"content":[],"settings":{"template":"default","system_colors":[{"_id":"primary","title":"Primary","color":"#6EC1E4"},{"_id":"secondary","title":"Secondary","color":"#54595F"},{"_id":"text","title":"Text","color":"#7A7A7A"},{"_id":"accent","title":"Accent","color":"#61CE70"}],"custom_colors":[{"_id":"6d9eb76","title":"White","color":"#FFFFFF"},{"_id":"1883f29","title":"Black","color":"#000000"},{"_id":"b32d198","title":"Button Hover","color":"#4EA359"},{"_id":"86033c5","title":"Border Outline","color":"#F6F6F6"},{"_id":"523f64c","title":"Text on Dark","color":"#FFFFFF"},{"_id":"a408a0e","title":"Text Light","color":"#C8C8C8"},{"_id":"0cbca5f","title":"Text Highlight","color":"#E5BB40"},{"_id":"95c99e7","title":"Light Bg","color":"#DDDDDD"},{"_id":"1dc1d50","title":"Dark Bg","color":"#252525"},{"_id":"7c64ae2","title":"Footer Bg","color":"#000000"},{"_id":"64d62b7","title":"Hero Overlay 1","color":"#FFFFFF"},{"_id":"31277a5","title":"Hero Overlay 2","color":"#000000"},{"_id":"64421c6","title":"Card Bg","color":"#EAEAEA"},{"_id":"d9027d1","title":"Card Bg Light","color":"#F4F4F4"},{"_id":"3ac15d0","title":"Card Bg Dark","color":"#AAAAAA"},{"_id":"6538970","title":"Card Bg Hover","color":"#696969"},{"_id":"3e5aeac","title":"Grey Text","color":"#AFAFAF"},{"_id":"262598f","title":"Divider","color":"#E5E5E5"},{"_id":"880a2ad","title":"CTA Overlay","color":"#000000"},{"_id":"66850b6","title":"CTA Bg","color":"#000000"},{"_id":"a7c6f7d","title":"Star Color","color":"#FBDC00"},{"_id":"e597ca9","title":"Button 2","color":"#842222"},{"_id":"99f55fb","title":"Button 2 Hover","color":"#E23535"},{"_id":"4387437","title":"Link Text","color":"#0077FF"},{"_id":"5c0cd8b","title":"Divider on Dark","color":"#FFFFFF"},{"_id":"71564d5","title":"Form Input Border","color":"#CDCDCD"},{"_id":"b3c6840","title":"Form Input Placeholder","color":"#ADADAD"},{"_id":"a0661ac","title":"Form Input Text","color":"#000000"},{"_id":"e8b4e59","title":"Testimonial Bg","color":"#786D6D"},{"_id":"c0dc38f","title":"Review Bg","color":"#A88B8B"},{"_id":"07f4f65","title":"Light Bg 2","color":"#997878"},{"_id":"ee7f105","title":"Light Bg 3","color":"#B5B1D8"},{"_id":"e963bae","title":"Card Bg 2","color":"#FF4242"},{"_id":"ff09ac9","title":"Card Bg 3","color":"#403434"}],"system_typography":[{"_id":"primary","title":"Primary","typography_typography":"custom","typography_font_family":"Roboto","typography_font_weight":"600","typography_font_size":{"unit":"em","size":2.4,"sizes":[]},"typography_line_height":{"unit":"em","size":1.25,"sizes":[]},"typography_letter_spacing":{"unit":"em","size":-0.02,"sizes":[]}},{"_id":"secondary","title":"Secondary","typography_typography":"custom","typography_font_family":"Roboto Slab","typography_font_weight":"400","typography_font_size":{"unit":"em","size":1,"sizes":[]},"typography_line_height":{"unit":"em","size":1.4,"sizes":[]}},{"_id":"text","title":"Text","typography_typography":"custom","typography_font_family":"Roboto","typography_font_weight":"400","typography_font_size":{"unit":"em","size":0.85,"sizes":[]},"typography_line_height":{"unit":"em","size":1.4,"sizes":[]}},{"_id":"accent","title":"Accent","typography_typography":"custom","typography_font_family":"Roboto","typography_font_weight":"500","typography_font_size":{"unit":"em","size":0.85,"sizes":[]},"typography_line_height":{"unit":"em","size":1.4,"sizes":[]}}],"custom_typography":[{"_id":"6f239ad","title":"Hero Title","typography_typography":"custom","typography_font_size":{"unit":"em","size":3.2,"sizes":[]},"typography_font_weight":"700","typography_line_height":{"unit":"em","size":1.1,"sizes":[]},"typography_letter_spacing":{"unit":"em","size":-0.02,"sizes":[]}},{"_id":"7507994","title":"Hero Subtitle","typography_typography":"custom","typography_font_size":{"unit":"em","size":0.9,"sizes":[]},"typography_font_weight":"400","typography_line_height":{"unit":"em","size":1.4,"sizes":[]}},{"_id":"c228dfb","title":"Text Medium","typography_typography":"custom","typography_font_size":{"unit":"em","size":0.85,"sizes":[]},"typography_font_weight":"500","typography_line_height":{"unit":"em","size":1.4,"sizes":[]}},{"_id":"51dad7c","title":"Text Large","typography_typography":"custom","typography_font_size":{"unit":"em","size":1,"sizes":[]},"typography_font_weight":"400","typography_line_height":{"unit":"em","size":1.4,"sizes":[]}},{"_id":"eb9b64f","title":"Text Small","typography_typography":"custom","typography_font_size":{"unit":"em","size":0.7,"sizes":[]},"typography_font_weight":"400","typography_line_height":{"unit":"em","size":1.4,"sizes":[]}},{"_id":"49adaf0","title":"Feature Card Title","typography_typography":"custom","typography_font_size":{"unit":"em","size":1.1,"sizes":[]},"typography_font_weight":"500","typography_line_height":{"unit":"em","size":1.4,"sizes":[]}},{"_id":"aa44dec","title":"Card Title","typography_typography":"custom","typography_font_size":{"unit":"em","size":1.2,"sizes":[]},"typography_font_weight":"500","typography_line_height":{"unit":"em","size":1.3,"sizes":[]}},{"_id":"d2b0a26","title":"Card Title Small","typography_typography":"custom","typography_font_size":{"unit":"em","size":0.9,"sizes":[]},"typography_font_weight":"500","typography_line_height":{"unit":"em","size":1.4,"sizes":[]}},{"_id":"fd2bc50","title":"Card Title Meduim","typography_typography":"custom","typography_font_size":{"unit":"em","size":1,"sizes":[]},"typography_font_weight":"500","typography_line_height":{"unit":"em","size":1.4,"sizes":[]}},{"_id":"81d1495","title":"Card Title Large","typography_typography":"custom","typography_font_size":{"unit":"em","size":1.6,"sizes":[]},"typography_font_weight":"500","typography_line_height":{"unit":"em","size":1.3,"sizes":[]}},{"_id":"bdcbe58","title":"Section Title Large","typography_typography":"custom","typography_font_size":{"unit":"em","size":2.8,"sizes":[]},"typography_font_weight":"600","typography_line_height":{"unit":"em","size":1.25,"sizes":[]},"typography_letter_spacing":{"unit":"em","size":-0.02,"sizes":[]}},{"_id":"a67e5f3","title":"Section Title Bold","typography_typography":"custom","typography_font_size":{"unit":"em","size":1.2,"sizes":[]},"typography_font_weight":"700","typography_line_height":{"unit":"em","size":1.4,"sizes":[]}},{"_id":"d7de979","title":"Card Title Bold","typography_typography":"custom","typography_font_size":{"unit":"em","size":1,"sizes":[]},"typography_font_weight":"700","typography_line_height":{"unit":"em","size":1.4,"sizes":[]}},{"_id":"94703dc","title":"Card Tag","typography_typography":"custom","typography_font_size":{"unit":"em","size":0.85,"sizes":[]},"typography_font_weight":"400","typography_line_height":{"unit":"em","size":1.4,"sizes":[]}},{"_id":"c5c7490","title":"Card Highlight Text","typography_typography":"custom","typography_font_size":{"unit":"em","size":0.65,"sizes":[]},"typography_font_weight":"400","typography_line_height":{"unit":"em","size":1.4,"sizes":[]}},{"_id":"f5f1f14","title":"Highlight Text","typography_typography":"custom","typography_font_size":{"unit":"em","size":1,"sizes":[]},"typography_font_weight":"500","typography_line_height":{"unit":"em","size":1.4,"sizes":[]}},{"_id":"bfbbe91","title":"Text Bold","typography_typography":"custom","typography_font_size":{"unit":"em","size":0.85,"sizes":[]},"typography_font_weight":"700","typography_line_height":{"unit":"em","size":1.4,"sizes":[]}},{"_id":"d5dfb33","title":"Main Menu","typography_typography":"custom","typography_font_size":{"unit":"em","size":0.85,"sizes":[]},"typography_font_weight":"600","typography_line_height":{"unit":"em","size":1.4,"sizes":[]}},{"_id":"ab82578","title":"Footer Menu","typography_typography":"custom","typography_font_size":{"unit":"em","size":0.85,"sizes":[]},"typography_font_weight":"500","typography_line_height":{"unit":"em","size":1.4,"sizes":[]}},{"_id":"a42809b","title":"Footer Menu Small","typography_typography":"custom","typography_font_size":{"unit":"em","size":0.75,"sizes":[]},"typography_font_weight":"400","typography_line_height":{"unit":"em","size":1.4,"sizes":[]}},{"_id":"451c009","title":"Footer Menu Title","typography_typography":"custom","typography_font_size":{"unit":"em","size":1.1,"sizes":[]},"typography_font_weight":"600","typography_line_height":{"unit":"em","size":1.4,"sizes":[]}},{"_id":"cbb2985","title":"Copyright Text","typography_typography":"custom","typography_font_size":{"unit":"em","size":0.8,"sizes":[]},"typography_font_weight":"400","typography_line_height":{"unit":"em","size":1.4,"sizes":[]}},{"_id":"3581dd7","title":"Top Banner Text","typography_typography":"custom","typography_font_size":{"unit":"em","size":0.75,"sizes":[]},"typography_font_weight":"400","typography_line_height":{"unit":"em","size":1.4,"sizes":[]}},{"_id":"b322e24","title":"Breadcrumbs","typography_typography":"custom","typography_font_size":{"unit":"em","size":0.9,"sizes":[]},"typography_font_weight":"400","typography_line_height":{"unit":"em","size":1.4,"sizes":[]}},{"_id":"aecbc59","title":"Section Subtitle","typography_typography":"custom","typography_font_size":{"unit":"em","size":0.8,"sizes":[]},"typography_line_height":{"unit":"em","size":1.4,"sizes":[]}},{"_id":"5780a41","title":"Testimonial Text","typography_typography":"custom","typography_font_size":{"unit":"em","size":1.4,"sizes":[]},"typography_font_weight":"400","typography_line_height":{"unit":"em","size":1.3,"sizes":[]}},{"_id":"e9d1b17","title":"Testimonial Title","typography_typography":"custom","typography_font_size":{"unit":"em","size":0.9,"sizes":[]},"typography_font_weight":"500","typography_line_height":{"unit":"em","size":1.4,"sizes":[]}},{"_id":"6c3769a","title":"Testimonial Subtitle","typography_typography":"custom","typography_font_size":{"unit":"em","size":0.8,"sizes":[]},"typography_font_weight":"400","typography_line_height":{"unit":"em","size":1.4,"sizes":[]}},{"_id":"f506de4","title":"Review Text","typography_typography":"custom","typography_font_size":{"unit":"em","size":1.4,"sizes":[]},"typography_font_weight":"400","typography_line_height":{"unit":"em","size":1.4,"sizes":[]}},{"_id":"a3a28a3","title":"Review Title","typography_typography":"custom","typography_font_size":{"unit":"em","size":0.85,"sizes":[]},"typography_font_weight":"400","typography_line_height":{"unit":"em","size":1.4,"sizes":[]}},{"_id":"93ff998","title":"Review Subtitle","typography_typography":"custom","typography_font_size":{"unit":"em","size":0.8,"sizes":[]},"typography_font_weight":"400","typography_line_height":{"unit":"em","size":1.4,"sizes":[]}},{"_id":"0f96474","title":"Blog Title","typography_typography":"custom","typography_font_size":{"unit":"em","size":1,"sizes":[]},"typography_font_weight":"600","typography_line_height":{"unit":"em","size":1.4,"sizes":[]}},{"_id":"04110bf","title":"Button Medium","typography_typography":"custom","typography_font_size":{"unit":"em","size":0.85,"sizes":[]},"typography_font_weight":"600","typography_line_height":{"unit":"em","size":1.4,"sizes":[]}},{"_id":"3345107","title":"Text Button","typography_typography":"custom","typography_font_size":{"unit":"em","size":0.85,"sizes":[]},"typography_font_weight":"600","typography_line_height":{"unit":"em","size":1.4,"sizes":[]}},{"_id":"2fb9ca3","title":"FAQ Title","typography_typography":"custom","typography_font_size":{"unit":"em","size":1,"sizes":[]},"typography_font_weight":"500","typography_line_height":{"unit":"em","size":1.4,"sizes":[]}},{"_id":"9288b31","title":"FAQ Text","typography_typography":"custom","typography_font_size":{"unit":"em","size":0.85,"sizes":[]},"typography_font_weight":"400","typography_line_height":{"unit":"em","size":1.4,"sizes":[]}},{"_id":"3aef7d7","title":"Form Input Text","typography_typography":"custom","typography_font_size":{"unit":"em","size":0.85,"sizes":[]},"typography_font_weight":"400","typography_line_height":{"unit":"em","size":1.4,"sizes":[]}},{"_id":"94394fa","title":"Form Input Title","typography_typography":"custom","typography_font_size":{"unit":"em","size":0.85,"sizes":[]},"typography_font_weight":"400","typography_line_height":{"unit":"em","size":1.4,"sizes":[]}},{"_id":"75147fb","title":"Form Input Hint","typography_typography":"custom","typography_font_size":{"unit":"em","size":0.75,"sizes":[]},"typography_font_weight":"400","typography_line_height":{"unit":"em","size":1.4,"sizes":[]}},{"_id":"baa21cb","title":"Form Checkbox Text","typography_typography":"custom","typography_font_size":{"unit":"em","size":0.8,"sizes":[]},"typography_font_weight":"400","typography_line_height":{"unit":"em","size":1.4,"sizes":[]}},{"_id":"593e04b","title":"Card Overlay Title","typography_typography":"custom","typography_font_size":{"unit":"em","size":1.2,"sizes":[]},"typography_font_weight":"600","typography_line_height":{"unit":"em","size":1.4,"sizes":[]}},{"_id":"ed3deed","title":"Card Overlay Text","typography_typography":"custom","typography_font_size":{"unit":"em","size":0.8,"sizes":[]},"typography_font_weight":"400","typography_line_height":{"unit":"em","size":1.4,"sizes":[]}},{"_id":"3aed0e5","title":"Link Text","typography_typography":"custom","typography_font_size":{"unit":"em","size":0.85,"sizes":[]},"typography_font_weight":"400","typography_line_height":{"unit":"em","size":1.4,"sizes":[]}},{"_id":"f242fb0","title":"Button 2","typography_typography":"custom","typography_font_size":{"unit":"em","size":0.75,"sizes":[]},"typography_font_weight":"400","typography_line_height":{"unit":"em","size":1.4,"sizes":[]}},{"_id":"d4dc206","title":"Quote Text","typography_typography":"custom","typography_font_size":{"unit":"em","size":1,"sizes":[]},"typography_font_weight":"500","typography_line_height":{"unit":"em","size":1.4,"sizes":[]}},{"_id":"94713fa","title":"Bullet Point","typography_typography":"custom","typography_font_size":{"unit":"em","size":0.85,"sizes":[]},"typography_font_weight":"500","typography_line_height":{"unit":"em","size":1.4,"sizes":[]}},{"_id":"4793a49","title":"List Item","typography_typography":"custom","typography_font_size":{"unit":"em","size":0.9,"sizes":[]},"typography_font_weight":"400","typography_line_height":{"unit":"em","size":1.4,"sizes":[]}}],"default_generic_fonts":"Sans-serif","container_width":{"unit":"%","size":100,"sizes":[]},"container_padding":{"unit":"em","top":"0","right":"0","bottom":"0","left":"0","isLinked":false},"space_between_widgets":{"column":"1","row":"1","isLinked":true,"unit":"em","size":1},"page_title_selector":"h1.entry-title","woocommerce_purchase_summary_page_id":false,"viewport_md":768,"viewport_lg":1025,"colors_enable_styleguide_preview":"yes","typography_enable_styleguide_preview":"yes","hello_footer_copyright_text":"All rights reserved","activeItemIndex":47,"woocommerce_cart_page_id":"17","woocommerce_checkout_page_id":"18","woocommerce_myaccount_page_id":"19","woocommerce_terms_page_id":"","woocommerce_shop_page_id":"16"},"metadata":[]}