{"content":[{"id":"a2b8a2f","settings":{"flex_direction":"column","min_height":{"unit":"em","size":26,"sizes":[]},"min_height_tablet":{"unit":"em","size":"","sizes":[]},"min_height_mobile":{"unit":"em","size":"","sizes":[]},"flex_justify_content":"flex-end","flex_align_items":"center","background_background":"classic","background_image":{"url":"https:\/\/southernelitemtg.com\/wp-content\/uploads\/2024\/07\/real-estate-agent-delivering-sample-homes-to-customers-mortgage-loan-contracts-make-a-contract-for-e1695041729988.jpg","id":989,"size":"","alt":"","source":"library"},"background_position":"center center","background_repeat":"no-repeat","background_size":"cover","background_overlay_background":"classic","padding":{"unit":"em","top":"3","right":"8","bottom":"3","left":"8","isLinked":false},"padding_tablet":{"unit":"em","top":"","right":"","bottom":"","left":"","isLinked":true},"padding_mobile":{"unit":"em","top":"2","right":"1","bottom":"2","left":"1","isLinked":false},"__globals__":{"background_overlay_color":"globals\/colors?id=5590b3c"},"jedv_conditions":[{"_id":"f2bf60a"}],"__dynamic__":{"background_image":"[elementor-tag id=\"86817d7\" name=\"jet-post-custom-image\" settings=\"%7B%22img_field%22%3A%22hero_background%22%7D\"]"}},"elements":[{"id":"6c540cd7","settings":{"content_width":"full","width":{"unit":"em","size":"","sizes":[]},"width_tablet":{"unit":"em","size":"","sizes":[]},"width_mobile":{"unit":"em","size":"","sizes":[]},"_title":"Content","jedv_conditions":[{"_id":"b3635bf"}]},"elements":[{"id":"214d54cd","settings":{"title":"Team Single","__globals__":{"typography_typography":"globals\/typography?id=primary","title_color":"globals\/colors?id=1c15ecc"},"typography_line_height":{"unit":"em","size":"","sizes":[]},"typography_word_spacing":{"unit":"em","size":"","sizes":[]},"jedv_conditions":[{"_id":"0bf2c8c"}],"__dynamic__":{"title":"[elementor-tag id=\"2194c58\" name=\"post-title\" settings=\"%7B%22before%22%3A%22Meet%20%22%7D\"]"}},"elements":[],"isInner":false,"widgetType":"heading","elType":"widget"},{"id":"107be5","settings":{"text":"Divider","color":"#D2DEE64D","gap":{"unit":"px","size":0,"sizes":[]},"__globals__":{"color":""},"jedv_conditions":[{"_id":"5b91b9b"}]},"elements":[],"isInner":false,"widgetType":"divider","elType":"widget"},{"id":"7e88bdc9","settings":{"content_width":"full","flex_direction":"row","jedv_conditions":[{"_id":"7b8b49b"}]},"elements":[{"id":"1fa51fa1","settings":{"content_width":"full","flex_direction":"row","flex_gap":{"column":"1","row":"1","isLinked":true,"unit":"em","size":1},"flex_gap_tablet":{"column":"","row":"","isLinked":true,"unit":"em","size":null},"flex_gap_mobile":{"column":"","row":"","isLinked":true,"unit":"em","size":null},"jedv_conditions":[{"_id":"ce2527a"}]},"elements":[{"id":"bc11bc9","settings":{"text":"Apply Online","border_radius":{"unit":"px","top":"0","right":"0","bottom":"0","left":"0","isLinked":false},"text_padding":{"unit":"em","top":"0.7","right":"1.5","bottom":"0.7","left":"1.5","isLinked":false},"text_padding_tablet":{"unit":"em","top":"","right":"","bottom":"","left":"","isLinked":true},"text_padding_mobile":{"unit":"em","top":"","right":"","bottom":"","left":"","isLinked":true},"__globals__":{"button_text_color":"globals\/colors?id=1c15ecc","hover_color":"globals\/colors?id=1c15ecc","button_background_hover_color":"globals\/colors?id=eb3d4e3"},"jedv_conditions":[{"_id":"3df9f9c"}],"link":{"url":"https:\/\/southernelitemtg.com\/contact-us\/","is_external":"on","nofollow":"","custom_attributes":""},"content_width":"full","__dynamic__":{"link":"[elementor-tag id=\"10b495b\" name=\"jet-post-custom-field\" settings=\"%7B%22meta_field%22%3A%22apply_online_button%22%7D\"]"}},"elements":[],"isInner":false,"widgetType":"button","elType":"widget"},{"id":"464680e1","settings":{"text":"Contact Me","border_radius":{"unit":"px","top":"0","right":"0","bottom":"0","left":"0","isLinked":false},"text_padding":{"unit":"em","top":"0.7","right":"1.5","bottom":"0.7","left":"1.5","isLinked":false},"text_padding_tablet":{"unit":"em","top":"","right":"","bottom":"","left":"","isLinked":true},"text_padding_mobile":{"unit":"em","top":"","right":"","bottom":"","left":"","isLinked":true},"__globals__":{"button_text_color":"globals\/colors?id=1c15ecc","hover_color":"globals\/colors?id=1c15ecc","button_background_hover_color":"globals\/colors?id=eb3d4e3","background_color":"globals\/colors?id=accent"},"jedv_conditions":[{"_id":"3df9f9c"}],"content_width":"full","__dynamic__":{"link":"[elementor-tag id=\"b30712f\" name=\"jet-post-custom-field\" settings=\"%7B%22meta_field%22%3A%22contact_me_button%22%2C%22before%22%3A%22mailto%3A%22%7D\"]"}},"elements":[],"isInner":false,"widgetType":"button","elType":"widget"}],"isInner":true,"elType":"container"},{"id":"3a0a5652","settings":{"content_width":"full","flex_align_items_mobile":"flex-start","jedv_conditions":[{"_id":"ce2527a"}]},"elements":[{"id":"4347786a","settings":{"icon_list":[{"text":"Home&nbsp;  \/  &nbsp;Team","selected_icon":{"value":"fas fa-home","library":"fa-solid"},"_id":"c301ff4"},{"_id":"b25d633","text":"List Item","selected_icon":{"value":"","library":""},"__dynamic__":{"text":"[elementor-tag id=\"ce0623f\" name=\"post-title\" settings=\"%7B%22before%22%3A%22%26nbsp%3B%26nbsp%3B%2F%20%26nbsp%3B%22%7D\"]"}}],"icon_align":"right","icon_size":{"unit":"em","size":0.8,"sizes":[]},"icon_size_tablet":{"unit":"em","size":"","sizes":[]},"icon_size_mobile":{"unit":"em","size":"","sizes":[]},"__globals__":{"icon_color":"globals\/colors?id=1c15ecc","icon_typography_typography":"globals\/typography?id=text","text_color":"globals\/colors?id=1c15ecc"},"view":"inline","space_between":{"unit":"px","size":0,"sizes":[]},"jedv_conditions":[{"_id":"14a7f08"}],"content_width":"full"},"elements":[],"isInner":false,"widgetType":"icon-list","elType":"widget"}],"isInner":true,"elType":"container"}],"isInner":true,"elType":"container"}],"isInner":true,"elType":"container"}],"isInner":false,"elType":"container"},{"id":"73f5eb47","settings":{"flex_direction":"row","flex_gap":{"unit":"px","size":0,"column":"0","row":"0"},"padding":{"unit":"em","top":"3","right":"6","bottom":"3","left":"6","isLinked":false},"padding_tablet":{"unit":"em","top":"","right":"","bottom":"","left":"","isLinked":true},"padding_mobile":{"unit":"em","top":"3","right":"1","bottom":"3","left":"1","isLinked":false},"jedv_conditions":[{"_id":"0469e4c"}]},"elements":[{"id":"23952ee4","settings":{"flex_direction":"column","content_width":"full","width":{"unit":"%","size":40},"background_background":"classic","background_image":{"url":"https:\/\/southernelitemtg.com\/wp-content\/uploads\/2024\/07\/broker-and-client-shaking-hands-after-signing-contract-approved-application-form-e1695129576901.jpg","id":732,"size":"","alt":"","source":"library"},"flex_justify_content":"center","flex_align_items":"center","background_position":"center center","background_repeat":"no-repeat","background_size":"cover","__dynamic__":{"background_image":"[elementor-tag id=\"e3d8d4f\" name=\"post-featured-image\" settings=\"%7B%7D\"]"},"min_height_mobile":{"unit":"em","size":22,"sizes":[]},"jedv_conditions":[{"_id":"3343fae"}],"min_height":{"unit":"em","size":32,"sizes":[]},"min_height_tablet":{"unit":"rem","size":"","sizes":[]}},"elements":[{"id":"440db916","settings":{"content_width":"full","space":{"unit":"em","size":32,"sizes":[]},"space_tablet":{"unit":"em","size":"","sizes":[]},"space_mobile":{"unit":"em","size":22,"sizes":[]},"jedv_conditions":[{"_id":"b99b8f5"}]},"elements":[],"isInner":false,"widgetType":"spacer","elType":"widget"}],"isInner":true,"elType":"container"},{"id":"72488a3f","settings":{"flex_direction":"column","content_width":"full","width":{"unit":"%","size":60},"background_background":"classic","padding":{"unit":"em","top":"4","right":"3","bottom":"4","left":"3","isLinked":false},"padding_tablet":{"unit":"em","top":"","right":"","bottom":"","left":"","isLinked":true},"padding_mobile":{"unit":"em","top":"2.6","right":"2","bottom":"2.6","left":"2","isLinked":false},"__globals__":{"background_color":"globals\/colors?id=c405ede"},"jedv_conditions":[{"_id":"cead8ba"}]},"elements":[{"id":"5ccb4095","settings":{"content_width":"full","flex_gap":{"column":"0.2","row":"0.2","isLinked":true,"unit":"em","size":0},"flex_gap_tablet":{"column":"","row":"","isLinked":true,"unit":"em","size":null},"flex_gap_mobile":{"column":"","row":"","isLinked":true,"unit":"em","size":null},"jedv_conditions":[{"_id":"8e2b9df"}]},"elements":[{"id":"31657354","settings":{"title":"Your Path to Homeownership Begins Here","__globals__":{"typography_typography":"globals\/typography?id=primary","title_color":"globals\/colors?id=primary"},"__dynamic__":{"title":"[elementor-tag id=\"5c8f01c\" name=\"post-title\" settings=\"%7B%7D\"]"},"jedv_conditions":[{"_id":"25efd3c"}]},"elements":[],"isInner":false,"widgetType":"heading","elType":"widget"},{"id":"48c98c10","settings":{"title":"Our Services","__globals__":{"typography_typography":"globals\/typography?id=a30e13a","title_color":"globals\/colors?id=secondary"},"header_size":"p","title_color":"#FFFFFF","__dynamic__":{"title":"[elementor-tag id=\"2dc905c\" name=\"jet-post-custom-field\" settings=\"%7B%22meta_field%22%3A%22subtitle%22%7D\"]"},"jedv_conditions":[{"_id":"553d8c8"}]},"elements":[],"isInner":false,"widgetType":"heading","elType":"widget"}],"isInner":true,"elType":"container"},{"id":"5268a82c","settings":{"title":"Lorem ipsum dolor sit amet, consectetur adipiscing elit. Ut elit tellus, luctus nec ullamcorper mattis, pulvinar dapibus leo.","__globals__":{"typography_typography":"globals\/typography?id=text","title_color":"globals\/colors?id=text"},"jedv_conditions":[{"_id":"3c92afc"}],"__dynamic__":{"title":"[elementor-tag id=\"83090a6\" name=\"jet-post-custom-field\" settings=\"%7B%22meta_field%22%3A%22short_description%22%7D\"]"}},"elements":[],"isInner":false,"widgetType":"heading","elType":"widget"},{"id":"4a1c38b8","settings":{"content_width":"full","width":{"unit":"%","size":100,"sizes":[]},"flex_direction":"row","flex_align_items":"flex-start","padding":{"unit":"em","top":"1","right":"0","bottom":"0","left":"0","isLinked":false},"padding_tablet":{"unit":"em","top":"","right":"","bottom":"","left":"","isLinked":true},"padding_mobile":{"unit":"em","top":"","right":"","bottom":"","left":"","isLinked":true},"border_border":"dashed","border_width":{"unit":"px","top":"2","right":"0","bottom":"0","left":"0","isLinked":false},"margin":{"unit":"em","top":"1","right":"0","bottom":"0","left":"0","isLinked":false},"margin_tablet":{"unit":"em","top":"","right":"","bottom":"","left":"","isLinked":true},"margin_mobile":{"unit":"em","top":"","right":"","bottom":"","left":"","isLinked":true},"__globals__":{"border_color":"globals\/colors?id=829f2c7"},"jedv_conditions":[{"_id":"ae12fa7"}]},"elements":[{"id":"3f3c47bf","settings":{"content_width":"full","border_width":{"unit":"px","top":"2","right":"2","bottom":"2","left":"2","isLinked":true},"_title":"Item","__globals__":{"border_color":"globals\/colors?id=829f2c7","background_color":"globals\/colors?id=8781188"},"background_background":"classic","padding":{"unit":"em","top":"1","right":"0","bottom":"1","left":"0","isLinked":false},"padding_tablet":{"unit":"em","top":"","right":"","bottom":"","left":"","isLinked":true},"padding_mobile":{"unit":"em","top":"","right":"","bottom":"","left":"","isLinked":true},"flex_gap":{"column":"0.5","row":"0.5","isLinked":true,"unit":"em","size":0},"flex_gap_tablet":{"column":"","row":"","isLinked":true,"unit":"em","size":null},"flex_gap_mobile":{"column":"","row":"","isLinked":true,"unit":"em","size":null},"jedv_conditions":[{"_id":"5318e3f"}]},"elements":[{"id":"5bb57acf","settings":{"selected_icon":{"value":"fas fa-arrow-right","library":"fa-solid"},"align":"left","size":{"unit":"em","size":0.7,"sizes":[]},"size_tablet":{"unit":"em","size":"","sizes":[]},"size_mobile":{"unit":"em","size":"","sizes":[]},"__globals__":{"primary_color":"globals\/colors?id=secondary","secondary_color":"globals\/colors?id=1c15ecc"},"view":"stacked","icon_padding":{"unit":"rem","size":0.7,"sizes":[]},"rotate":{"unit":"deg","size":-45,"sizes":[]},"jedv_conditions":[{"_id":"3a668f1"}]},"elements":[],"isInner":false,"widgetType":"icon","elType":"widget"},{"id":"4a1b1e19","settings":{"title":"Personalized Guidance","__globals__":{"typography_typography":"globals\/typography?id=secondary","title_color":"globals\/colors?id=primary"},"title_color":"#232323","header_size":"h4","jedv_conditions":[{"_id":"d3ef6fa"}],"__dynamic__":{"title":"[elementor-tag id=\"dfe853b\" name=\"jet-post-custom-field\" settings=\"%7B%22meta_field%22%3A%22highlights1_title%22%7D\"]"}},"elements":[],"isInner":false,"widgetType":"heading","elType":"widget"},{"id":"4a5f225b","settings":{"title":"Nascetur nunc eget diam a sem per in nam fermentum sociosqu. Non gravida dis sociosqu vel convallis.","__globals__":{"typography_typography":"globals\/typography?id=text","title_color":"globals\/colors?id=text"},"header_size":"p","jedv_conditions":[{"_id":"798d432"}],"__dynamic__":{"title":"[elementor-tag id=\"0076dc0\" name=\"jet-post-custom-field\" settings=\"%7B%22meta_field%22%3A%22highlights1_text%22%7D\"]"}},"elements":[],"isInner":false,"widgetType":"heading","elType":"widget"}],"isInner":true,"elType":"container"},{"id":"1e1ddf0e","settings":{"content_width":"full","border_width":{"unit":"px","top":"2","right":"2","bottom":"2","left":"2","isLinked":true},"_title":"Item","__globals__":{"border_color":"globals\/colors?id=829f2c7","background_color":"globals\/colors?id=8781188"},"background_background":"classic","padding":{"unit":"em","top":"1","right":"0","bottom":"1","left":"0","isLinked":false},"padding_tablet":{"unit":"em","top":"","right":"","bottom":"","left":"","isLinked":true},"padding_mobile":{"unit":"em","top":"","right":"","bottom":"","left":"","isLinked":true},"flex_gap":{"column":"0.5","row":"0.5","isLinked":true,"unit":"em","size":0},"flex_gap_tablet":{"column":"","row":"","isLinked":true,"unit":"em","size":null},"flex_gap_mobile":{"column":"","row":"","isLinked":true,"unit":"em","size":null},"jedv_conditions":[{"_id":"b023803"}]},"elements":[{"id":"3c68556a","settings":{"selected_icon":{"value":"fas fa-arrow-right","library":"fa-solid"},"align":"left","size":{"unit":"em","size":0.7,"sizes":[]},"size_tablet":{"unit":"em","size":"","sizes":[]},"size_mobile":{"unit":"em","size":"","sizes":[]},"__globals__":{"primary_color":"globals\/colors?id=secondary","secondary_color":"globals\/colors?id=1c15ecc"},"view":"stacked","icon_padding":{"unit":"rem","size":0.7,"sizes":[]},"rotate":{"unit":"deg","size":-45,"sizes":[]},"jedv_conditions":[{"_id":"d1d407f"}]},"elements":[],"isInner":false,"widgetType":"icon","elType":"widget"},{"id":"49a7afee","settings":{"title":"Mortgage Solutions","__globals__":{"typography_typography":"globals\/typography?id=secondary","title_color":"globals\/colors?id=primary"},"title_color":"#232323","header_size":"h4","jedv_conditions":[{"_id":"8a48581"}],"__dynamic__":{"title":"[elementor-tag id=\"fdcd364\" name=\"jet-post-custom-field\" settings=\"%7B%22meta_field%22%3A%22highlights2_title%22%7D\"]"}},"elements":[],"isInner":false,"widgetType":"heading","elType":"widget"},{"id":"787483af","settings":{"title":"Nascetur nunc eget diam a sem per in nam fermentum sociosqu. Non gravida dis sociosqu vel convallis.","__globals__":{"typography_typography":"globals\/typography?id=text","title_color":"globals\/colors?id=text"},"header_size":"p","jedv_conditions":[{"_id":"25b034f"}],"__dynamic__":{"title":"[elementor-tag id=\"cacf9e6\" name=\"jet-post-custom-field\" settings=\"%7B%22meta_field%22%3A%22highlights2_text%22%7D\"]"}},"elements":[],"isInner":false,"widgetType":"heading","elType":"widget"}],"isInner":true,"elType":"container"}],"isInner":true,"elType":"container"}],"isInner":true,"elType":"container"}],"isInner":false,"elType":"container"},{"id":"15d6cd3f","settings":{"flex_gap":{"unit":"em","size":0,"column":"0","row":"2","isLinked":false},"padding":{"unit":"em","top":"4","right":"8","bottom":"4","left":"8","isLinked":false},"padding_tablet":{"unit":"em","top":"","right":"","bottom":"","left":"","isLinked":true},"padding_mobile":{"unit":"em","top":"0","right":"1","bottom":"3","left":"1","isLinked":false},"flex_gap_tablet":{"column":"","row":"","isLinked":true,"unit":"em","size":null},"flex_gap_mobile":{"column":"","row":"","isLinked":true,"unit":"em","size":null},"jedv_conditions":[{"_id":"66d4ce7"}]},"elements":[{"id":"b08491f","settings":{"content_width":"full","jedv_conditions":[{"_id":"e933314"}]},"elements":[{"id":"2e03ee84","settings":{"title":"Learn More About Me!","__globals__":{"typography_typography":"globals\/typography?id=primary","title_color":"globals\/colors?id=secondary"},"align":"center","content_width":"full","jedv_conditions":[{"_id":"2675afd"}],"__dynamic__":{"title":"[elementor-tag id=\"55cbfac\" name=\"jet-post-custom-field\" settings=\"%7B%22meta_field%22%3A%22section3_title%22%7D\"]"}},"elements":[],"isInner":false,"widgetType":"heading","elType":"widget"},{"id":"1f7f6a40","settings":{"title":"Mom, Wife & Lender! I love my Job!","__globals__":{"typography_typography":"globals\/typography?id=a30e13a","title_color":"globals\/colors?id=text"},"header_size":"p","align":"center","content_width":"full","jedv_conditions":[{"_id":"6b43aa9"}],"__dynamic__":{"title":"[elementor-tag id=\"e4e818f\" name=\"jet-post-custom-field\" settings=\"%7B%22meta_field%22%3A%22section3_subtitle%22%7D\"]"}},"elements":[],"isInner":false,"widgetType":"heading","elType":"widget"}],"isInner":true,"elType":"container"},{"id":"1e918dcc","settings":{"content_width":"full","lisitng_id":"1577","posts_num":0,"not_found_message":"No data was found","posts_query":[],"terms_meta_query":[],"users_meta_query":[],"horizontal_gap":{"unit":"em","size":2,"sizes":[]},"horizontal_gap_tablet":{"unit":"em","size":"","sizes":[]},"horizontal_gap_mobile":{"unit":"em","size":"","sizes":[]},"vertical_gap":{"unit":"em","size":2,"sizes":[]},"vertical_gap_tablet":{"unit":"em","size":"","sizes":[]},"vertical_gap_mobile":{"unit":"em","size":"","sizes":[]},"jedv_conditions":[{"_id":"9922234"}],"equal_columns_height":"yes","columns_mobile":"1"},"elements":[],"isInner":false,"widgetType":"jet-listing-grid","elType":"widget"}],"isInner":false,"elType":"container"},{"id":"41b0253c","settings":{"flex_direction":"row","flex_gap":{"unit":"px","size":0,"column":"0","row":"0"},"padding":{"unit":"em","top":"4","right":"8","bottom":"4","left":"8","isLinked":false},"padding_tablet":{"unit":"em","top":"","right":"","bottom":"","left":"","isLinked":true},"padding_mobile":{"unit":"em","top":"0","right":"1","bottom":"3","left":"1","isLinked":false},"flex_gap_mobile":{"column":"2","row":"2","isLinked":true,"unit":"em","size":2},"jedv_conditions":[{"_id":"0f3a07b"}]},"elements":[{"id":"170aa598","settings":{"flex_direction":"column","content_width":"full","width":{"unit":"%","size":"50"},"flex_justify_content":"center","flex_gap":{"column":"1","row":"1","isLinked":true,"unit":"em","size":1},"flex_gap_tablet":{"column":"","row":"","isLinked":true,"unit":"em","size":null},"flex_gap_mobile":{"column":"","row":"","isLinked":true,"unit":"em","size":null},"padding":{"unit":"em","top":"0","right":"4","bottom":"0","left":"0","isLinked":false},"padding_tablet":{"unit":"em","top":"","right":"","bottom":"","left":"","isLinked":true},"padding_mobile":{"unit":"em","top":"0","right":"0","bottom":"0","left":"0","isLinked":false},"jedv_conditions":[{"_id":"11e2189"}]},"elements":[{"id":"4958a0f7","settings":{"title":"Flexible, adaptable, and adjustable plans to fit your needs","__globals__":{"typography_typography":"globals\/typography?id=primary","title_color":"globals\/colors?id=primary"},"jedv_conditions":[{"_id":"8ed566a"}],"__dynamic__":{"title":"[elementor-tag id=\"31e8310\" name=\"jet-post-custom-field\" settings=\"%7B%22meta_field%22%3A%22section4_title%22%7D\"]"}},"elements":[],"isInner":false,"widgetType":"heading","elType":"widget"},{"id":"3236d187","settings":{"title":"Quam est faucibus porttitor luctus sem phasellus. Pretium neque aliquet in auctor tristique scelerisque vehicula duis. Augue nulla etiam curabitur eleifend himenaeos nunc nam lacinia tellus quam.","__globals__":{"typography_typography":"globals\/typography?id=text","title_color":"globals\/colors?id=text"},"header_size":"p","title_color":"#FFFFFF","jedv_conditions":[{"_id":"d698f67"}],"__dynamic__":{"title":"[elementor-tag id=\"d97a2bf\" name=\"jet-post-custom-field\" settings=\"%7B%22meta_field%22%3A%22section4_description%22%7D\"]"}},"elements":[],"isInner":false,"widgetType":"heading","elType":"widget"}],"isInner":true,"elType":"container"},{"id":"5fb57aec","settings":{"flex_direction":"column","content_width":"full","width":{"unit":"%","size":"50"},"padding":{"unit":"em","top":"0","right":"0","bottom":"0","left":"0.5","isLinked":false},"padding_tablet":{"unit":"em","top":"","right":"","bottom":"","left":"","isLinked":true},"padding_mobile":{"unit":"em","top":"0","right":"0","bottom":"0","left":"0","isLinked":false},"_flex_order_mobile":"start","jedv_conditions":[{"_id":"b726338"}]},"elements":[{"id":"4f06aed2","settings":{"youtube_url":"https:\/\/www.youtube.com\/watch?v=jDLuJLoaA_g","vimeo_url":"https:\/\/vimeo.com\/235215203","dailymotion_url":"https:\/\/www.dailymotion.com\/video\/x6tqhqb","videopress_url":"https:\/\/videopress.com\/v\/ZCAOzTNk","jedv_conditions":[{"_id":"606bd54"}],"__dynamic__":{"youtube_url":"[elementor-tag id=\"00692d5\" name=\"jet-post-custom-field\" settings=\"%7B%22meta_field%22%3A%22section_4_video_url%22%7D\"]"}},"elements":[],"isInner":false,"widgetType":"video","elType":"widget"}],"isInner":true,"elType":"container"}],"isInner":false,"elType":"container"},{"id":"23b69f0a","settings":{"flex_direction":"row","flex_align_items":"center","padding":{"unit":"em","top":"0","right":"8","bottom":"0","left":"8","isLinked":false},"padding_tablet":{"unit":"em","top":"","right":"","bottom":"","left":"","isLinked":true},"padding_mobile":{"unit":"em","top":"0","right":"1","bottom":"3","left":"1","isLinked":false},"jedv_conditions":[{"_id":"eac28d4","jedv_condition":"switcher-enabled"}],"hide_desktop":"hidden-desktop","hide_tablet":"hidden-tablet","hide_mobile":"hidden-mobile"},"elements":[{"id":"92dd244","settings":{"content_width":"full","flex_direction":"row","flex_align_items":"center","border_border":"solid","border_width":{"unit":"px","top":"1","right":"0","bottom":"0","left":"0","isLinked":false},"padding":{"unit":"em","top":"2.4","right":"0","bottom":"2.4","left":"0","isLinked":false},"padding_tablet":{"unit":"em","top":"","right":"","bottom":"","left":"","isLinked":true},"padding_mobile":{"unit":"em","top":"","right":"","bottom":"","left":"","isLinked":true},"__globals__":{"border_color":"globals\/colors?id=829f2c7"},"jedv_conditions":[{"_id":"3456a34"}]},"elements":[{"id":"78c23674","settings":{"title":"Our Partners :","align":"center","title_color":"#FFFFFF","typography_typography":"custom","typography_font_family":"Raleway","typography_font_size":{"unit":"em","size":1.4,"sizes":[]},"typography_font_size_tablet":{"unit":"rem","size":"","sizes":[]},"typography_font_size_mobile":{"unit":"rem","size":"","sizes":[]},"typography_font_weight":"700","typography_line_height":{"unit":"em","size":1.3,"sizes":[]},"_flex_size":"grow","__globals__":{"typography_typography":"","title_color":"globals\/colors?id=text"},"jedv_conditions":[{"_id":"e85828a"}]},"elements":[],"isInner":false,"widgetType":"heading","elType":"widget"},{"id":"7211f064","settings":{"slides":[{"image":{"url":"https:\/\/southernelitemtg.com\/wp-content\/uploads\/2024\/07\/Brand-3-1.png","id":886,"alt":"","source":"library","size":""},"_id":"986e869"},{"image":{"url":"https:\/\/southernelitemtg.com\/wp-content\/uploads\/2024\/07\/Brand-4-1.png","id":889,"alt":"","source":"library","size":""},"_id":"dc9a25b"},{"image":{"url":"https:\/\/southernelitemtg.com\/wp-content\/uploads\/2024\/07\/Brand-5-1.png","id":887,"alt":"","source":"library","size":""},"_id":"ec2e8f5"},{"image":{"url":"https:\/\/southernelitemtg.com\/wp-content\/uploads\/2024\/07\/Brand-1-1.png","id":890,"alt":"","source":"library","size":""},"_id":"fc5e1d9"},{"image":{"url":"https:\/\/southernelitemtg.com\/wp-content\/uploads\/2024\/07\/Brand-5-1.png","id":887,"alt":"","source":"library","size":""},"_id":"0c3e8fa"}],"slides_per_view":"4","slides_to_scroll":"1","height":{"unit":"em","size":2.5,"sizes":[]},"height_tablet":{"unit":"em","size":"","sizes":[]},"height_mobile":{"unit":"em","size":"","sizes":[]},"show_arrows":"","pagination":"","image_fit":"contain","slides_per_view_mobile":"2","slides_to_scroll_mobile":"2","jedv_conditions":[{"_id":"7f10b53"}]},"elements":[],"isInner":false,"widgetType":"media-carousel","elType":"widget"}],"isInner":true,"elType":"container"}],"isInner":false,"elType":"container"}],"settings":{"preview_type":"single\/post","preview_id":""},"metadata":[]}