{"content":[{"id":"1a0060b9","settings":{"flex_direction":"row","flex_justify_content":"space-between","background_background":"classic","padding":{"unit":"em","top":"0.3","right":"8","bottom":"0.3","left":"8","isLinked":false},"padding_tablet":{"unit":"em","top":"","right":"","bottom":"","left":"","isLinked":true},"padding_mobile":{"unit":"em","top":"0.5","right":"1","bottom":"0.5","left":"1","isLinked":false},"__globals__":{"background_color":"globals\/colors?id=text"},"flex_gap_mobile":{"column":"0.5","row":"0.5","isLinked":true,"unit":"em","size":0},"jedv_conditions":[{"_id":"e90febf"}]},"elements":[{"id":"25f107b3","settings":{"content_width":"full","flex_direction":"row","flex_justify_content":"flex-start","flex_align_items":"center","flex_gap":{"column":"3","row":"3","isLinked":true,"unit":"em","size":3},"flex_gap_tablet":{"column":"","row":"","isLinked":true,"unit":"em","size":null},"flex_gap_mobile":{"column":"0.2","row":"0.2","isLinked":true,"unit":"em","size":0},"flex_direction_mobile":"column","jedv_conditions":[{"_id":"d9b9c1c"}]},"elements":[{"id":"19a83d0f","settings":{"social_icon_list":[{"social_icon":{"value":"fab fa-facebook","library":"fa-brands"},"_id":"2ae8d0e"},{"social_icon":{"value":"fab fa-twitter","library":"fa-brands"},"_id":"5e0981c"},{"social_icon":{"value":"fab fa-youtube","library":"fa-brands"},"_id":"6e0d763"}],"icon_color":"custom","icon_primary_color":"#00000000","icon_size":{"unit":"rem","size":0.8,"sizes":[]},"icon_size_tablet":{"unit":"rem","size":"","sizes":[]},"icon_size_mobile":{"unit":"rem","size":"","sizes":[]},"icon_padding":{"unit":"em","size":0,"sizes":[]},"icon_spacing":{"unit":"rem","size":1.2,"sizes":[]},"icon_spacing_tablet":{"unit":"em","size":"","sizes":[]},"icon_spacing_mobile":{"unit":"em","size":"","sizes":[]},"__globals__":{"icon_secondary_color":"globals\/colors?id=1c15ecc"},"jedv_conditions":[{"_id":"9d2bebb"}]},"elements":[],"isInner":false,"widgetType":"social-icons","elType":"widget"},{"id":"520f41c5","settings":{"view":"inline","icon_list":[{"text":"Support","selected_icon":{"value":"fas fa-circle","library":"fa-solid"},"_id":"eb89cfd"},{"text":"Live Chat","selected_icon":{"value":"fas fa-dot-circle","library":"fa-solid"},"_id":"9086a09"}],"space_between":{"unit":"em","size":1.5,"sizes":[]},"space_between_tablet":{"unit":"em","size":"","sizes":[]},"space_between_mobile":{"unit":"em","size":"","sizes":[]},"icon_size":{"unit":"em","size":0.4,"sizes":[]},"icon_size_tablet":{"unit":"em","size":"","sizes":[]},"icon_size_mobile":{"unit":"em","size":"","sizes":[]},"text_indent":{"unit":"px","size":0,"sizes":[]},"icon_self_vertical_align":"center","icon_vertical_offset":{"unit":"rem","size":0.1,"sizes":[]},"icon_vertical_offset_tablet":{"unit":"em","size":"","sizes":[]},"icon_vertical_offset_mobile":{"unit":"em","size":"","sizes":[]},"icon_typography_typography":"custom","icon_typography_font_family":"Inter","icon_typography_font_size":{"unit":"em","size":0.7,"sizes":[]},"icon_typography_font_size_tablet":{"unit":"rem","size":"","sizes":[]},"icon_typography_font_size_mobile":{"unit":"rem","size":"","sizes":[]},"icon_typography_font_weight":"400","icon_typography_line_height":{"unit":"em","size":1.4,"sizes":[]},"__globals__":{"icon_color":"globals\/colors?id=eb3d4e3","text_color":"globals\/colors?id=1c15ecc"},"hide_desktop":"hidden-desktop","hide_tablet":"hidden-tablet","hide_mobile":"hidden-mobile","jedv_conditions":[{"_id":"a3be645"}]},"elements":[],"isInner":false,"widgetType":"icon-list","elType":"widget"}],"isInner":true,"elType":"container"},{"id":"2133215","settings":{"content_width":"full","flex_direction":"row","flex_justify_content":"flex-end","flex_align_items":"center","width_mobile":{"unit":"em","size":"","sizes":[]},"flex_justify_content_mobile":"flex-end","_flex_order_mobile":"start","jedv_conditions":[{"_id":"a9562d9"}]},"elements":[{"id":"2e8af2b9","settings":{"view":"inline","icon_list":[{"text":"804-293-2425","selected_icon":{"value":"fas fa-phone-volume","library":"fa-solid"},"_id":"eb89cfd","link":{"url":"tel:8042932425","is_external":"","nofollow":"","custom_attributes":""}},{"text":"Contactus@southernelitemtg.com","selected_icon":{"value":"far fa-envelope","library":"fa-regular"},"_id":"9086a09","link":{"url":"mailto:contactus@southernelitemtg.com","is_external":"","nofollow":"","custom_attributes":""}}],"space_between":{"unit":"em","size":1.5,"sizes":[]},"space_between_tablet":{"unit":"em","size":"","sizes":[]},"space_between_mobile":{"unit":"em","size":1,"sizes":[]},"icon_size":{"unit":"em","size":0.8,"sizes":[]},"icon_size_tablet":{"unit":"em","size":"","sizes":[]},"icon_size_mobile":{"unit":"em","size":"","sizes":[]},"text_indent":{"unit":"px","size":0,"sizes":[]},"icon_self_vertical_align":"center","icon_vertical_offset":{"unit":"rem","size":"","sizes":[]},"icon_vertical_offset_tablet":{"unit":"em","size":"","sizes":[]},"icon_vertical_offset_mobile":{"unit":"em","size":"","sizes":[]},"icon_typography_typography":"custom","icon_typography_font_family":"Inter","icon_typography_font_size":{"unit":"em","size":0.7,"sizes":[]},"icon_typography_font_size_tablet":{"unit":"rem","size":"","sizes":[]},"icon_typography_font_size_mobile":{"unit":"rem","size":"","sizes":[]},"icon_typography_font_weight":"400","icon_typography_line_height":{"unit":"em","size":1.4,"sizes":[]},"__globals__":{"icon_color":"globals\/colors?id=1c15ecc","text_color":"globals\/colors?id=1c15ecc"},"icon_align_mobile":"center","jedv_conditions":[{"_id":"ba7fa58"}]},"elements":[],"isInner":false,"widgetType":"icon-list","elType":"widget"}],"isInner":true,"elType":"container"}],"isInner":false,"elType":"container"},{"id":"3b7f4226","settings":{"padding":{"unit":"em","top":"0.7","right":"8","bottom":"0.7","left":"8","isLinked":false},"padding_tablet":{"unit":"em","top":"","right":"","bottom":"","left":"","isLinked":true},"padding_mobile":{"unit":"em","top":"0","right":"0","bottom":"0","left":"0","isLinked":true},"flex_gap_mobile":{"column":"0","row":"0","isLinked":false,"unit":"px","size":0},"background_background":"classic","sticky":"top","sticky_parent":"yes","__globals__":{"background_color":"globals\/colors?id=1c15ecc"},"jedv_conditions":[{"_id":"43af740"}]},"elements":[{"id":"7ac2842a","settings":{"content_width":"full","hide_desktop":"hidden-desktop","hide_tablet":"hidden-tablet","jedv_conditions":[{"_id":"f3776a0"}]},"elements":[{"id":"5d076a4","settings":{"text":"Apply Now","border_radius":{"unit":"px","top":"0","right":"0","bottom":"0","left":"0","isLinked":false},"text_padding":{"unit":"em","top":"0.7","right":"1.5","bottom":"0.7","left":"1.5","isLinked":false},"text_padding_tablet":{"unit":"em","top":"","right":"","bottom":"","left":"","isLinked":true},"text_padding_mobile":{"unit":"em","top":"","right":"","bottom":"","left":"","isLinked":true},"__globals__":{"button_text_color":"globals\/colors?id=1c15ecc","hover_color":"globals\/colors?id=1c15ecc","button_background_hover_color":"globals\/colors?id=eb3d4e3"},"align_mobile":"justify","content_width":"full","align":"justify","jedv_conditions":[{"_id":"1bf5d4b"}],"link":{"url":"https:\/\/eliteteamrva.my1003app.com\/2349520\/register?time=1722875945626","is_external":"on","nofollow":"","custom_attributes":""}},"elements":[],"isInner":false,"widgetType":"button","elType":"widget"}],"isInner":true,"elType":"container"},{"id":"42d653bf","settings":{"content_width":"full","flex_direction":"row","flex_gap_mobile":{"column":"0","row":"0","isLinked":false,"unit":"px","size":0},"padding_mobile":{"unit":"em","top":"0.7","right":"1","bottom":"0.7","left":"1","isLinked":false},"jedv_conditions":[{"_id":"3d320ef"}]},"elements":[{"id":"1e18c7af","settings":{"content_width":"full","width":{"unit":"%","size":20,"sizes":[]},"flex_justify_content":"center","width_mobile":{"unit":"%","size":50,"sizes":[]},"jedv_conditions":[{"_id":"8526b63"}],"overflow":"hidden"},"elements":[{"id":"15d2d2c6","settings":{"image":{"url":"https:\/\/southernelitemtg.com\/wp-content\/uploads\/2023\/07\/SouthernEliteMortgage-Horizontal-Smaller_png_color.png","id":1149,"size":"","alt":"","source":"library"},"image_size":"full","_element_width":"initial","_element_custom_width":{"unit":"em","size":9,"sizes":[]},"_element_custom_width_tablet":{"unit":"em","size":"","sizes":[]},"_element_custom_width_mobile":{"unit":"em","size":10,"sizes":[]},"link_to":"custom","__dynamic__":{"link":"[elementor-tag id=\"819d306\" name=\"site-url\" settings=\"%7B%7D\"]"},"_margin":{"unit":"em","top":"-2.5","right":"-3","bottom":"-2.5","left":"-3.5","isLinked":false},"_margin_tablet":{"unit":"em","top":"","right":"","bottom":"","left":"","isLinked":true},"_margin_mobile":{"unit":"em","top":"","right":"","bottom":"","left":"","isLinked":true},"jedv_conditions":[{"_id":"6eb44b0"}]},"elements":[],"isInner":false,"widgetType":"image","elType":"widget"}],"isInner":true,"elType":"container"},{"id":"3fb58d78","settings":{"content_width":"full","width":{"unit":"%","size":80,"sizes":[]},"flex_direction":"row","flex_justify_content":"flex-end","flex_align_items":"center","flex_gap":{"column":"3","row":"3","isLinked":true,"unit":"em","size":3},"flex_gap_tablet":{"column":"","row":"","isLinked":true,"unit":"em","size":null},"flex_gap_mobile":{"column":"","row":"","isLinked":true,"unit":"em","size":null},"width_mobile":{"unit":"%","size":50,"sizes":[]},"jedv_conditions":[{"_id":"79632e2"}]},"elements":[{"id":"33609f7f","settings":{"menu":"main-menu","pointer":"none","dropdown":"mobile","padding_horizontal_menu_item":{"unit":"rem","size":0,"sizes":[]},"padding_horizontal_menu_item_tablet":{"unit":"rem","size":"","sizes":[]},"padding_horizontal_menu_item_mobile":{"unit":"rem","size":"","sizes":[]},"padding_vertical_menu_item":{"unit":"rem","size":0.3,"sizes":[]},"padding_vertical_menu_item_tablet":{"unit":"rem","size":"","sizes":[]},"padding_vertical_menu_item_mobile":{"unit":"rem","size":"","sizes":[]},"menu_space_between":{"unit":"rem","size":2,"sizes":[]},"menu_space_between_tablet":{"unit":"rem","size":"","sizes":[]},"menu_space_between_mobile":{"unit":"rem","size":"","sizes":[]},"__globals__":{"menu_typography_typography":"globals\/typography?id=accent","color_dropdown_item_hover":"globals\/colors?id=1c15ecc","background_color_dropdown_item_hover":"globals\/colors?id=accent","toggle_color_hover":"globals\/colors?id=text","toggle_color":"globals\/colors?id=text"},"menu_name":"Menu","full_width":"stretch","text_align":"center","toggle_background_color":"#02010100","toggle_size_mobile":{"unit":"em","size":1.2,"sizes":[]},"_margin_mobile":{"unit":"em","top":"0","right":"0","bottom":"0","left":"0","isLinked":false},"_element_width_mobile":"initial","_element_custom_width_mobile":{"unit":"em","size":2,"sizes":[]},"jedv_conditions":[{"_id":"57adb37"}],"menu_id":5},"elements":[],"isInner":false,"widgetType":"nav-menu","elType":"widget"},{"id":"87b2da1","settings":{"text":"Apply Now","border_radius":{"unit":"px","top":"0","right":"0","bottom":"0","left":"0","isLinked":false},"text_padding":{"unit":"em","top":"0.7","right":"1.5","bottom":"0.7","left":"1.5","isLinked":false},"text_padding_tablet":{"unit":"em","top":"","right":"","bottom":"","left":"","isLinked":true},"text_padding_mobile":{"unit":"em","top":"","right":"","bottom":"","left":"","isLinked":true},"__globals__":{"button_text_color":"globals\/colors?id=1c15ecc","hover_color":"globals\/colors?id=1c15ecc","button_background_hover_color":"globals\/colors?id=eb3d4e3"},"hide_mobile":"hidden-mobile","jedv_conditions":[{"_id":"3df9f9c"}],"link":{"url":"https:\/\/eliteteamrva.my1003app.com\/2349520\/register?time=1722875945626","is_external":"on","nofollow":"","custom_attributes":""}},"elements":[],"isInner":false,"widgetType":"button","elType":"widget"}],"isInner":true,"elType":"container"}],"isInner":true,"elType":"container"}],"isInner":false,"elType":"container"}],"settings":[],"metadata":[]}