{"content":[{"id":"7d8d9108","settings":{"content_width":"full","flex_direction":"row","margin":{"unit":"em","top":"","right":"","bottom":"","left":"","isLinked":true},"margin_tablet":{"unit":"em","top":"","right":"","bottom":"","left":"","isLinked":true},"margin_mobile":{"unit":"em","top":"","right":"","bottom":"","left":"","isLinked":true}},"elements":[{"id":"63e5499f","settings":{"content_width":"full","background_background":"classic","border_border":"solid","border_width":{"unit":"px","top":"5","right":"0","bottom":"0","left":"0","isLinked":false},"box_shadow_box_shadow_type":"yes","box_shadow_box_shadow":{"horizontal":0,"vertical":0,"blur":20,"spread":-10,"color":"rgba(0,0,0,0.5)"},"padding":{"unit":"em","top":"2","right":"1.5","bottom":"1.5","left":"1.5","isLinked":false},"padding_tablet":{"unit":"em","top":"","right":"","bottom":"","left":"","isLinked":true},"padding_mobile":{"unit":"em","top":"","right":"","bottom":"","left":"","isLinked":true},"__globals__":{"background_color":"globals\/colors?id=1c15ecc","border_color":"globals\/colors?id=secondary"},"_title":"Card"},"elements":[{"id":"152b0493","settings":{"title":"First-Time Homebuyer","__globals__":{"typography_typography":"globals\/typography?id=cd3e740"}},"elements":[],"isInner":false,"widgetType":"heading","elType":"widget"},{"id":"7f7c7f28","settings":{"title":"First-time homebuyers can take advantage of tailored mortgage solutions, lower down payments, and personalized guidance to make the dream of homeownership a reality.","__globals__":{"typography_typography":"globals\/typography?id=text","title_color":"globals\/colors?id=text"},"header_size":"p","title_color":"#FFFFFF"},"elements":[],"isInner":false,"widgetType":"heading","elType":"widget"},{"id":"615acfa4","settings":{"content_width":"full","flex_gap":{"column":"0","row":"0","isLinked":false,"unit":"px","size":0}},"elements":[{"id":"30a3aeca","settings":{"icon_list":[{"text":"Downpayment Assistance programs: Grants and loans designed to help cover down payment and closing cost","_id":"0f29c8c"},{"text":"Tax Credits: Potential tax credits and deductions to save money","_id":"05abac8"},{"text":"Educational Resources: Access to workshops and counseling for additional guidance","_id":"9f25684"},{"text":"Special Loan Programs: Designed to help new buyers achieve the dream of ownership with specialty programs.","_id":"c342dec"},{"text":"State and Local Assistance: Various state and local programs that offer additional support and incentives for first-time buyers.","_id":"2d3b6fc"}],"space_between":{"unit":"em","size":1.2,"sizes":[]},"space_between_tablet":{"unit":"em","size":"","sizes":[]},"space_between_mobile":{"unit":"em","size":"","sizes":[]},"divider":"yes","icon_color":"#347A82","icon_size":{"unit":"em","size":0.8,"sizes":[]},"icon_size_tablet":{"unit":"em","size":"","sizes":[]},"icon_size_mobile":{"unit":"em","size":"","sizes":[]},"__globals__":{"icon_color":"globals\/colors?id=eb3d4e3","icon_typography_typography":"globals\/typography?id=text","text_color":"globals\/colors?id=text","text_color_hover":"globals\/colors?id=secondary","divider_color":"globals\/colors?id=829f2c7"},"_background_color_stop_tablet":{"unit":"%"},"_background_color_stop_mobile":{"unit":"%"},"_background_color_b_stop_tablet":{"unit":"%"},"_background_color_b_stop_mobile":{"unit":"%"},"_background_gradient_angle_tablet":{"unit":"deg"},"_background_gradient_angle_mobile":{"unit":"deg"},"_background_hover_color_stop_tablet":{"unit":"%"},"_background_hover_color_stop_mobile":{"unit":"%"},"_background_hover_color_b_stop_tablet":{"unit":"%"},"_background_hover_color_b_stop_mobile":{"unit":"%"},"_background_hover_gradient_angle_tablet":{"unit":"deg"},"_background_hover_gradient_angle_mobile":{"unit":"deg"}},"elements":[],"isInner":false,"widgetType":"icon-list","elType":"widget"},{"id":"1e0f800c","settings":{"text":"Learn More","border_radius":{"unit":"px","top":"0","right":"0","bottom":"0","left":"0","isLinked":false},"text_padding":{"unit":"em","top":"0.7","right":"1.3","bottom":"0.7","left":"1.3","isLinked":false},"text_padding_tablet":{"unit":"em","top":"","right":"","bottom":"","left":"","isLinked":true},"text_padding_mobile":{"unit":"em","top":"","right":"","bottom":"","left":"","isLinked":true},"_margin":{"unit":"em","top":"2","right":"0","bottom":"0","left":"0","isLinked":false},"_margin_tablet":{"unit":"em","top":"","right":"","bottom":"","left":"","isLinked":true},"_margin_mobile":{"unit":"em","top":"","right":"","bottom":"","left":"","isLinked":true},"__globals__":{"background_color":"globals\/colors?id=accent","button_background_hover_color":"globals\/colors?id=eb3d4e3","button_text_color":"globals\/colors?id=1c15ecc","hover_color":"globals\/colors?id=5590b3c"}},"elements":[],"isInner":false,"widgetType":"button","elType":"widget"}],"isInner":true,"elType":"container"},{"id":"535c0cf9","settings":{"selected_icon":{"value":"far fa-comments","library":"fa-regular"},"align":"right","size":{"unit":"em","size":3,"sizes":[]},"size_tablet":{"unit":"em","size":"","sizes":[]},"size_mobile":{"unit":"em","size":"","sizes":[]},"_position":"absolute","_offset_orientation_h":"end","_offset_x_end":{"unit":"em","size":1.5,"sizes":[]},"_offset_x_end_tablet":{"unit":"em","size":"","sizes":[]},"_offset_x_end_mobile":{"unit":"em","size":"","sizes":[]},"_offset_orientation_v":"end","_offset_y_end":{"unit":"em","size":1.5,"sizes":[]},"_offset_y_end_tablet":{"unit":"em","size":"","sizes":[]},"_offset_y_end_mobile":{"unit":"em","size":"","sizes":[]},"__globals__":{"primary_color":"globals\/colors?id=6f50898"}},"elements":[],"isInner":false,"widgetType":"icon","elType":"widget"}],"isInner":true,"elType":"container"},{"id":"12a19bfb","settings":{"content_width":"full","background_background":"classic","border_border":"solid","border_width":{"unit":"px","top":"5","right":"0","bottom":"0","left":"0","isLinked":false},"box_shadow_box_shadow_type":"yes","box_shadow_box_shadow":{"horizontal":0,"vertical":0,"blur":20,"spread":-10,"color":"rgba(0,0,0,0.5)"},"padding":{"unit":"em","top":"2","right":"1.5","bottom":"1.5","left":"1.5","isLinked":false},"padding_tablet":{"unit":"em","top":"","right":"","bottom":"","left":"","isLinked":true},"padding_mobile":{"unit":"em","top":"","right":"","bottom":"","left":"","isLinked":true},"__globals__":{"background_color":"globals\/colors?id=1c15ecc","border_color":"globals\/colors?id=secondary"},"_title":"Card"},"elements":[{"id":"b455c43","settings":{"title":"Benefits of a Buydown","__globals__":{"typography_typography":"globals\/typography?id=cd3e740"}},"elements":[],"isInner":false,"widgetType":"heading","elType":"widget"},{"id":"4a9d2b72","settings":{"title":"We love Making Home Happen more affordable. Our Seller funded buydown program will lower your monthly payments for the first 36 months of the loan!  Enjoy lower payments NOW!","__globals__":{"typography_typography":"globals\/typography?id=text","title_color":"globals\/colors?id=text"},"header_size":"p","title_color":"#FFFFFF"},"elements":[],"isInner":false,"widgetType":"heading","elType":"widget"},{"id":"116909b","settings":{"content_width":"full","flex_gap":{"column":"0","row":"0","isLinked":false,"unit":"px","size":0}},"elements":[{"id":"6336a765","settings":{"icon_list":[{"text":"Improved affordability","_id":"0f29c8c"},{"text":"Lower initial costs","_id":"05abac8"},{"text":"VA, FHA & Conventional","_id":"9f25684"},{"text":"Primary Residence","_id":"c342dec"},{"text":"30 year fixed rate mortgage financing","_id":"2d3b6fc"},{"_id":"8f47e51","text":"Minimum Credit Score 660"},{"_id":"80c3dc1","text":"2nd Mortgage financing permitted"},{"_id":"e9dfac7","text":"Seller\/Builder & Lender Paid"}],"space_between":{"unit":"em","size":1.2,"sizes":[]},"space_between_tablet":{"unit":"em","size":"","sizes":[]},"space_between_mobile":{"unit":"em","size":"","sizes":[]},"divider":"yes","icon_color":"#347A82","icon_size":{"unit":"em","size":0.8,"sizes":[]},"icon_size_tablet":{"unit":"em","size":"","sizes":[]},"icon_size_mobile":{"unit":"em","size":"","sizes":[]},"__globals__":{"icon_color":"globals\/colors?id=eb3d4e3","icon_typography_typography":"globals\/typography?id=text","text_color":"globals\/colors?id=text","text_color_hover":"globals\/colors?id=secondary","divider_color":"globals\/colors?id=829f2c7"},"_background_color_stop_tablet":{"unit":"%"},"_background_color_stop_mobile":{"unit":"%"},"_background_color_b_stop_tablet":{"unit":"%"},"_background_color_b_stop_mobile":{"unit":"%"},"_background_gradient_angle_tablet":{"unit":"deg"},"_background_gradient_angle_mobile":{"unit":"deg"},"_background_hover_color_stop_tablet":{"unit":"%"},"_background_hover_color_stop_mobile":{"unit":"%"},"_background_hover_color_b_stop_tablet":{"unit":"%"},"_background_hover_color_b_stop_mobile":{"unit":"%"},"_background_hover_gradient_angle_tablet":{"unit":"deg"},"_background_hover_gradient_angle_mobile":{"unit":"deg"}},"elements":[],"isInner":false,"widgetType":"icon-list","elType":"widget"},{"id":"23640365","settings":{"text":"Learn More","border_radius":{"unit":"px","top":"0","right":"0","bottom":"0","left":"0","isLinked":false},"text_padding":{"unit":"em","top":"0.7","right":"1.3","bottom":"0.7","left":"1.3","isLinked":false},"text_padding_tablet":{"unit":"em","top":"","right":"","bottom":"","left":"","isLinked":true},"text_padding_mobile":{"unit":"em","top":"","right":"","bottom":"","left":"","isLinked":true},"_margin":{"unit":"em","top":"2","right":"0","bottom":"0","left":"0","isLinked":false},"_margin_tablet":{"unit":"em","top":"","right":"","bottom":"","left":"","isLinked":true},"_margin_mobile":{"unit":"em","top":"","right":"","bottom":"","left":"","isLinked":true},"__globals__":{"background_color":"globals\/colors?id=accent","button_background_hover_color":"globals\/colors?id=eb3d4e3","button_text_color":"globals\/colors?id=1c15ecc","hover_color":"globals\/colors?id=5590b3c"}},"elements":[],"isInner":false,"widgetType":"button","elType":"widget"}],"isInner":true,"elType":"container"},{"id":"49f744ad","settings":{"selected_icon":{"value":"far fa-money-bill-alt","library":"fa-regular"},"align":"right","size":{"unit":"em","size":3,"sizes":[]},"size_tablet":{"unit":"em","size":"","sizes":[]},"size_mobile":{"unit":"em","size":"","sizes":[]},"_position":"absolute","_offset_orientation_h":"end","_offset_x_end":{"unit":"em","size":1.5,"sizes":[]},"_offset_x_end_tablet":{"unit":"em","size":"","sizes":[]},"_offset_x_end_mobile":{"unit":"em","size":"","sizes":[]},"_offset_orientation_v":"end","_offset_y_end":{"unit":"em","size":1.5,"sizes":[]},"_offset_y_end_tablet":{"unit":"em","size":"","sizes":[]},"_offset_y_end_mobile":{"unit":"em","size":"","sizes":[]},"__globals__":{"primary_color":"globals\/colors?id=6f50898"}},"elements":[],"isInner":false,"widgetType":"icon","elType":"widget"}],"isInner":true,"elType":"container"},{"id":"6ac45662","settings":{"content_width":"full","background_background":"classic","border_border":"solid","border_width":{"unit":"px","top":"5","right":"0","bottom":"0","left":"0","isLinked":false},"box_shadow_box_shadow_type":"yes","box_shadow_box_shadow":{"horizontal":0,"vertical":0,"blur":20,"spread":-10,"color":"rgba(0,0,0,0.5)"},"padding":{"unit":"em","top":"2","right":"1.5","bottom":"1.5","left":"1.5","isLinked":false},"padding_tablet":{"unit":"em","top":"","right":"","bottom":"","left":"","isLinked":true},"padding_mobile":{"unit":"em","top":"","right":"","bottom":"","left":"","isLinked":true},"__globals__":{"background_color":"globals\/colors?id=1c15ecc","border_color":"globals\/colors?id=secondary"},"_title":"Card"},"elements":[{"id":"4c736533","settings":{"title":"Niche Programs","__globals__":{"typography_typography":"globals\/typography?id=cd3e740"}},"elements":[],"isInner":false,"widgetType":"heading","elType":"widget"},{"id":"42b80700","settings":{"title":"A program that helps every type of buyer.","__globals__":{"typography_typography":"globals\/typography?id=text","title_color":"globals\/colors?id=text"},"header_size":"p","title_color":"#FFFFFF"},"elements":[],"isInner":false,"widgetType":"heading","elType":"widget"},{"id":"2e079cdb","settings":{"content_width":"full","flex_gap":{"column":"0","row":"0","isLinked":false,"unit":"px","size":0}},"elements":[{"id":"31dce576","settings":{"icon_list":[{"text":"Doctor Program 95% No MI to $1MM, Primary","_id":"0f29c8c"},{"text":"Construction Perm (OTC) 90%","_id":"05abac8"},{"text":"12-month Construction Only up to 95%","_id":"9f25684"},{"text":"Interest only options","_id":"c342dec"},{"text":"10% Down Second Homes","_id":"2d3b6fc"},{"_id":"50df375","text":"Loan Amounts to $3M"},{"_id":"88d65dc","text":"DSCR"},{"_id":"0029167","text":"Fix & Flip"},{"_id":"9ba5c71","text":"Bridge Loan"},{"_id":"8bffbf8","text":"Bank Statement"},{"_id":"1c62896","text":"Lock & Shop"},{"_id":"f8ef488","text":"Extended Locks"}],"space_between":{"unit":"em","size":1.2,"sizes":[]},"space_between_tablet":{"unit":"em","size":"","sizes":[]},"space_between_mobile":{"unit":"em","size":"","sizes":[]},"divider":"yes","icon_color":"#347A82","icon_size":{"unit":"em","size":0.8,"sizes":[]},"icon_size_tablet":{"unit":"em","size":"","sizes":[]},"icon_size_mobile":{"unit":"em","size":"","sizes":[]},"__globals__":{"icon_color":"globals\/colors?id=eb3d4e3","icon_typography_typography":"globals\/typography?id=text","text_color":"globals\/colors?id=text","text_color_hover":"globals\/colors?id=secondary","divider_color":"globals\/colors?id=829f2c7"},"_background_color_stop_tablet":{"unit":"%"},"_background_color_stop_mobile":{"unit":"%"},"_background_color_b_stop_tablet":{"unit":"%"},"_background_color_b_stop_mobile":{"unit":"%"},"_background_gradient_angle_tablet":{"unit":"deg"},"_background_gradient_angle_mobile":{"unit":"deg"},"_background_hover_color_stop_tablet":{"unit":"%"},"_background_hover_color_stop_mobile":{"unit":"%"},"_background_hover_color_b_stop_tablet":{"unit":"%"},"_background_hover_color_b_stop_mobile":{"unit":"%"},"_background_hover_gradient_angle_tablet":{"unit":"deg"},"_background_hover_gradient_angle_mobile":{"unit":"deg"}},"elements":[],"isInner":false,"widgetType":"icon-list","elType":"widget"},{"id":"19081f72","settings":{"text":"Learn More","border_radius":{"unit":"px","top":"0","right":"0","bottom":"0","left":"0","isLinked":false},"text_padding":{"unit":"em","top":"0.7","right":"1.3","bottom":"0.7","left":"1.3","isLinked":false},"text_padding_tablet":{"unit":"em","top":"","right":"","bottom":"","left":"","isLinked":true},"text_padding_mobile":{"unit":"em","top":"","right":"","bottom":"","left":"","isLinked":true},"_margin":{"unit":"em","top":"2","right":"0","bottom":"0","left":"0","isLinked":false},"_margin_tablet":{"unit":"em","top":"","right":"","bottom":"","left":"","isLinked":true},"_margin_mobile":{"unit":"em","top":"","right":"","bottom":"","left":"","isLinked":true},"__globals__":{"background_color":"globals\/colors?id=accent","button_background_hover_color":"globals\/colors?id=eb3d4e3","button_text_color":"globals\/colors?id=1c15ecc","hover_color":"globals\/colors?id=5590b3c"}},"elements":[],"isInner":false,"widgetType":"button","elType":"widget"}],"isInner":true,"elType":"container"},{"id":"1f444e27","settings":{"selected_icon":{"value":"far fa-building","library":"fa-regular"},"align":"right","size":{"unit":"em","size":3,"sizes":[]},"size_tablet":{"unit":"em","size":"","sizes":[]},"size_mobile":{"unit":"em","size":"","sizes":[]},"_position":"absolute","_offset_orientation_h":"end","_offset_x_end":{"unit":"em","size":1.5,"sizes":[]},"_offset_x_end_tablet":{"unit":"em","size":"","sizes":[]},"_offset_x_end_mobile":{"unit":"em","size":"","sizes":[]},"_offset_orientation_v":"end","_offset_y_end":{"unit":"em","size":1.5,"sizes":[]},"_offset_y_end_tablet":{"unit":"em","size":"","sizes":[]},"_offset_y_end_mobile":{"unit":"em","size":"","sizes":[]},"__globals__":{"primary_color":"globals\/colors?id=6f50898"}},"elements":[],"isInner":false,"widgetType":"icon","elType":"widget"}],"isInner":true,"elType":"container"}],"isInner":true,"elType":"container"}],"settings":{"hide_title":"yes"},"metadata":[]}