{"content":[{"id":"1137c29d","settings":{"content_width":"full","jedv_conditions":[{"_id":"16ed089"}]},"elements":[{"id":"16d60af2","settings":{"content_width":"full","dynamic_field_source":"features_cards","dynamic_field_format":"<div class=\"feature-card\">\n<span class=\"feature-card-tag\" >%tag%<\/span>\n<div class=\"feature-content\">\n<div class=\"feature-card-img\">\n<img  src=\"%icon|img_url_by_id%\" \/> <\/div>\n<p class=\"feature-card-title\">%title%<\/p>\n<p class=\"feature-card-desc\">%text%<\/p>\n<\/div>\n<button class=\"feature-card-btn\" href=\"%button_url\">%button_text%<\/button>\n<\/div>","items_direction":"row","item_border_width":{"unit":"px","top":"2","right":"2","bottom":"2","left":"2","isLinked":true},"item_padding":{"unit":"custom","top":"1.4em","right":"1.4em","bottom":"1.4em","left":"1.4em","isLinked":true},"item_margin":{"unit":"custom","top":".5em","right":".5em","bottom":".5em","left":".5em","isLinked":true},"_margin":{"unit":"em","top":"","right":"","bottom":"","left":"","isLinked":true},"_margin_tablet":{"unit":"em","top":"","right":"","bottom":"","left":"","isLinked":true},"_margin_mobile":{"unit":"em","top":"","right":"","bottom":"","left":"","isLinked":true},"custom_css":"selector .jet-listing-dynamic-repeater__items {\n    gap: 1rem;\n    display: flex;\n}\nselector .jet-listing-dynamic-repeater__item {\n    border-style: dashed;\n    border-width: 2px;\n    border-color: var(--e-global-color-829f2c7);\n    flex: 1;\n    padding: 1.4rem;\n    position: relative;\n}\nselector .feature-card {\n    display: flex;\n    flex-direction: column;\n    justify-content: space-between;\n    padding: 0;\n    margin: 0;\n    min-height: 100%;\n}\n\nselector .feater-content {\n    display: flex;\n    flex-direction: column;\n}\n\nselector .feature-card-img {\n    display: block;\n    height: 2rem;\n    width: 2rem;\n    \n}\nselector .feature-card-img img {\n    object-fit: contain;\n    height: 100%;\n    width: 100%;\n}\nselector .feature-card-tag {\n    \n    position: absolute;\n    right: -2px;\n    top: -2px;\n    font-family: var(--e-global-typography-accent-font-family), Sans-serif;\n    font-size: var(--e-global-typography-accent-font-size);\n    font-weight: var(--e-global-typography-accent-font-weight);\n    line-height: var(--e-global-typography-accent-line-height);\n    color: var(--e-global-color-primary);\n    letter-spacing: var(--e-global-typography-primary-letter-spacing);\n    \n    padding: 0.4em 1.2em 0.4em 1.2em;\n    background-color: var(--e-global-color-eb3d4e3);\n}\n\nselector .feature-card-tag:empty {\n    \n    padding: 0;\n    background-color: transparent;\n}\nselector .feature-card-title {\n    margin-top: 1rem;\n    color: var(--e-global-color-primary);\n    font-family: var(--e-global-typography-secondary-font-family), Sans-serif;\n    font-size: var(--e-global-typography-secondary-font-size);\n    font-weight: var(--e-global-typography-secondary-font-weight);\n    line-height: var(--e-global-typography-secondary-line-height);\n}\n\nselector .feature-card-desc {\n    color: var(--e-global-color-text);\n    font-family: var(--e-global-typography-text-font-family), Sans-serif;\n    font-size: var(--e-global-typography-text-font-size);\n    font-weight: var(--e-global-typography-text-font-weight);\n    line-height: var(--e-global-typography-text-line-height);\n}\n\nselector .feature-card-btn {\n    display: inline-block;\n    color: #fff;\n    fill: #fff;\n    text-align: center;\n    transition: all .3s;\n    box-shadow: none;\n    text-decoration: none;\n    width: 100%;\n    font-family: var(--e-global-typography-accent-font-family), Sans-serif;\n    font-size: var(--e-global-typography-accent-font-size);\n    font-weight: var(--e-global-typography-accent-font-weight);\n    line-height: var(--e-global-typography-accent-line-height);\n    background-color: var(--e-global-color-accent);\n    border-radius: 0px;\n    padding: 0.7em 1em;\n    border: none;\n}\n\nselector .feature-card-btn:hover {\n    background-color: var(--e-global-color-eb3d4e3);\n}","__globals__":{"item_border_color":"globals\/colors?id=829f2c7"},"jedv_conditions":[{"_id":"c1f5d71"}]},"elements":[],"isInner":false,"widgetType":"jet-listing-dynamic-repeater","elType":"widget"}],"isInner":true,"elType":"container"}],"settings":{"preview_type":"single\/loan-types","preview_id":"1422"},"metadata":[]}