{"content":[{"id":"1cf86e06","settings":{"flex_direction":"column","min_height":{"unit":"em","size":26,"sizes":[]},"min_height_tablet":{"unit":"em","size":"","sizes":[]},"min_height_mobile":{"unit":"em","size":"","sizes":[]},"flex_justify_content":"flex-end","flex_align_items":"center","background_background":"classic","background_image":{"url":"https:\/\/southernelitemtg.com\/wp-content\/uploads\/2024\/07\/call-center-operator-using-laptop-e1695090411259.jpg","id":397,"size":"","alt":"","source":"library"},"background_position":"center center","background_repeat":"no-repeat","background_size":"cover","background_overlay_background":"classic","padding":{"unit":"em","top":"3","right":"8","bottom":"3","left":"8","isLinked":false},"padding_tablet":{"unit":"em","top":"","right":"","bottom":"","left":"","isLinked":true},"padding_mobile":{"unit":"em","top":"2","right":"1","bottom":"2","left":"1","isLinked":false},"__globals__":{"background_overlay_color":"globals\/colors?id=5590b3c"},"jedv_conditions":[{"_id":"e082f9f"}]},"elements":[{"id":"3f78815c","settings":{"content_width":"full","width":{"unit":"em","size":"","sizes":[]},"width_tablet":{"unit":"em","size":"","sizes":[]},"width_mobile":{"unit":"em","size":"","sizes":[]},"_title":"Content","jedv_conditions":[{"_id":"ad98fdd"}]},"elements":[{"id":"7dd76039","settings":{"selected_icon":{"value":"fas fa-donate","library":"fa-solid"},"view":"stacked","shape":"square","size":{"unit":"em","size":1.4,"sizes":[]},"size_tablet":{"unit":"em","size":"","sizes":[]},"size_mobile":{"unit":"em","size":"","sizes":[]},"icon_padding":{"unit":"rem","size":1,"sizes":[]},"__globals__":{"primary_color":"globals\/colors?id=eb3d4e3","secondary_color":"globals\/colors?id=text"},"align":"","jedv_conditions":[{"_id":"06d0c42"}]},"elements":[],"isInner":false,"widgetType":"icon","elType":"widget"},{"id":"192742e2","settings":{"title":"Mortgage Refinancing","__globals__":{"typography_typography":"globals\/typography?id=primary","title_color":"globals\/colors?id=1c15ecc"},"jedv_conditions":[{"_id":"57dfe60"}]},"elements":[],"isInner":false,"widgetType":"heading","elType":"widget"},{"id":"6dfb0f6b","settings":{"title":"Dapibus consectetur ipsum tortor iaculis pulvinar vivamus nec donec. Fringilla consectetur turpis efficitur nisl quisque duis eleifend elementum.","__globals__":{"typography_typography":"","title_color":"globals\/colors?id=1c15ecc"},"header_size":"p","title_color":"#FFFFFF","typography_typography":"custom","typography_font_family":"Inter","typography_font_size":{"unit":"em","size":0.85,"sizes":[]},"typography_font_weight":"500","typography_line_height":{"unit":"em","size":1.4,"sizes":[]},"_element_width":"initial","_element_custom_width":{"unit":"em","size":30,"sizes":[]},"_element_custom_width_tablet":{"unit":"em","size":"","sizes":[]},"_element_custom_width_mobile":{"unit":"em","size":"","sizes":[]},"jedv_conditions":[{"_id":"13cb108"}]},"elements":[],"isInner":false,"widgetType":"heading","elType":"widget"},{"id":"49988851","settings":{"text":"Divider","color":"#D2DEE64D","gap":{"unit":"px","size":0,"sizes":[]},"__globals__":{"color":""},"jedv_conditions":[{"_id":"f5c3d36"}]},"elements":[],"isInner":false,"widgetType":"divider","elType":"widget"},{"id":"1955f1b5","settings":{"icon_list":[{"text":"Home&nbsp;  \/  &nbsp;Services","selected_icon":{"value":"fas fa-home","library":"fa-solid"},"_id":"c301ff4"},{"_id":"b25d633","text":"List Item","selected_icon":{"value":"","library":""},"__dynamic__":{"text":"[elementor-tag id=\"ce0623f\" name=\"post-title\" settings=\"%7B%22before%22%3A%22%26nbsp%3B%26nbsp%3B%2F%20%26nbsp%3B%22%7D\"]"}}],"icon_align":"right","icon_size":{"unit":"em","size":0.8,"sizes":[]},"icon_size_tablet":{"unit":"em","size":"","sizes":[]},"icon_size_mobile":{"unit":"em","size":"","sizes":[]},"__globals__":{"icon_color":"globals\/colors?id=1c15ecc","icon_typography_typography":"globals\/typography?id=text","text_color":"globals\/colors?id=1c15ecc"},"view":"inline","space_between":{"unit":"px","size":0,"sizes":[]},"jedv_conditions":[{"_id":"b57ca0a"}]},"elements":[],"isInner":false,"widgetType":"icon-list","elType":"widget"}],"isInner":true,"elType":"container"}],"isInner":false,"elType":"container"},{"id":"45939d49","settings":{"flex_direction":"row","flex_gap":{"unit":"px","size":0,"column":"0","row":"0"},"padding":{"unit":"em","top":"4","right":"8","bottom":"4","left":"8","isLinked":false},"padding_tablet":{"unit":"em","top":"","right":"","bottom":"","left":"","isLinked":true},"padding_mobile":{"unit":"em","top":"3","right":"1","bottom":"3","left":"1","isLinked":false},"flex_gap_mobile":{"column":"2","row":"2","isLinked":true,"unit":"em","size":2},"jedv_conditions":[{"_id":"e46a893"}]},"elements":[{"id":"48814716","settings":{"flex_direction":"column","content_width":"full","width":{"unit":"%","size":70},"flex_gap":{"column":"","row":"","isLinked":true,"unit":"em","size":null},"flex_gap_tablet":{"column":"","row":"","isLinked":true,"unit":"em","size":null},"flex_gap_mobile":{"column":"","row":"","isLinked":true,"unit":"em","size":null},"padding":{"unit":"em","top":"0","right":"4","bottom":"0","left":"0","isLinked":false},"padding_tablet":{"unit":"em","top":"","right":"","bottom":"","left":"","isLinked":true},"padding_mobile":{"unit":"em","top":"0","right":"0","bottom":"0","left":"0","isLinked":false},"jedv_conditions":[{"_id":"49be0d3"}]},"elements":[{"id":"58c0d102","settings":{"title":"Description","__globals__":{"typography_typography":"globals\/typography?id=secondary","title_color":"globals\/colors?id=primary"},"_background_color_stop_tablet":{"unit":"%","size":"","sizes":[]},"_background_color_stop_mobile":{"unit":"%","size":"","sizes":[]},"_background_color_b_stop_tablet":{"unit":"%","size":"","sizes":[]},"_background_color_b_stop_mobile":{"unit":"%","size":"","sizes":[]},"_background_gradient_angle_tablet":{"unit":"deg","size":"","sizes":[]},"_background_gradient_angle_mobile":{"unit":"deg","size":"","sizes":[]},"_background_hover_color_stop_tablet":{"unit":"%","size":"","sizes":[]},"_background_hover_color_stop_mobile":{"unit":"%","size":"","sizes":[]},"_background_hover_color_b_stop_tablet":{"unit":"%","size":"","sizes":[]},"_background_hover_color_b_stop_mobile":{"unit":"%","size":"","sizes":[]},"_background_hover_gradient_angle_tablet":{"unit":"deg","size":"","sizes":[]},"_background_hover_gradient_angle_mobile":{"unit":"deg","size":"","sizes":[]},"jedv_conditions":[{"_id":"37dd1cf"}]},"elements":[],"isInner":false,"widgetType":"heading","elType":"widget"},{"id":"6561e0b0","settings":{"jedv_conditions":[{"_id":"fa55525"}]},"elements":[],"isInner":false,"widgetType":"theme-post-content","elType":"widget"},{"id":"4fe07c7f","settings":{"content_width":"full","flex_direction":"row","flex_gap":{"column":"1.5","row":"1.5","isLinked":true,"unit":"em","size":1},"flex_gap_tablet":{"column":"","row":"","isLinked":true,"unit":"em","size":null},"flex_gap_mobile":{"column":"","row":"","isLinked":true,"unit":"em","size":null},"jedv_conditions":[{"_id":"4a69be1"}]},"elements":[{"id":"46ce1eb8","settings":{"jedv_conditions":[{"_id":"ab73b6f"}]},"elements":[{"id":"170d8e78","settings":{"slides":[{"image":{"url":"https:\/\/southernelitemtg.com\/wp-content\/uploads\/2024\/07\/real-estate-agents-talk-to-client-and-offer-good-interest-rates-and-calculate-clients-on-mortgage-e1695292475957.jpg","id":847,"alt":"","source":"library","size":""},"_id":"b0db967"},{"image":{"url":"https:\/\/southernelitemtg.com\/wp-content\/uploads\/2024\/07\/broker-and-client-shaking-hands-after-signing-contract-approved-application-form-e1695129576901.jpg","id":732,"alt":"","source":"library","size":""},"_id":"7f8a362"},{"image":{"url":"https:\/\/southernelitemtg.com\/wp-content\/uploads\/2024\/07\/happy-couple-signing-mortgage-contract-while-having-meeting-with-real-estate-agent-e1695041762415.jpg","id":74,"alt":"","source":"library","size":""},"_id":"5331cd3"}],"slides_per_view":"1","slides_to_scroll":"1","height":{"unit":"em","size":14,"sizes":[]},"height_tablet":{"unit":"em","size":"","sizes":[]},"height_mobile":{"unit":"em","size":"","sizes":[]},"pagination":"","jedv_conditions":[{"_id":"2a5ef5c"}]},"elements":[],"isInner":false,"widgetType":"media-carousel","elType":"widget"}],"isInner":true,"elType":"container"},{"id":"24d7834b","settings":{"jedv_conditions":[{"_id":"94df3cb"}]},"elements":[{"id":"49ef6959","settings":{"title":"Bridge Loans","__globals__":{"typography_typography":"globals\/typography?id=cd3e740"},"_background_color_stop_tablet":{"unit":"%","size":"","sizes":[]},"_background_color_stop_mobile":{"unit":"%","size":"","sizes":[]},"_background_color_b_stop_tablet":{"unit":"%","size":"","sizes":[]},"_background_color_b_stop_mobile":{"unit":"%","size":"","sizes":[]},"_background_gradient_angle_tablet":{"unit":"deg","size":"","sizes":[]},"_background_gradient_angle_mobile":{"unit":"deg","size":"","sizes":[]},"_background_hover_color_stop_tablet":{"unit":"%","size":"","sizes":[]},"_background_hover_color_stop_mobile":{"unit":"%","size":"","sizes":[]},"_background_hover_color_b_stop_tablet":{"unit":"%","size":"","sizes":[]},"_background_hover_color_b_stop_mobile":{"unit":"%","size":"","sizes":[]},"_background_hover_gradient_angle_tablet":{"unit":"deg","size":"","sizes":[]},"_background_hover_gradient_angle_mobile":{"unit":"deg","size":"","sizes":[]},"jedv_conditions":[{"_id":"f78930e"}]},"elements":[],"isInner":false,"widgetType":"heading","elType":"widget"},{"id":"3530ec31","settings":{"title":"Pharetra ultricies sociosqu bibendum lectus ante nunc iaculis. Velit vitae quisque ultrices nullam laoreet fermentum.","__globals__":{"typography_typography":"globals\/typography?id=text","title_color":"globals\/colors?id=text"},"header_size":"p","title_color":"#FFFFFF","_background_color_stop_tablet":{"unit":"%","size":"","sizes":[]},"_background_color_stop_mobile":{"unit":"%","size":"","sizes":[]},"_background_color_b_stop_tablet":{"unit":"%","size":"","sizes":[]},"_background_color_b_stop_mobile":{"unit":"%","size":"","sizes":[]},"_background_gradient_angle_tablet":{"unit":"deg","size":"","sizes":[]},"_background_gradient_angle_mobile":{"unit":"deg","size":"","sizes":[]},"_background_hover_color_stop_tablet":{"unit":"%","size":"","sizes":[]},"_background_hover_color_stop_mobile":{"unit":"%","size":"","sizes":[]},"_background_hover_color_b_stop_tablet":{"unit":"%","size":"","sizes":[]},"_background_hover_color_b_stop_mobile":{"unit":"%","size":"","sizes":[]},"_background_hover_gradient_angle_tablet":{"unit":"deg","size":"","sizes":[]},"_background_hover_gradient_angle_mobile":{"unit":"deg","size":"","sizes":[]},"jedv_conditions":[{"_id":"1c4f928"}]},"elements":[],"isInner":false,"widgetType":"heading","elType":"widget"},{"id":"1f0d0169","settings":{"icon_list":[{"text":"Linia egestas sit vestibulum","_id":"6cb2ba3"},{"text":" Phasellus lacinia egestas sit vestibulum","_id":"55d47bb"},{"text":"Egestas sit vestibulum","_id":"76287cb"},{"text":"Lacinia egestas sit vestibulum","_id":"0f9262f"}],"space_between":{"unit":"em","size":0.4,"sizes":[]},"space_between_tablet":{"unit":"em","size":"","sizes":[]},"space_between_mobile":{"unit":"em","size":"","sizes":[]},"icon_size":{"unit":"em","size":0.85,"sizes":[]},"icon_size_tablet":{"unit":"em","size":"","sizes":[]},"icon_size_mobile":{"unit":"em","size":"","sizes":[]},"__globals__":{"icon_color":"globals\/colors?id=eb3d4e3","icon_typography_typography":"globals\/typography?id=text","text_color":"globals\/colors?id=text"},"jedv_conditions":[{"_id":"d5ad4e7"}]},"elements":[],"isInner":false,"widgetType":"icon-list","elType":"widget"}],"isInner":true,"elType":"container"}],"isInner":true,"elType":"container"},{"id":"6e0d454d","settings":{"title":"Overview :","__globals__":{"typography_typography":"globals\/typography?id=secondary","title_color":"globals\/colors?id=primary"},"_background_color_stop_tablet":{"unit":"%","size":"","sizes":[]},"_background_color_stop_mobile":{"unit":"%","size":"","sizes":[]},"_background_color_b_stop_tablet":{"unit":"%","size":"","sizes":[]},"_background_color_b_stop_mobile":{"unit":"%","size":"","sizes":[]},"_background_gradient_angle_tablet":{"unit":"deg","size":"","sizes":[]},"_background_gradient_angle_mobile":{"unit":"deg","size":"","sizes":[]},"_background_hover_color_stop_tablet":{"unit":"%","size":"","sizes":[]},"_background_hover_color_stop_mobile":{"unit":"%","size":"","sizes":[]},"_background_hover_color_b_stop_tablet":{"unit":"%","size":"","sizes":[]},"_background_hover_color_b_stop_mobile":{"unit":"%","size":"","sizes":[]},"_background_hover_gradient_angle_tablet":{"unit":"deg","size":"","sizes":[]},"_background_hover_gradient_angle_mobile":{"unit":"deg","size":"","sizes":[]},"_margin":{"unit":"em","top":"0.5","right":"0","bottom":"0","left":"0","isLinked":false},"_margin_tablet":{"unit":"em","top":"","right":"","bottom":"","left":"","isLinked":true},"_margin_mobile":{"unit":"em","top":"","right":"","bottom":"","left":"","isLinked":true},"jedv_conditions":[{"_id":"1eb60b8"}]},"elements":[],"isInner":false,"widgetType":"heading","elType":"widget"},{"id":"442757e","settings":{"jedv_conditions":[{"_id":"cdeaeb3"}]},"elements":[],"isInner":false,"widgetType":"text-editor","elType":"widget"}],"isInner":true,"elType":"container"},{"id":"798923bc","settings":{"flex_direction":"column","content_width":"full","width":{"unit":"%","size":30},"padding":{"unit":"em","top":"","right":"","bottom":"","left":"","isLinked":true},"padding_tablet":{"unit":"em","top":"","right":"","bottom":"","left":"","isLinked":true},"padding_mobile":{"unit":"em","top":"","right":"","bottom":"","left":"","isLinked":true},"flex_gap":{"column":"1.5","row":"1.5","isLinked":true,"unit":"em","size":1},"flex_gap_tablet":{"column":"","row":"","isLinked":true,"unit":"em","size":null},"flex_gap_mobile":{"column":"","row":"","isLinked":true,"unit":"em","size":null},"jedv_conditions":[{"_id":"506a295"}]},"elements":[{"id":"6610f415","settings":{"content_width":"full","background_background":"classic","border_width":{"unit":"px","top":"5","right":"0","bottom":"0","left":"0","isLinked":false},"box_shadow_box_shadow":{"horizontal":0,"vertical":0,"blur":20,"spread":-10,"color":"rgba(0,0,0,0.5)"},"padding":{"unit":"em","top":"","right":"","bottom":"","left":"","isLinked":true},"padding_tablet":{"unit":"em","top":"","right":"","bottom":"","left":"","isLinked":true},"padding_mobile":{"unit":"em","top":"","right":"","bottom":"","left":"","isLinked":true},"__globals__":{"background_color":"globals\/colors?id=c405ede","border_color":"globals\/colors?id=secondary"},"flex_gap":{"column":"0","row":"0","isLinked":false,"unit":"px","size":0},"jedv_conditions":[{"_id":"89f8988"}]},"elements":[{"id":"1019e687","settings":{"content_width":"full","background_background":"classic","border_width":{"unit":"px","top":"5","right":"0","bottom":"0","left":"0","isLinked":false},"box_shadow_box_shadow":{"horizontal":0,"vertical":0,"blur":20,"spread":-10,"color":"rgba(0,0,0,0.5)"},"padding":{"unit":"em","top":"2","right":"1.5","bottom":"1.5","left":"1.5","isLinked":false},"padding_tablet":{"unit":"em","top":"","right":"","bottom":"","left":"","isLinked":true},"padding_mobile":{"unit":"em","top":"","right":"","bottom":"","left":"","isLinked":true},"__globals__":{"background_color":"globals\/colors?id=c405ede","border_color":"globals\/colors?id=secondary"},"jedv_conditions":[{"_id":"10b2aac"}]},"elements":[{"id":"26945c66","settings":{"title":"Other Services","__globals__":{"typography_typography":"globals\/typography?id=cd3e740"},"_background_color_stop_tablet":{"unit":"%","size":"","sizes":[]},"_background_color_stop_mobile":{"unit":"%","size":"","sizes":[]},"_background_color_b_stop_tablet":{"unit":"%","size":"","sizes":[]},"_background_color_b_stop_mobile":{"unit":"%","size":"","sizes":[]},"_background_gradient_angle_tablet":{"unit":"deg","size":"","sizes":[]},"_background_gradient_angle_mobile":{"unit":"deg","size":"","sizes":[]},"_background_hover_color_stop_tablet":{"unit":"%","size":"","sizes":[]},"_background_hover_color_stop_mobile":{"unit":"%","size":"","sizes":[]},"_background_hover_color_b_stop_tablet":{"unit":"%","size":"","sizes":[]},"_background_hover_color_b_stop_mobile":{"unit":"%","size":"","sizes":[]},"_background_hover_gradient_angle_tablet":{"unit":"deg","size":"","sizes":[]},"_background_hover_gradient_angle_mobile":{"unit":"deg","size":"","sizes":[]},"_margin":{"unit":"em","top":"0","right":"0","bottom":"0.7","left":"0","isLinked":false},"_margin_tablet":{"unit":"em","top":"","right":"","bottom":"","left":"","isLinked":true},"_margin_mobile":{"unit":"em","top":"","right":"","bottom":"","left":"","isLinked":true},"jedv_conditions":[{"_id":"d1d91aa"}]},"elements":[],"isInner":false,"widgetType":"heading","elType":"widget"},{"id":"2faf79c3","settings":{"content_width":"full","flex_gap":{"column":"0","row":"0","isLinked":false,"unit":"px","size":0},"jedv_conditions":[{"_id":"ee1d934"}]},"elements":[{"id":"749b07be","settings":{"icon_list":[{"text":"Bridge Loans","selected_icon":{"value":"fas fa-chevron-circle-right","library":"fa-solid"},"_id":"0f29c8c"},{"text":"Rental Loans","selected_icon":{"value":"fas fa-chevron-circle-right","library":"fa-solid"},"_id":"05abac8"},{"text":"Overseas Mortgage","selected_icon":{"value":"fas fa-chevron-circle-right","library":"fa-solid"},"_id":"6b15961"},{"text":"Mortgage Consultation","selected_icon":{"value":"fas fa-chevron-circle-right","library":"fa-solid"},"_id":"0f6de46"},{"text":"Mortgage Insurance","selected_icon":{"value":"fas fa-chevron-circle-right","library":"fa-solid"},"_id":"8aedb29"}],"space_between":{"unit":"em","size":1,"sizes":[]},"space_between_tablet":{"unit":"em","size":"","sizes":[]},"space_between_mobile":{"unit":"em","size":"","sizes":[]},"divider":"yes","icon_color":"#347A82","icon_size":{"unit":"em","size":1,"sizes":[]},"icon_size_tablet":{"unit":"em","size":"","sizes":[]},"icon_size_mobile":{"unit":"em","size":"","sizes":[]},"__globals__":{"icon_color":"globals\/colors?id=secondary","icon_typography_typography":"globals\/typography?id=a311534","text_color":"globals\/colors?id=primary","text_color_hover":"globals\/colors?id=secondary","divider_color":"globals\/colors?id=829f2c7"},"jedv_conditions":[{"_id":"99e7640"}]},"elements":[],"isInner":false,"widgetType":"icon-list","elType":"widget"}],"isInner":true,"elType":"container"}],"isInner":true,"elType":"container"},{"id":"5f8db401","settings":{"text":"Learn More  Download Brochure","border_radius":{"unit":"px","top":"0","right":"0","bottom":"0","left":"0","isLinked":false},"text_padding":{"unit":"em","top":"0.7","right":"1.3","bottom":"0.7","left":"1.3","isLinked":false},"text_padding_tablet":{"unit":"em","top":"","right":"","bottom":"","left":"","isLinked":true},"text_padding_mobile":{"unit":"em","top":"","right":"","bottom":"","left":"","isLinked":true},"_margin":{"unit":"em","top":"","right":"","bottom":"","left":"","isLinked":true},"_margin_tablet":{"unit":"em","top":"","right":"","bottom":"","left":"","isLinked":true},"_margin_mobile":{"unit":"em","top":"","right":"","bottom":"","left":"","isLinked":true},"__globals__":{"background_color":"globals\/colors?id=accent","button_background_hover_color":"globals\/colors?id=eb3d4e3","button_text_color":"globals\/colors?id=1c15ecc","hover_color":"globals\/colors?id=5590b3c"},"selected_icon":{"value":"far fa-file-pdf","library":"fa-regular"},"align":"justify","_background_color_stop_tablet":{"unit":"%","size":"","sizes":[]},"_background_color_stop_mobile":{"unit":"%","size":"","sizes":[]},"_background_color_b_stop_tablet":{"unit":"%","size":"","sizes":[]},"_background_color_b_stop_mobile":{"unit":"%","size":"","sizes":[]},"_background_gradient_angle_tablet":{"unit":"deg","size":"","sizes":[]},"_background_gradient_angle_mobile":{"unit":"deg","size":"","sizes":[]},"_background_hover_color_stop_tablet":{"unit":"%","size":"","sizes":[]},"_background_hover_color_stop_mobile":{"unit":"%","size":"","sizes":[]},"_background_hover_color_b_stop_tablet":{"unit":"%","size":"","sizes":[]},"_background_hover_color_b_stop_mobile":{"unit":"%","size":"","sizes":[]},"_background_hover_gradient_angle_tablet":{"unit":"deg","size":"","sizes":[]},"_background_hover_gradient_angle_mobile":{"unit":"deg","size":"","sizes":[]},"jedv_conditions":[{"_id":"dce6884"}]},"elements":[],"isInner":false,"widgetType":"button","elType":"widget"}],"isInner":true,"elType":"container"},{"id":"76cd1e5a","settings":{"flex_direction":"column","content_width":"full","min_height":{"unit":"em","size":"","sizes":[]},"min_height_tablet":{"unit":"em","size":"","sizes":[]},"min_height_mobile":{"unit":"em","size":"","sizes":[]},"flex_justify_content":"center","flex_align_items":"center","background_background":"classic","background_image":{"url":"https:\/\/southernelitemtg.com\/wp-content\/uploads\/2024\/07\/mortgage-for-house-e1695041604977.jpg","id":868,"size":"","alt":"","source":"library"},"background_position":"center center","background_repeat":"no-repeat","background_size":"cover","background_overlay_background":"classic","background_overlay_opacity":{"unit":"px","size":0.6,"sizes":[]},"padding":{"unit":"em","top":"2","right":"1.5","bottom":"2","left":"1.5","isLinked":false},"padding_tablet":{"unit":"em","top":"","right":"","bottom":"","left":"","isLinked":true},"padding_mobile":{"unit":"em","top":"2","right":"1","bottom":"2","left":"1","isLinked":false},"__globals__":{"background_overlay_color":"globals\/colors?id=text"},"jedv_conditions":[{"_id":"29bef7c"}]},"elements":[{"id":"3f9803de","settings":{"content_width":"full","width":{"unit":"em","size":"","sizes":[]},"width_tablet":{"unit":"em","size":"","sizes":[]},"width_mobile":{"unit":"em","size":"","sizes":[]},"flex_align_items":"center","_title":"Content","flex_gap":{"column":"0.7","row":"0.7","isLinked":true,"unit":"em","size":0},"flex_gap_tablet":{"column":"","row":"","isLinked":true,"unit":"em","size":null},"flex_gap_mobile":{"column":"","row":"","isLinked":true,"unit":"em","size":null},"jedv_conditions":[{"_id":"d047f20"}]},"elements":[{"id":"4393ffff","settings":{"title":"Get mortgages, get better living","__globals__":{"typography_typography":"","title_color":"globals\/colors?id=1c15ecc"},"align":"center","title_color":"#FFFFFF","typography_typography":"custom","typography_font_family":"Raleway","typography_font_size":{"unit":"em","size":1.4,"sizes":[]},"typography_font_size_tablet":{"unit":"rem","size":"","sizes":[]},"typography_font_size_mobile":{"unit":"rem","size":"","sizes":[]},"typography_font_weight":"700","typography_line_height":{"unit":"em","size":1.3,"sizes":[]},"jedv_conditions":[{"_id":"e2ee587"}]},"elements":[],"isInner":false,"widgetType":"heading","elType":"widget"},{"id":"1dd2334a","settings":{"title":"Dapibus consectetur ipsum tortor iaculis pulvinar vivamus nec donec","__globals__":{"typography_typography":"","title_color":"globals\/colors?id=1c15ecc"},"align":"center","header_size":"p","title_color":"#FFFFFF","typography_typography":"custom","typography_font_family":"Inter","typography_font_size":{"unit":"em","size":0.85,"sizes":[]},"typography_font_weight":"500","typography_line_height":{"unit":"em","size":1.4,"sizes":[]},"jedv_conditions":[{"_id":"cbd1f82"}]},"elements":[],"isInner":false,"widgetType":"heading","elType":"widget"},{"id":"7d3132e1","settings":{"text":"Discover More","border_radius":{"unit":"px","top":"0","right":"0","bottom":"0","left":"0","isLinked":false},"text_padding":{"unit":"em","top":"0.7","right":"1.3","bottom":"0.7","left":"1.3","isLinked":false},"text_padding_tablet":{"unit":"em","top":"","right":"","bottom":"","left":"","isLinked":true},"text_padding_mobile":{"unit":"em","top":"","right":"","bottom":"","left":"","isLinked":true},"_margin":{"unit":"em","top":"","right":"","bottom":"","left":"","isLinked":true},"_margin_tablet":{"unit":"em","top":"","right":"","bottom":"","left":"","isLinked":true},"_margin_mobile":{"unit":"em","top":"","right":"","bottom":"","left":"","isLinked":true},"__globals__":{"background_color":"globals\/colors?id=accent","button_background_hover_color":"globals\/colors?id=eb3d4e3"},"jedv_conditions":[{"_id":"1883046"}]},"elements":[],"isInner":false,"widgetType":"button","elType":"widget"}],"isInner":true,"elType":"container"}],"isInner":true,"elType":"container"}],"isInner":true,"elType":"container"}],"isInner":false,"elType":"container"},{"id":"3dedf440","settings":{"flex_direction":"row","flex_gap":{"unit":"px","size":0,"column":"0","row":"0"},"padding":{"unit":"em","top":"3","right":"8","bottom":"3","left":"8","isLinked":false},"padding_tablet":{"unit":"em","top":"","right":"","bottom":"","left":"","isLinked":true},"padding_mobile":{"unit":"em","top":"3","right":"1","bottom":"48","left":"1","isLinked":false},"background_background":"classic","background_image":{"url":"https:\/\/southernelitemtg.com\/wp-content\/uploads\/2024\/07\/broker-and-client-shaking-hands-after-signing-contract-approved-application-form-e1695129576901.jpg","id":732,"size":"","alt":"","source":"library"},"background_position":"center center","background_repeat":"no-repeat","background_size":"cover","background_overlay_background":"classic","background_overlay_opacity":{"unit":"px","size":0.9,"sizes":[]},"__globals__":{"background_overlay_color":"globals\/colors?id=text"},"flex_gap_mobile":{"column":"2","row":"2","isLinked":true,"unit":"em","size":2},"jedv_conditions":[{"_id":"ec6e19c"}]},"elements":[{"id":"20bf37f8","settings":{"flex_direction":"column","content_width":"full","width":{"unit":"%","size":"50"},"flex_justify_content":"center","flex_gap":{"column":"1","row":"1","isLinked":true,"unit":"em","size":1},"flex_gap_tablet":{"column":"","row":"","isLinked":true,"unit":"em","size":null},"flex_gap_mobile":{"column":"","row":"","isLinked":true,"unit":"em","size":null},"padding":{"unit":"em","top":"2","right":"2","bottom":"0","left":"0","isLinked":false},"padding_tablet":{"unit":"em","top":"","right":"","bottom":"","left":"","isLinked":true},"padding_mobile":{"unit":"em","top":"0","right":"0","bottom":"0","left":"0","isLinked":false},"jedv_conditions":[{"_id":"adaccb1"}]},"elements":[{"id":"11388c6","settings":{"title":"Let's Talk with a Lending Specialist","__globals__":{"typography_typography":"globals\/typography?id=primary","title_color":"globals\/colors?id=1c15ecc"},"_background_color_stop_tablet":{"unit":"%","size":"","sizes":[]},"_background_color_stop_mobile":{"unit":"%","size":"","sizes":[]},"_background_color_b_stop_tablet":{"unit":"%","size":"","sizes":[]},"_background_color_b_stop_mobile":{"unit":"%","size":"","sizes":[]},"_background_gradient_angle_tablet":{"unit":"deg","size":"","sizes":[]},"_background_gradient_angle_mobile":{"unit":"deg","size":"","sizes":[]},"_background_hover_color_stop_tablet":{"unit":"%","size":"","sizes":[]},"_background_hover_color_stop_mobile":{"unit":"%","size":"","sizes":[]},"_background_hover_color_b_stop_tablet":{"unit":"%","size":"","sizes":[]},"_background_hover_color_b_stop_mobile":{"unit":"%","size":"","sizes":[]},"_background_hover_gradient_angle_tablet":{"unit":"deg","size":"","sizes":[]},"_background_hover_gradient_angle_mobile":{"unit":"deg","size":"","sizes":[]},"jedv_conditions":[{"_id":"b261040"}]},"elements":[],"isInner":false,"widgetType":"heading","elType":"widget"},{"id":"55abe20b","settings":{"title":"Vulputate pretium malesuada posuere suscipit vehicula venenatis eget ex. Mattis sapien ridiculus est nibh lectus suspendisse.","__globals__":{"typography_typography":"globals\/typography?id=text","title_color":"globals\/colors?id=1c15ecc"},"header_size":"p","title_color":"#FFFFFF","_background_color_stop_tablet":{"unit":"%","size":"","sizes":[]},"_background_color_stop_mobile":{"unit":"%","size":"","sizes":[]},"_background_color_b_stop_tablet":{"unit":"%","size":"","sizes":[]},"_background_color_b_stop_mobile":{"unit":"%","size":"","sizes":[]},"_background_gradient_angle_tablet":{"unit":"deg","size":"","sizes":[]},"_background_gradient_angle_mobile":{"unit":"deg","size":"","sizes":[]},"_background_hover_color_stop_tablet":{"unit":"%","size":"","sizes":[]},"_background_hover_color_stop_mobile":{"unit":"%","size":"","sizes":[]},"_background_hover_color_b_stop_tablet":{"unit":"%","size":"","sizes":[]},"_background_hover_color_b_stop_mobile":{"unit":"%","size":"","sizes":[]},"_background_hover_gradient_angle_tablet":{"unit":"deg","size":"","sizes":[]},"_background_hover_gradient_angle_mobile":{"unit":"deg","size":"","sizes":[]},"jedv_conditions":[{"_id":"43ac942"}]},"elements":[],"isInner":false,"widgetType":"heading","elType":"widget"},{"id":"5d2812f1","settings":{"title":"Appointment","__globals__":{"typography_typography":"","title_color":""},"typography_typography":"custom","typography_font_family":"Raleway","typography_font_size":{"unit":"em","size":4.4,"sizes":[]},"typography_font_size_tablet":{"unit":"rem","size":"","sizes":[]},"typography_font_size_mobile":{"unit":"rem","size":"","sizes":[]},"typography_font_weight":"700","typography_line_height":{"unit":"em","size":1.2,"sizes":[]},"typography_letter_spacing":{"unit":"em","size":-0.02,"sizes":[]},"text_shadow_text_shadow":{"horizontal":29,"vertical":0,"blur":10,"color":"rgba(0,0,0,0.3)"},"_position":"absolute","_offset_x":{"unit":"em","size":-16,"sizes":[]},"_offset_x_tablet":{"unit":"em","size":"","sizes":[]},"_offset_x_mobile":{"unit":"em","size":"","sizes":[]},"_offset_y":{"unit":"em","size":13,"sizes":[]},"_offset_y_tablet":{"unit":"em","size":"","sizes":[]},"_offset_y_mobile":{"unit":"em","size":"","sizes":[]},"_transform_rotate_popover":"transform","_transform_rotateZ_effect":{"unit":"px","size":-90,"sizes":[]},"_transform_translateX_effect":{"unit":"em","size":0.1,"sizes":[]},"_transform_translateX_effect_tablet":{"unit":"em","size":"","sizes":[]},"_transform_translateX_effect_mobile":{"unit":"em","size":"","sizes":[]},"_transform_keep_proportions":"","_transform_scale_effect":{"unit":"px","size":2,"sizes":[]},"_transform_skewX_effect":{"unit":"px","size":193,"sizes":[]},"_transform_skewY_effect":{"unit":"px","size":13,"sizes":[]},"title_color":"#F0F8FB36","_background_color_stop_tablet":{"unit":"%","size":"","sizes":[]},"_background_color_stop_mobile":{"unit":"%","size":"","sizes":[]},"_background_color_b_stop_tablet":{"unit":"%","size":"","sizes":[]},"_background_color_b_stop_mobile":{"unit":"%","size":"","sizes":[]},"_background_gradient_angle_tablet":{"unit":"deg","size":"","sizes":[]},"_background_gradient_angle_mobile":{"unit":"deg","size":"","sizes":[]},"_background_hover_color_stop_tablet":{"unit":"%","size":"","sizes":[]},"_background_hover_color_stop_mobile":{"unit":"%","size":"","sizes":[]},"_background_hover_color_b_stop_tablet":{"unit":"%","size":"","sizes":[]},"_background_hover_color_b_stop_mobile":{"unit":"%","size":"","sizes":[]},"_background_hover_gradient_angle_tablet":{"unit":"deg","size":"","sizes":[]},"_background_hover_gradient_angle_mobile":{"unit":"deg","size":"","sizes":[]},"jedv_conditions":[{"_id":"ddc8c25"}]},"elements":[],"isInner":false,"widgetType":"heading","elType":"widget"},{"id":"1aa457a2","settings":{"content_width":"full","flex_gap":{"column":"0.3","row":"0.3","isLinked":true,"unit":"em","size":0},"flex_gap_tablet":{"column":"","row":"","isLinked":true,"unit":"em","size":null},"flex_gap_mobile":{"column":"","row":"","isLinked":true,"unit":"em","size":null},"jedv_conditions":[{"_id":"f4f4e5f"}]},"elements":[{"id":"433429dd","settings":{"selected_icon":{"value":"fas fa-check","library":"fa-solid"},"title_text":"Every Step Of The Way","description_text":"","position":"left","content_vertical_alignment":"middle","icon_space":{"unit":"em","size":0.7,"sizes":[]},"title_bottom_space":{"unit":"em","size":0.2,"sizes":[]},"primary_color":"#ECBB59","icon_size":{"unit":"em","size":1,"sizes":[]},"title_color":"#385566","__globals__":{"primary_color":"globals\/colors?id=eb3d4e3","title_color":"globals\/colors?id=1c15ecc","title_typography_typography":"globals\/typography?id=secondary","_border_color":"globals\/colors?id=829f2c7"},"_background_color_stop_tablet":{"unit":"%","size":"","sizes":[]},"_background_color_stop_mobile":{"unit":"%","size":"","sizes":[]},"_background_color_b_stop_tablet":{"unit":"%","size":"","sizes":[]},"_background_color_b_stop_mobile":{"unit":"%","size":"","sizes":[]},"_background_gradient_angle_tablet":{"unit":"deg","size":"","sizes":[]},"_background_gradient_angle_mobile":{"unit":"deg","size":"","sizes":[]},"_background_hover_color_stop_tablet":{"unit":"%","size":"","sizes":[]},"_background_hover_color_stop_mobile":{"unit":"%","size":"","sizes":[]},"_background_hover_color_b_stop_tablet":{"unit":"%","size":"","sizes":[]},"_background_hover_color_b_stop_mobile":{"unit":"%","size":"","sizes":[]},"_background_hover_gradient_angle_tablet":{"unit":"deg","size":"","sizes":[]},"_background_hover_gradient_angle_mobile":{"unit":"deg","size":"","sizes":[]},"position_mobile":"","icon_space_tablet":{"unit":"em","size":"","sizes":[]},"icon_space_mobile":{"unit":"em","size":"","sizes":[]},"title_bottom_space_tablet":{"unit":"em","size":"","sizes":[]},"title_bottom_space_mobile":{"unit":"em","size":"","sizes":[]},"icon_size_tablet":{"unit":"em","size":"","sizes":[]},"icon_size_mobile":{"unit":"em","size":"","sizes":[]},"jedv_conditions":[{"_id":"99bfc40"}]},"elements":[],"isInner":false,"widgetType":"icon-box","elType":"widget"},{"id":"4e137272","settings":{"title":"Pharetra tellus aliquet lacus fusce fermentum malesuada sem. Purus suscipit ullamcorper elementum in rhoncus montes.","__globals__":{"typography_typography":"globals\/typography?id=text","title_color":"globals\/colors?id=1c15ecc"},"header_size":"p","title_color":"#FFFFFF","_background_color_stop_tablet":{"unit":"%","size":"","sizes":[]},"_background_color_stop_mobile":{"unit":"%","size":"","sizes":[]},"_background_color_b_stop_tablet":{"unit":"%","size":"","sizes":[]},"_background_color_b_stop_mobile":{"unit":"%","size":"","sizes":[]},"_background_gradient_angle_tablet":{"unit":"deg","size":"","sizes":[]},"_background_gradient_angle_mobile":{"unit":"deg","size":"","sizes":[]},"_background_hover_color_stop_tablet":{"unit":"%","size":"","sizes":[]},"_background_hover_color_stop_mobile":{"unit":"%","size":"","sizes":[]},"_background_hover_color_b_stop_tablet":{"unit":"%","size":"","sizes":[]},"_background_hover_color_b_stop_mobile":{"unit":"%","size":"","sizes":[]},"_background_hover_gradient_angle_tablet":{"unit":"deg","size":"","sizes":[]},"_background_hover_gradient_angle_mobile":{"unit":"deg","size":"","sizes":[]},"jedv_conditions":[{"_id":"91a1f9a"}]},"elements":[],"isInner":false,"widgetType":"heading","elType":"widget"}],"isInner":true,"elType":"container"},{"id":"3b03e221","settings":{"content_width":"full","flex_gap":{"column":"0.3","row":"0.3","isLinked":true,"unit":"em","size":0},"flex_gap_tablet":{"column":"","row":"","isLinked":true,"unit":"em","size":null},"flex_gap_mobile":{"column":"","row":"","isLinked":true,"unit":"em","size":null},"jedv_conditions":[{"_id":"f7f7d79"}]},"elements":[{"id":"304232d7","settings":{"selected_icon":{"value":"fas fa-check","library":"fa-solid"},"title_text":"Dedicated Loan Concierge","description_text":"","position":"left","content_vertical_alignment":"middle","icon_space":{"unit":"em","size":0.7,"sizes":[]},"title_bottom_space":{"unit":"em","size":0.2,"sizes":[]},"primary_color":"#ECBB59","icon_size":{"unit":"em","size":1,"sizes":[]},"title_color":"#385566","__globals__":{"primary_color":"globals\/colors?id=eb3d4e3","title_color":"globals\/colors?id=1c15ecc","title_typography_typography":"globals\/typography?id=secondary","_border_color":"globals\/colors?id=829f2c7"},"_background_color_stop_tablet":{"unit":"%","size":"","sizes":[]},"_background_color_stop_mobile":{"unit":"%","size":"","sizes":[]},"_background_color_b_stop_tablet":{"unit":"%","size":"","sizes":[]},"_background_color_b_stop_mobile":{"unit":"%","size":"","sizes":[]},"_background_gradient_angle_tablet":{"unit":"deg","size":"","sizes":[]},"_background_gradient_angle_mobile":{"unit":"deg","size":"","sizes":[]},"_background_hover_color_stop_tablet":{"unit":"%","size":"","sizes":[]},"_background_hover_color_stop_mobile":{"unit":"%","size":"","sizes":[]},"_background_hover_color_b_stop_tablet":{"unit":"%","size":"","sizes":[]},"_background_hover_color_b_stop_mobile":{"unit":"%","size":"","sizes":[]},"_background_hover_gradient_angle_tablet":{"unit":"deg","size":"","sizes":[]},"_background_hover_gradient_angle_mobile":{"unit":"deg","size":"","sizes":[]},"position_mobile":"","icon_space_tablet":{"unit":"em","size":"","sizes":[]},"icon_space_mobile":{"unit":"em","size":"","sizes":[]},"title_bottom_space_tablet":{"unit":"em","size":"","sizes":[]},"title_bottom_space_mobile":{"unit":"em","size":"","sizes":[]},"icon_size_tablet":{"unit":"em","size":"","sizes":[]},"icon_size_mobile":{"unit":"em","size":"","sizes":[]},"jedv_conditions":[{"_id":"29c1029"}]},"elements":[],"isInner":false,"widgetType":"icon-box","elType":"widget"},{"id":"6306e395","settings":{"title":"Pharetra tellus aliquet lacus fusce fermentum malesuada sem. Purus suscipit ullamcorper elementum in rhoncus montes.","__globals__":{"typography_typography":"globals\/typography?id=text","title_color":"globals\/colors?id=1c15ecc"},"header_size":"p","title_color":"#FFFFFF","_background_color_stop_tablet":{"unit":"%","size":"","sizes":[]},"_background_color_stop_mobile":{"unit":"%","size":"","sizes":[]},"_background_color_b_stop_tablet":{"unit":"%","size":"","sizes":[]},"_background_color_b_stop_mobile":{"unit":"%","size":"","sizes":[]},"_background_gradient_angle_tablet":{"unit":"deg","size":"","sizes":[]},"_background_gradient_angle_mobile":{"unit":"deg","size":"","sizes":[]},"_background_hover_color_stop_tablet":{"unit":"%","size":"","sizes":[]},"_background_hover_color_stop_mobile":{"unit":"%","size":"","sizes":[]},"_background_hover_color_b_stop_tablet":{"unit":"%","size":"","sizes":[]},"_background_hover_color_b_stop_mobile":{"unit":"%","size":"","sizes":[]},"_background_hover_gradient_angle_tablet":{"unit":"deg","size":"","sizes":[]},"_background_hover_gradient_angle_mobile":{"unit":"deg","size":"","sizes":[]},"jedv_conditions":[{"_id":"1088259"}]},"elements":[],"isInner":false,"widgetType":"heading","elType":"widget"}],"isInner":true,"elType":"container"},{"id":"1a915b33","settings":{"content_width":"full","flex_gap":{"column":"0.3","row":"0.3","isLinked":true,"unit":"em","size":0},"flex_gap_tablet":{"column":"","row":"","isLinked":true,"unit":"em","size":null},"flex_gap_mobile":{"column":"","row":"","isLinked":true,"unit":"em","size":null},"jedv_conditions":[{"_id":"de5285a"}]},"elements":[{"id":"cae5d74","settings":{"selected_icon":{"value":"fas fa-check","library":"fa-solid"},"title_text":"Flexible Rates & Low Fees","description_text":"","position":"left","content_vertical_alignment":"middle","icon_space":{"unit":"em","size":0.7,"sizes":[]},"title_bottom_space":{"unit":"em","size":0.2,"sizes":[]},"primary_color":"#ECBB59","icon_size":{"unit":"em","size":1,"sizes":[]},"title_color":"#385566","__globals__":{"primary_color":"globals\/colors?id=eb3d4e3","title_color":"globals\/colors?id=1c15ecc","title_typography_typography":"globals\/typography?id=secondary","_border_color":"globals\/colors?id=829f2c7"},"_background_color_stop_tablet":{"unit":"%","size":"","sizes":[]},"_background_color_stop_mobile":{"unit":"%","size":"","sizes":[]},"_background_color_b_stop_tablet":{"unit":"%","size":"","sizes":[]},"_background_color_b_stop_mobile":{"unit":"%","size":"","sizes":[]},"_background_gradient_angle_tablet":{"unit":"deg","size":"","sizes":[]},"_background_gradient_angle_mobile":{"unit":"deg","size":"","sizes":[]},"_background_hover_color_stop_tablet":{"unit":"%","size":"","sizes":[]},"_background_hover_color_stop_mobile":{"unit":"%","size":"","sizes":[]},"_background_hover_color_b_stop_tablet":{"unit":"%","size":"","sizes":[]},"_background_hover_color_b_stop_mobile":{"unit":"%","size":"","sizes":[]},"_background_hover_gradient_angle_tablet":{"unit":"deg","size":"","sizes":[]},"_background_hover_gradient_angle_mobile":{"unit":"deg","size":"","sizes":[]},"position_mobile":"left","icon_space_tablet":{"unit":"em","size":"","sizes":[]},"icon_space_mobile":{"unit":"em","size":"","sizes":[]},"title_bottom_space_tablet":{"unit":"em","size":"","sizes":[]},"title_bottom_space_mobile":{"unit":"em","size":"","sizes":[]},"icon_size_tablet":{"unit":"em","size":"","sizes":[]},"icon_size_mobile":{"unit":"em","size":"","sizes":[]},"jedv_conditions":[{"_id":"f192da2"}]},"elements":[],"isInner":false,"widgetType":"icon-box","elType":"widget"},{"id":"7e812eae","settings":{"title":"Pharetra tellus aliquet lacus fusce fermentum malesuada sem. Purus suscipit ullamcorper elementum in rhoncus montes.","__globals__":{"typography_typography":"globals\/typography?id=text","title_color":"globals\/colors?id=1c15ecc"},"header_size":"p","title_color":"#FFFFFF","_background_color_stop_tablet":{"unit":"%","size":"","sizes":[]},"_background_color_stop_mobile":{"unit":"%","size":"","sizes":[]},"_background_color_b_stop_tablet":{"unit":"%","size":"","sizes":[]},"_background_color_b_stop_mobile":{"unit":"%","size":"","sizes":[]},"_background_gradient_angle_tablet":{"unit":"deg","size":"","sizes":[]},"_background_gradient_angle_mobile":{"unit":"deg","size":"","sizes":[]},"_background_hover_color_stop_tablet":{"unit":"%","size":"","sizes":[]},"_background_hover_color_stop_mobile":{"unit":"%","size":"","sizes":[]},"_background_hover_color_b_stop_tablet":{"unit":"%","size":"","sizes":[]},"_background_hover_color_b_stop_mobile":{"unit":"%","size":"","sizes":[]},"_background_hover_gradient_angle_tablet":{"unit":"deg","size":"","sizes":[]},"_background_hover_gradient_angle_mobile":{"unit":"deg","size":"","sizes":[]},"jedv_conditions":[{"_id":"f8320df"}]},"elements":[],"isInner":false,"widgetType":"heading","elType":"widget"}],"isInner":true,"elType":"container"}],"isInner":true,"elType":"container"},{"id":"397c29c","settings":{"flex_direction":"column","content_width":"full","width":{"unit":"%","size":"50"},"padding":{"unit":"em","top":"","right":"","bottom":"","left":"","isLinked":true},"padding_tablet":{"unit":"em","top":"","right":"","bottom":"","left":"","isLinked":true},"padding_mobile":{"unit":"em","top":"","right":"","bottom":"","left":"","isLinked":true},"jedv_conditions":[{"_id":"8438242"}]},"elements":[{"id":"54f46bdc","settings":{"content_width":"full","background_background":"classic","box_shadow_box_shadow_type":"yes","box_shadow_box_shadow":{"horizontal":0,"vertical":10,"blur":40,"spread":-5,"color":"rgba(0, 0, 0, 0.15)"},"margin":{"unit":"em","top":"0","right":"0","bottom":"0","left":"1","isLinked":false},"margin_tablet":{"unit":"em","top":"","right":"","bottom":"","left":"","isLinked":true},"margin_mobile":{"unit":"em","top":"0","right":"0","bottom":"0","left":"0","isLinked":false},"padding":{"unit":"em","top":"2","right":"2","bottom":"2","left":"2","isLinked":true},"padding_tablet":{"unit":"em","top":"","right":"","bottom":"","left":"","isLinked":true},"padding_mobile":{"unit":"em","top":"","right":"","bottom":"","left":"","isLinked":true},"position":"absolute","z_index":9,"__globals__":{"background_color":"globals\/colors?id=1c15ecc"},"jedv_conditions":[{"_id":"888a500"}]},"elements":[{"id":"2064a14e","settings":{"title":"Make an Appointment","__globals__":{"typography_typography":"globals\/typography?id=primary","title_color":"globals\/colors?id=primary"},"_background_color_stop_tablet":{"unit":"%","size":"","sizes":[]},"_background_color_stop_mobile":{"unit":"%","size":"","sizes":[]},"_background_color_b_stop_tablet":{"unit":"%","size":"","sizes":[]},"_background_color_b_stop_mobile":{"unit":"%","size":"","sizes":[]},"_background_gradient_angle_tablet":{"unit":"deg","size":"","sizes":[]},"_background_gradient_angle_mobile":{"unit":"deg","size":"","sizes":[]},"_background_hover_color_stop_tablet":{"unit":"%","size":"","sizes":[]},"_background_hover_color_stop_mobile":{"unit":"%","size":"","sizes":[]},"_background_hover_color_b_stop_tablet":{"unit":"%","size":"","sizes":[]},"_background_hover_color_b_stop_mobile":{"unit":"%","size":"","sizes":[]},"_background_hover_gradient_angle_tablet":{"unit":"deg","size":"","sizes":[]},"_background_hover_gradient_angle_mobile":{"unit":"deg","size":"","sizes":[]},"jedv_conditions":[{"_id":"98ffb3d"}]},"elements":[],"isInner":false,"widgetType":"heading","elType":"widget"},{"id":"3ad74c34","settings":{"title":"Lorem ipsum dolor sit amet, consectetur adipiscing elit. Ut elit tellus, luctus nec ullamcorper mattis, pulvinar dapibus leo.","__globals__":{"typography_typography":"globals\/typography?id=text","title_color":"globals\/colors?id=text"},"_background_color_stop_tablet":{"unit":"%","size":"","sizes":[]},"_background_color_stop_mobile":{"unit":"%","size":"","sizes":[]},"_background_color_b_stop_tablet":{"unit":"%","size":"","sizes":[]},"_background_color_b_stop_mobile":{"unit":"%","size":"","sizes":[]},"_background_gradient_angle_tablet":{"unit":"deg","size":"","sizes":[]},"_background_gradient_angle_mobile":{"unit":"deg","size":"","sizes":[]},"_background_hover_color_stop_tablet":{"unit":"%","size":"","sizes":[]},"_background_hover_color_stop_mobile":{"unit":"%","size":"","sizes":[]},"_background_hover_color_b_stop_tablet":{"unit":"%","size":"","sizes":[]},"_background_hover_color_b_stop_mobile":{"unit":"%","size":"","sizes":[]},"_background_hover_gradient_angle_tablet":{"unit":"deg","size":"","sizes":[]},"_background_hover_gradient_angle_mobile":{"unit":"deg","size":"","sizes":[]},"jedv_conditions":[{"_id":"9117d34"}]},"elements":[],"isInner":false,"widgetType":"heading","elType":"widget"},{"id":"24af387b","settings":{"form_id":"863","required_mark":"*","form_label_typography_typography":"custom","form_label_typography_font_family":"Inter","form_label_typography_font_size":{"unit":"rem","size":0.8,"sizes":[]},"form_label_typography_font_weight":"500","form_label_typography_line_height":{"unit":"em","size":1.4,"sizes":[]},"form_label_color":"#232323","fields_typography_typography":"custom","fields_typography_font_family":"Inter","fields_typography_font_size":{"unit":"rem","size":0.85,"sizes":[]},"fields_typography_font_weight":"400","fields_typography_line_height":{"unit":"em","size":1.4,"sizes":[]},"fields_color":"#385566","fields_placeholder_color":"#38556673","fields_border_border":"solid","fields_border_width":{"unit":"px","top":"0","right":"0","bottom":"1","left":"0","isLinked":false},"fields_border_color":"#D2DEE6","fields_textarea_height":{"unit":"em","size":7,"sizes":[]},"fields_textarea_height_tablet":{"unit":"em","size":"","sizes":[]},"fields_textarea_height_mobile":{"unit":"em","size":"","sizes":[]},"booking_form_submit_bg_color":"#19A2BF","booking_form_submit_color":"#FFFFFF","booking_form_submit_typography_typography":"custom","booking_form_submit_typography_font_family":"Inter","booking_form_submit_typography_font_size":{"unit":"rem","size":0.85,"sizes":[]},"booking_form_submit_typography_font_weight":"600","booking_form_submit_typography_line_height":{"unit":"em","size":1.4,"sizes":[]},"booking_form_submit_padding":{"unit":"em","top":"0.7","right":"1","bottom":"0.7","left":"1","isLinked":false},"booking_form_submit_padding_tablet":{"unit":"em","top":"","right":"","bottom":"","left":"","isLinked":true},"booking_form_submit_padding_mobile":{"unit":"em","top":"","right":"","bottom":"","left":"","isLinked":true},"booking_form_submit_border_border":"none","booking_form_submit_border_radius":{"unit":"px","top":"0","right":"0","bottom":"0","left":"0","isLinked":false},"booking_form_submit_alignment":"stretch","booking_form_submit_alignment_text":"center","form_success_margin":{"unit":"px","top":"0","right":"0","bottom":"0","left":"0","isLinked":false},"form_success_padding":{"unit":"px","top":"0","right":"0","bottom":"0","left":"0","isLinked":false},"form_success_border_border":"none","form_error_margin":{"unit":"px","top":"0","right":"0","bottom":"0","left":"0","isLinked":false},"form_error_padding":{"unit":"px","top":"0","right":"0","bottom":"0","left":"0","isLinked":false},"form_error_border_border":"none","__globals__":{"form_label_typography_typography":"","form_required_color":"globals\/colors?id=1c15ecc","form_label_color":"globals\/colors?id=primary","fields_typography_typography":"","fields_color":"globals\/colors?id=text","fields_border_color":"globals\/colors?id=829f2c7","fields_placeholder_color":"","booking_form_submit_bg_color":"globals\/colors?id=accent","booking_form_submit_color":"globals\/colors?id=1c15ecc","booking_form_submit_typography_typography":"","booking_form_submit_bg_color_hover":"globals\/colors?id=eb3d4e3","booking_form_submit_color_hover":"globals\/colors?id=1c15ecc","form_success_typography_typography":"","form_error_typography_typography":"globals\/typography?id=text"},"submit_type":"ajax","form_row_gap_before":{"unit":"px","size":0,"sizes":[]},"form_row_gap_after":{"unit":"px","size":0,"sizes":[]},"form_label_margin":{"unit":"em","top":"0","right":"0","bottom":"0.2","left":"0","isLinked":false},"form_label_margin_tablet":{"unit":"em","top":"","right":"","bottom":"","left":"","isLinked":true},"form_label_margin_mobile":{"unit":"em","top":"","right":"","bottom":"","left":"","isLinked":true},"form_label_typography_font_size_tablet":{"unit":"rem","size":"","sizes":[]},"form_label_typography_font_size_mobile":{"unit":"rem","size":"","sizes":[]},"fields_typography_font_size_tablet":{"unit":"rem","size":"","sizes":[]},"fields_typography_font_size_mobile":{"unit":"rem","size":"","sizes":[]},"booking_form_submit_bg_color_hover":"#ECBB59","booking_form_submit_color_hover":"#FFFFFF","booking_form_submit_typography_font_size_tablet":{"unit":"rem","size":"","sizes":[]},"booking_form_submit_typography_font_size_mobile":{"unit":"rem","size":"","sizes":[]},"form_success_typography_typography":"custom","form_success_typography_font_family":"Inter","form_success_typography_font_size":{"unit":"em","size":0.85,"sizes":[]},"form_success_typography_font_weight":"400","form_success_typography_line_height":{"unit":"em","size":1.4,"sizes":[]},"custom_css":"selector .wp-container-core-columns-is-layout-1,\n.wp-container-core-columns-is-layout-2, .wp-container-core-columns-is-layout-3 {\n  margin: 0;\n  gap: 1em;\n}\n\n@media screen and (max-width: 767px) {\n  selector .wp-container-core-columns-is-layout-1,\n  .wp-container-core-columns-is-layout-2, .wp-container-core-columns-is-layout-3 {\n    gap: 0;\n  }\n}\n\nselector .time-field {\n    min-height: 2.3rem;\n}","jedv_conditions":[{"_id":"1be0b82"}]},"elements":[],"isInner":false,"widgetType":"jet-form-builder-form","elType":"widget"}],"isInner":true,"elType":"container"}],"isInner":true,"elType":"container"}],"isInner":false,"elType":"container"},{"id":"991fee3","settings":{"flex_direction":"column","min_height":{"unit":"em","size":28,"sizes":[]},"min_height_tablet":{"unit":"em","size":"","sizes":[]},"min_height_mobile":{"unit":"em","size":"","sizes":[]},"flex_justify_content":"center","flex_align_items":"center","background_image":{"url":"","id":"","size":"","alt":"","source":"library"},"background_position":"center center","background_repeat":"no-repeat","background_size":"cover","background_overlay_opacity":{"unit":"px","size":0.35,"sizes":[]},"padding":{"unit":"em","top":"10","right":"8","bottom":"5","left":"8","isLinked":false},"padding_tablet":{"unit":"em","top":"","right":"","bottom":"","left":"","isLinked":true},"padding_mobile":{"unit":"em","top":"8","right":"1","bottom":"3","left":"1","isLinked":false},"__globals__":{"background_overlay_color":"globals\/colors?id=5590b3c"},"jedv_conditions":[{"_id":"e65d13d"}]},"elements":[{"id":"6c8ebafe","settings":{"content_width":"full","width":{"unit":"em","size":38,"sizes":[]},"width_tablet":{"unit":"em","size":"","sizes":[]},"width_mobile":{"unit":"em","size":"","sizes":[]},"flex_align_items":"center","_title":"Content","jedv_conditions":[{"_id":"88f1f98"}]},"elements":[{"id":"757f4fc1","settings":{"title":"How It Works","__globals__":{"typography_typography":"globals\/typography?id=a30e13a","title_color":"globals\/colors?id=secondary"},"align":"center","header_size":"p","title_color":"#FFFFFF","jedv_conditions":[{"_id":"eeee5b0"}]},"elements":[],"isInner":false,"widgetType":"heading","elType":"widget"},{"id":"fd9fa2a","settings":{"title":"Let us help you get your home today","__globals__":{"typography_typography":"globals\/typography?id=primary","title_color":"globals\/colors?id=primary"},"align":"center","jedv_conditions":[{"_id":"33689c6"}]},"elements":[],"isInner":false,"widgetType":"heading","elType":"widget"},{"id":"6d96ec3a","settings":{"title":"Dapibus consectetur ipsum tortor iaculis pulvinar vivamus nec donec. Fringilla consectetur turpis efficitur nisl quisque duis eleifend elementum.","__globals__":{"typography_typography":"globals\/typography?id=text","title_color":"globals\/colors?id=text"},"align":"center","header_size":"p","title_color":"#FFFFFF","jedv_conditions":[{"_id":"7da91f4"}]},"elements":[],"isInner":false,"widgetType":"heading","elType":"widget"}],"isInner":true,"elType":"container"},{"id":"579b6ca4","settings":{"content_width":"full","flex_direction":"row","flex_gap":{"column":"","row":"","isLinked":true,"unit":"em","size":null},"flex_gap_tablet":{"column":"","row":"","isLinked":true,"unit":"em","size":null},"flex_gap_mobile":{"column":"","row":"","isLinked":true,"unit":"em","size":null},"margin":{"unit":"em","top":"1","right":"0","bottom":"0","left":"0","isLinked":false},"margin_tablet":{"unit":"em","top":"","right":"","bottom":"","left":"","isLinked":true},"margin_mobile":{"unit":"em","top":"","right":"","bottom":"","left":"","isLinked":true},"_title":"Cards","jedv_conditions":[{"_id":"4254476"}]},"elements":[{"id":"6428a8c6","settings":{"content_width":"full","border_border":"dashed","border_width":{"unit":"px","top":"2","right":"2","bottom":"2","left":"2","isLinked":true},"_title":"Item","__globals__":{"border_color":"globals\/colors?id=829f2c7"},"padding":{"unit":"em","top":"1.4","right":"1.4","bottom":"1.4","left":"1.4","isLinked":true},"padding_tablet":{"unit":"em","top":"","right":"","bottom":"","left":"","isLinked":true},"padding_mobile":{"unit":"em","top":"","right":"","bottom":"","left":"","isLinked":true},"jedv_conditions":[{"_id":"1251b7a"}]},"elements":[{"id":"2ce477c2","settings":{"title":"Step 1","_padding":{"unit":"em","top":"0.4","right":"1.2","bottom":"0.4","left":"1.2","isLinked":false},"_padding_tablet":{"unit":"em","top":"","right":"","bottom":"","left":"","isLinked":true},"_padding_mobile":{"unit":"em","top":"","right":"","bottom":"","left":"","isLinked":true},"_flex_align_self":"flex-start","_background_background":"classic","__globals__":{"_background_color":"globals\/colors?id=eb3d4e3","typography_typography":"globals\/typography?id=accent"},"_position":"absolute","_offset_orientation_h":"end","_offset_x_end":{"unit":"px","size":-2,"sizes":[]},"_offset_y":{"unit":"px","size":-2,"sizes":[]},"_title":"Step","jedv_conditions":[{"_id":"9d9a18d"}]},"elements":[],"isInner":false,"widgetType":"heading","elType":"widget"},{"id":"ff02e18","settings":{"selected_icon":{"value":"far fa-sticky-note","library":"fa-regular"},"align":"left","size":{"unit":"em","size":1.8,"sizes":[]},"size_tablet":{"unit":"em","size":"","sizes":[]},"size_mobile":{"unit":"em","size":"","sizes":[]},"__globals__":{"primary_color":"globals\/colors?id=secondary"},"jedv_conditions":[{"_id":"30ddc24"}]},"elements":[],"isInner":false,"widgetType":"icon","elType":"widget"},{"id":"da34a13","settings":{"title":"Initial Consultation","__globals__":{"typography_typography":"globals\/typography?id=secondary","title_color":"globals\/colors?id=primary"},"title_color":"#232323","header_size":"h4","jedv_conditions":[{"_id":"bb92542"}]},"elements":[],"isInner":false,"widgetType":"heading","elType":"widget"},{"id":"267cdba5","settings":{"title":"Sagittis fames convallis aptent risus himenaeos feugiat taciti dictumst class cras.","__globals__":{"typography_typography":"globals\/typography?id=text","title_color":"globals\/colors?id=text"},"header_size":"p","title_color":"#FFFFFF","jedv_conditions":[{"_id":"0974930"}]},"elements":[],"isInner":false,"widgetType":"heading","elType":"widget"},{"id":"512aa08f","settings":{"text":"Discover More","border_radius":{"unit":"px","top":"0","right":"0","bottom":"0","left":"0","isLinked":false},"text_padding":{"unit":"em","top":"0.7","right":"1","bottom":"0.7","left":"1","isLinked":false},"text_padding_tablet":{"unit":"em","top":"","right":"","bottom":"","left":"","isLinked":true},"text_padding_mobile":{"unit":"em","top":"","right":"","bottom":"","left":"","isLinked":true},"_margin":{"unit":"em","top":"","right":"","bottom":"","left":"","isLinked":true},"_margin_tablet":{"unit":"em","top":"","right":"","bottom":"","left":"","isLinked":true},"_margin_mobile":{"unit":"em","top":"","right":"","bottom":"","left":"","isLinked":true},"__globals__":{"background_color":"globals\/colors?id=accent","button_background_hover_color":"globals\/colors?id=eb3d4e3"},"align":"justify","jedv_conditions":[{"_id":"cea682f"}]},"elements":[],"isInner":false,"widgetType":"button","elType":"widget"}],"isInner":true,"elType":"container"},{"id":"35f10979","settings":{"content_width":"full","border_border":"dashed","border_width":{"unit":"px","top":"2","right":"2","bottom":"2","left":"2","isLinked":true},"_title":"Item","__globals__":{"border_color":"globals\/colors?id=829f2c7"},"padding":{"unit":"em","top":"1.4","right":"1.4","bottom":"1.4","left":"1.4","isLinked":true},"padding_tablet":{"unit":"em","top":"","right":"","bottom":"","left":"","isLinked":true},"padding_mobile":{"unit":"em","top":"","right":"","bottom":"","left":"","isLinked":true},"jedv_conditions":[{"_id":"b13aa8c"}]},"elements":[{"id":"7ee1dcae","settings":{"title":"Step 1","_padding":{"unit":"em","top":"0.4","right":"1.2","bottom":"0.4","left":"1.2","isLinked":false},"_padding_tablet":{"unit":"em","top":"","right":"","bottom":"","left":"","isLinked":true},"_padding_mobile":{"unit":"em","top":"","right":"","bottom":"","left":"","isLinked":true},"_flex_align_self":"flex-start","_background_background":"classic","__globals__":{"_background_color":"globals\/colors?id=eb3d4e3","typography_typography":"globals\/typography?id=accent"},"_position":"absolute","_offset_orientation_h":"end","_offset_x_end":{"unit":"px","size":-2,"sizes":[]},"_offset_y":{"unit":"px","size":-2,"sizes":[]},"_title":"Step","jedv_conditions":[{"_id":"31467fd"}]},"elements":[],"isInner":false,"widgetType":"heading","elType":"widget"},{"id":"4621ee1f","settings":{"selected_icon":{"value":"far fa-compass","library":"fa-regular"},"align":"left","size":{"unit":"em","size":1.8,"sizes":[]},"size_tablet":{"unit":"em","size":"","sizes":[]},"size_mobile":{"unit":"em","size":"","sizes":[]},"__globals__":{"primary_color":"globals\/colors?id=secondary"},"jedv_conditions":[{"_id":"63078a8"}]},"elements":[],"isInner":false,"widgetType":"icon","elType":"widget"},{"id":"fa5ec12","settings":{"title":"Initial Consultation","__globals__":{"typography_typography":"globals\/typography?id=secondary","title_color":"globals\/colors?id=primary"},"title_color":"#232323","header_size":"h4","jedv_conditions":[{"_id":"6640c26"}]},"elements":[],"isInner":false,"widgetType":"heading","elType":"widget"},{"id":"3db84753","settings":{"title":"Sagittis fames convallis aptent risus himenaeos feugiat taciti dictumst class cras.","__globals__":{"typography_typography":"globals\/typography?id=text","title_color":"globals\/colors?id=text"},"header_size":"p","title_color":"#FFFFFF","jedv_conditions":[{"_id":"f6774be"}]},"elements":[],"isInner":false,"widgetType":"heading","elType":"widget"},{"id":"62048f03","settings":{"text":"Discover More","border_radius":{"unit":"px","top":"0","right":"0","bottom":"0","left":"0","isLinked":false},"text_padding":{"unit":"em","top":"0.7","right":"1","bottom":"0.7","left":"1","isLinked":false},"text_padding_tablet":{"unit":"em","top":"","right":"","bottom":"","left":"","isLinked":true},"text_padding_mobile":{"unit":"em","top":"","right":"","bottom":"","left":"","isLinked":true},"_margin":{"unit":"em","top":"","right":"","bottom":"","left":"","isLinked":true},"_margin_tablet":{"unit":"em","top":"","right":"","bottom":"","left":"","isLinked":true},"_margin_mobile":{"unit":"em","top":"","right":"","bottom":"","left":"","isLinked":true},"__globals__":{"background_color":"globals\/colors?id=accent","button_background_hover_color":"globals\/colors?id=eb3d4e3"},"align":"justify","jedv_conditions":[{"_id":"26351d6"}]},"elements":[],"isInner":false,"widgetType":"button","elType":"widget"}],"isInner":true,"elType":"container"},{"id":"5818dc05","settings":{"content_width":"full","border_border":"dashed","border_width":{"unit":"px","top":"2","right":"2","bottom":"2","left":"2","isLinked":true},"_title":"Item","__globals__":{"border_color":"globals\/colors?id=829f2c7"},"padding":{"unit":"em","top":"1.4","right":"1.4","bottom":"1.4","left":"1.4","isLinked":true},"padding_tablet":{"unit":"em","top":"","right":"","bottom":"","left":"","isLinked":true},"padding_mobile":{"unit":"em","top":"","right":"","bottom":"","left":"","isLinked":true},"jedv_conditions":[{"_id":"37d4507"}]},"elements":[{"id":"3cfb18c","settings":{"title":"Step 1","_padding":{"unit":"em","top":"0.4","right":"1.2","bottom":"0.4","left":"1.2","isLinked":false},"_padding_tablet":{"unit":"em","top":"","right":"","bottom":"","left":"","isLinked":true},"_padding_mobile":{"unit":"em","top":"","right":"","bottom":"","left":"","isLinked":true},"_flex_align_self":"flex-start","_background_background":"classic","__globals__":{"_background_color":"globals\/colors?id=eb3d4e3","typography_typography":"globals\/typography?id=accent"},"_position":"absolute","_offset_orientation_h":"end","_offset_x_end":{"unit":"px","size":-2,"sizes":[]},"_offset_y":{"unit":"px","size":-2,"sizes":[]},"_title":"Step","jedv_conditions":[{"_id":"e32be0e"}]},"elements":[],"isInner":false,"widgetType":"heading","elType":"widget"},{"id":"615cffec","settings":{"selected_icon":{"value":"far fa-map","library":"fa-regular"},"align":"left","size":{"unit":"em","size":1.8,"sizes":[]},"size_tablet":{"unit":"em","size":"","sizes":[]},"size_mobile":{"unit":"em","size":"","sizes":[]},"__globals__":{"primary_color":"globals\/colors?id=secondary"},"jedv_conditions":[{"_id":"cf1d133"}]},"elements":[],"isInner":false,"widgetType":"icon","elType":"widget"},{"id":"369e12f2","settings":{"title":"Initial Consultation","__globals__":{"typography_typography":"globals\/typography?id=secondary","title_color":"globals\/colors?id=primary"},"title_color":"#232323","header_size":"h4","jedv_conditions":[{"_id":"d8a295e"}]},"elements":[],"isInner":false,"widgetType":"heading","elType":"widget"},{"id":"547dd413","settings":{"title":"Sagittis fames convallis aptent risus himenaeos feugiat taciti dictumst class cras.","__globals__":{"typography_typography":"globals\/typography?id=text","title_color":"globals\/colors?id=text"},"header_size":"p","title_color":"#FFFFFF","jedv_conditions":[{"_id":"960e930"}]},"elements":[],"isInner":false,"widgetType":"heading","elType":"widget"},{"id":"363352c3","settings":{"text":"Discover More","border_radius":{"unit":"px","top":"0","right":"0","bottom":"0","left":"0","isLinked":false},"text_padding":{"unit":"em","top":"0.7","right":"1","bottom":"0.7","left":"1","isLinked":false},"text_padding_tablet":{"unit":"em","top":"","right":"","bottom":"","left":"","isLinked":true},"text_padding_mobile":{"unit":"em","top":"","right":"","bottom":"","left":"","isLinked":true},"_margin":{"unit":"em","top":"","right":"","bottom":"","left":"","isLinked":true},"_margin_tablet":{"unit":"em","top":"","right":"","bottom":"","left":"","isLinked":true},"_margin_mobile":{"unit":"em","top":"","right":"","bottom":"","left":"","isLinked":true},"__globals__":{"background_color":"globals\/colors?id=accent","button_background_hover_color":"globals\/colors?id=eb3d4e3"},"align":"justify","jedv_conditions":[{"_id":"9c78bba"}]},"elements":[],"isInner":false,"widgetType":"button","elType":"widget"}],"isInner":true,"elType":"container"},{"id":"124fc2be","settings":{"content_width":"full","border_border":"dashed","border_width":{"unit":"px","top":"2","right":"2","bottom":"2","left":"2","isLinked":true},"_title":"Item","__globals__":{"border_color":"globals\/colors?id=829f2c7"},"padding":{"unit":"em","top":"1.4","right":"1.4","bottom":"1.4","left":"1.4","isLinked":true},"padding_tablet":{"unit":"em","top":"","right":"","bottom":"","left":"","isLinked":true},"padding_mobile":{"unit":"em","top":"","right":"","bottom":"","left":"","isLinked":true},"jedv_conditions":[{"_id":"489e318"}]},"elements":[{"id":"609b9a1e","settings":{"title":"Step 1","_padding":{"unit":"em","top":"0.4","right":"1.2","bottom":"0.4","left":"1.2","isLinked":false},"_padding_tablet":{"unit":"em","top":"","right":"","bottom":"","left":"","isLinked":true},"_padding_mobile":{"unit":"em","top":"","right":"","bottom":"","left":"","isLinked":true},"_flex_align_self":"flex-start","_background_background":"classic","__globals__":{"_background_color":"globals\/colors?id=eb3d4e3","typography_typography":"globals\/typography?id=accent"},"_position":"absolute","_offset_orientation_h":"end","_offset_x_end":{"unit":"px","size":-2,"sizes":[]},"_offset_y":{"unit":"px","size":-2,"sizes":[]},"_title":"Step","jedv_conditions":[{"_id":"f8bbd2a"}]},"elements":[],"isInner":false,"widgetType":"heading","elType":"widget"},{"id":"b489b4c","settings":{"selected_icon":{"value":"far fa-paper-plane","library":"fa-regular"},"align":"left","size":{"unit":"em","size":1.8,"sizes":[]},"size_tablet":{"unit":"em","size":"","sizes":[]},"size_mobile":{"unit":"em","size":"","sizes":[]},"__globals__":{"primary_color":"globals\/colors?id=secondary"},"jedv_conditions":[{"_id":"68ee9b4"}]},"elements":[],"isInner":false,"widgetType":"icon","elType":"widget"},{"id":"4e2575d1","settings":{"title":"Initial Consultation","__globals__":{"typography_typography":"globals\/typography?id=secondary","title_color":"globals\/colors?id=primary"},"title_color":"#232323","header_size":"h4","jedv_conditions":[{"_id":"a6edb66"}]},"elements":[],"isInner":false,"widgetType":"heading","elType":"widget"},{"id":"78757e67","settings":{"title":"Sagittis fames convallis aptent risus himenaeos feugiat taciti dictumst class cras.","__globals__":{"typography_typography":"globals\/typography?id=text","title_color":"globals\/colors?id=text"},"header_size":"p","title_color":"#FFFFFF","jedv_conditions":[{"_id":"37f4b7f"}]},"elements":[],"isInner":false,"widgetType":"heading","elType":"widget"},{"id":"46da75a1","settings":{"text":"Discover More","border_radius":{"unit":"px","top":"0","right":"0","bottom":"0","left":"0","isLinked":false},"text_padding":{"unit":"em","top":"0.7","right":"1","bottom":"0.7","left":"1","isLinked":false},"text_padding_tablet":{"unit":"em","top":"","right":"","bottom":"","left":"","isLinked":true},"text_padding_mobile":{"unit":"em","top":"","right":"","bottom":"","left":"","isLinked":true},"_margin":{"unit":"em","top":"","right":"","bottom":"","left":"","isLinked":true},"_margin_tablet":{"unit":"em","top":"","right":"","bottom":"","left":"","isLinked":true},"_margin_mobile":{"unit":"em","top":"","right":"","bottom":"","left":"","isLinked":true},"__globals__":{"background_color":"globals\/colors?id=accent","button_background_hover_color":"globals\/colors?id=eb3d4e3"},"align":"justify","jedv_conditions":[{"_id":"bf90d25"}]},"elements":[],"isInner":false,"widgetType":"button","elType":"widget"}],"isInner":true,"elType":"container"}],"isInner":true,"elType":"container"}],"isInner":false,"elType":"container"},{"id":"39c298a5","settings":{"flex_direction":"row","flex_align_items":"center","padding":{"unit":"em","top":"0","right":"8","bottom":"0","left":"8","isLinked":false},"padding_tablet":{"unit":"em","top":"","right":"","bottom":"","left":"","isLinked":true},"padding_mobile":{"unit":"em","top":"0","right":"1","bottom":"3","left":"1","isLinked":false},"jedv_conditions":[{"_id":"37f8a8d"}]},"elements":[{"id":"2d115a84","settings":{"content_width":"full","flex_direction":"row","flex_align_items":"center","border_border":"solid","border_width":{"unit":"px","top":"1","right":"0","bottom":"0","left":"0","isLinked":false},"padding":{"unit":"em","top":"2.4","right":"0","bottom":"2.4","left":"0","isLinked":false},"padding_tablet":{"unit":"em","top":"","right":"","bottom":"","left":"","isLinked":true},"padding_mobile":{"unit":"em","top":"","right":"","bottom":"","left":"","isLinked":true},"__globals__":{"border_color":"globals\/colors?id=829f2c7"},"jedv_conditions":[{"_id":"798debc"}]},"elements":[{"id":"3c08c58c","settings":{"title":"Our Partners :","align":"center","title_color":"#FFFFFF","typography_typography":"custom","typography_font_family":"Raleway","typography_font_size":{"unit":"em","size":1.4,"sizes":[]},"typography_font_size_tablet":{"unit":"rem","size":"","sizes":[]},"typography_font_size_mobile":{"unit":"rem","size":"","sizes":[]},"typography_font_weight":"700","typography_line_height":{"unit":"em","size":1.3,"sizes":[]},"_flex_size":"grow","__globals__":{"typography_typography":"","title_color":"globals\/colors?id=text"},"jedv_conditions":[{"_id":"bd4eb83"}]},"elements":[],"isInner":false,"widgetType":"heading","elType":"widget"},{"id":"1ca5ea2f","settings":{"slides":[{"image":{"url":"https:\/\/southernelitemtg.com\/wp-content\/uploads\/2024\/07\/Brand-3-1.png","id":886,"alt":"","source":"library","size":""},"_id":"986e869"},{"image":{"url":"https:\/\/southernelitemtg.com\/wp-content\/uploads\/2024\/07\/Brand-4-1.png","id":889,"alt":"","source":"library","size":""},"_id":"dc9a25b"},{"image":{"url":"https:\/\/southernelitemtg.com\/wp-content\/uploads\/2024\/07\/Brand-5-1.png","id":887,"alt":"","source":"library","size":""},"_id":"ec2e8f5"},{"image":{"url":"https:\/\/southernelitemtg.com\/wp-content\/uploads\/2024\/07\/Brand-1-1.png","id":890,"alt":"","source":"library","size":""},"_id":"fc5e1d9"},{"image":{"url":"https:\/\/southernelitemtg.com\/wp-content\/uploads\/2024\/07\/Brand-5-1.png","id":887,"alt":"","source":"library","size":""},"_id":"0c3e8fa"}],"slides_per_view":"4","slides_to_scroll":"1","height":{"unit":"em","size":2.5,"sizes":[]},"height_tablet":{"unit":"em","size":"","sizes":[]},"height_mobile":{"unit":"em","size":"","sizes":[]},"show_arrows":"","pagination":"","image_fit":"contain","slides_per_view_mobile":"2","slides_to_scroll_mobile":"2","jedv_conditions":[{"_id":"25649cf"}]},"elements":[],"isInner":false,"widgetType":"media-carousel","elType":"widget"}],"isInner":true,"elType":"container"}],"isInner":false,"elType":"container"}],"settings":{"preview_type":"single\/services"},"metadata":[]}