{"content":[{"id":"378c9e43","settings":{"flex_direction":"row","flex_gap":{"unit":"em","size":0,"column":"0","row":"0","isLinked":false},"padding":{"unit":"em","top":"2","right":"8","bottom":"2","left":"8","isLinked":false},"padding_tablet":{"unit":"em","top":"","right":"","bottom":"","left":"","isLinked":true},"padding_mobile":{"unit":"em","top":"3","right":"1","bottom":"2","left":"1","isLinked":false},"flex_gap_tablet":{"column":"","row":"","isLinked":true,"unit":"em","size":null},"flex_gap_mobile":{"column":"2","row":"2","isLinked":true,"unit":"em","size":2},"background_background":"classic","__globals__":{"background_color":"globals\/colors?id=c405ede"},"jedv_conditions":[{"_id":"cad75ff"}]},"elements":[{"id":"1952329","settings":{"flex_direction":"column","content_width":"full","width":{"unit":"%","size":30},"padding":{"unit":"em","top":"1.5","right":"1","bottom":"0","left":"0","isLinked":false},"padding_tablet":{"unit":"em","top":"","right":"","bottom":"","left":"","isLinked":true},"padding_mobile":{"unit":"em","top":"0","right":"0","bottom":"0","left":"0","isLinked":false},"_flex_align_self":"flex-start","flex_align_items_mobile":"center","jedv_conditions":[{"_id":"15784f4"}]},"elements":[{"id":"2a42b11","settings":{"image":{"url":"https:\/\/southernelitemtg.com\/wp-content\/uploads\/2023\/07\/equal-housing-opportunity-transparent.png","id":1296,"size":"","alt":"","source":"library"},"image_size":"full","width":{"unit":"%","size":100,"sizes":[]},"_element_width":"initial","_element_custom_width":{"unit":"em","size":4,"sizes":[]},"_element_custom_width_tablet":{"unit":"em","size":"","sizes":[]},"_element_custom_width_mobile":{"unit":"em","size":"","sizes":[]},"align":"left","jedv_conditions":[{"_id":"a547958"}]},"elements":[],"isInner":false,"widgetType":"image","elType":"widget"},{"id":"3b6f2713","settings":{"title":"Southern Elite Mortgage LLC, NMLS# 2581600 (www.nmlsconsumeraccess.org). Southern Elite\nMortgage LLC is licensed in Virginia as a mortgage broker under license number MC-7881. This is\nnot an offer for the extension of credit or a commitment to lend. Some restrictions apply. Not all\napplicants will qualify for financing. Southern Elite Mortgage LLC is an equal housing opportunity\nmortgage broker.","header_size":"p","__globals__":{"title_color":"globals\/colors?id=text","typography_typography":"globals\/typography?id=text"},"_margin":{"unit":"em","top":"0","right":"0","bottom":"1","left":"0","isLinked":false},"_margin_tablet":{"unit":"em","top":"","right":"","bottom":"","left":"","isLinked":true},"_margin_mobile":{"unit":"em","top":"","right":"","bottom":"","left":"","isLinked":true},"align_mobile":"center","jedv_conditions":[{"_id":"427853a"}]},"elements":[],"isInner":false,"widgetType":"heading","elType":"widget"},{"id":"6a6389b9","settings":{"selected_icon":{"value":"fas fa-headphones-alt","library":"fa-solid"},"view":"stacked","title_text":"Call Anytime","description_text":"804-293-2425","link":{"url":"tel:888 4000-234","is_external":"","nofollow":"","custom_attributes":""},"title_size":"span","position":"left","content_vertical_alignment":"middle","icon_space":{"unit":"em","size":0.5,"sizes":[]},"icon_space_tablet":{"unit":"em","size":"","sizes":[]},"icon_space_mobile":{"unit":"em","size":"","sizes":[]},"title_bottom_space":{"unit":"px","size":0,"sizes":[]},"primary_color":"#347A82","secondary_color":"#FFFFFF","icon_size":{"unit":"em","size":1,"sizes":[]},"icon_size_tablet":{"unit":"em","size":"","sizes":[]},"icon_size_mobile":{"unit":"em","size":"","sizes":[]},"icon_padding":{"unit":"rem","size":0.7,"sizes":[]},"icon_padding_tablet":{"unit":"rem","size":"","sizes":[]},"icon_padding_mobile":{"unit":"rem","size":"","sizes":[]},"title_typography_typography":"custom","title_typography_font_family":"Inter","title_typography_font_size":{"unit":"rem","size":0.85,"sizes":[]},"title_typography_font_size_tablet":{"unit":"rem","size":"","sizes":[]},"title_typography_font_size_mobile":{"unit":"rem","size":"","sizes":[]},"title_typography_font_weight":"600","title_typography_line_height":{"unit":"em","size":1.4,"sizes":[]},"description_typography_font_family":"Raleway","description_typography_font_size":{"unit":"em","size":1.2,"sizes":[]},"description_typography_font_weight":"700","description_typography_line_height":{"unit":"em","size":1.2,"sizes":[]},"__globals__":{"primary_color":"globals\/colors?id=secondary","secondary_color":"globals\/colors?id=1c15ecc","title_typography_typography":"","description_typography_typography":"","description_color":"globals\/colors?id=secondary"},"description_typography_typography":"custom","description_typography_letter_spacing":{"unit":"em","size":-0.02,"sizes":[]},"jedv_conditions":[{"_id":"f304c62"}]},"elements":[],"isInner":false,"widgetType":"icon-box","elType":"widget"}],"isInner":true,"elType":"container"},{"id":"42ded7e3","settings":{"flex_direction":"column","content_width":"full","width":{"unit":"%","size":20},"padding":{"unit":"em","top":"1.5","right":"1","bottom":"1.5","left":"1.5","isLinked":false},"padding_tablet":{"unit":"em","top":"","right":"","bottom":"","left":"","isLinked":true},"padding_mobile":{"unit":"em","top":"0","right":"0","bottom":"0","left":"0","isLinked":false},"jedv_conditions":[{"_id":"2bb32b3"}]},"elements":[{"id":"12d09d7b","settings":{"title":"Loan Types","__globals__":{"typography_typography":"globals\/typography?id=secondary","title_color":"globals\/colors?id=primary"},"title_color":"#232323","header_size":"h4","jedv_conditions":[{"_id":"b5fb94a"}]},"elements":[],"isInner":false,"widgetType":"heading","elType":"widget"},{"id":"3e74f2e8","settings":{"menu":"loan-types","layout":"vertical","align_items":"start","pointer":"none","dropdown":"none","padding_horizontal_menu_item":{"unit":"px","size":0,"sizes":[]},"padding_vertical_menu_item":{"unit":"rem","size":0.2,"sizes":[]},"padding_vertical_menu_item_tablet":{"unit":"em","size":"","sizes":[]},"padding_vertical_menu_item_mobile":{"unit":"em","size":"","sizes":[]},"menu_space_between":{"unit":"rem","size":0.2,"sizes":[]},"menu_space_between_tablet":{"unit":"rem","size":"","sizes":[]},"menu_space_between_mobile":{"unit":"rem","size":"","sizes":[]},"custom_css":"selector .menu-item {\n    border-bottom: 1px solid #D2DEE6;\n}","__globals__":{"menu_typography_typography":"globals\/typography?id=text","color_menu_item":"globals\/colors?id=text","color_menu_item_hover":"globals\/colors?id=secondary","color_menu_item_active":"globals\/colors?id=secondary"},"menu_name":"Menu","jedv_conditions":[{"_id":"0042754"}],"menu_id":12},"elements":[],"isInner":false,"widgetType":"nav-menu","elType":"widget"}],"isInner":true,"elType":"container"},{"id":"5689f47b","settings":{"flex_direction":"column","content_width":"full","width":{"unit":"%","size":20},"padding":{"unit":"em","top":"1.5","right":"1.5","bottom":"1.5","left":"1","isLinked":false},"padding_tablet":{"unit":"em","top":"","right":"","bottom":"","left":"","isLinked":true},"padding_mobile":{"unit":"em","top":"0","right":"0","bottom":"0","left":"0","isLinked":false},"jedv_conditions":[{"_id":"3b326de"}]},"elements":[{"id":"2eb78121","settings":{"title":"Support","__globals__":{"typography_typography":"globals\/typography?id=secondary","title_color":"globals\/colors?id=primary"},"title_color":"#232323","header_size":"h4","jedv_conditions":[{"_id":"c610e3d"}]},"elements":[],"isInner":false,"widgetType":"heading","elType":"widget"},{"id":"22d0fb32","settings":{"menu":"footer-menu","layout":"vertical","align_items":"start","pointer":"none","dropdown":"none","padding_horizontal_menu_item":{"unit":"px","size":0,"sizes":[]},"padding_vertical_menu_item":{"unit":"rem","size":0.2,"sizes":[]},"padding_vertical_menu_item_tablet":{"unit":"em","size":"","sizes":[]},"padding_vertical_menu_item_mobile":{"unit":"em","size":"","sizes":[]},"menu_space_between":{"unit":"rem","size":0.2,"sizes":[]},"menu_space_between_tablet":{"unit":"rem","size":"","sizes":[]},"menu_space_between_mobile":{"unit":"rem","size":"","sizes":[]},"custom_css":"selector .menu-item {\n    border-bottom: 1px solid #D2DEE6;\n}","__globals__":{"menu_typography_typography":"globals\/typography?id=text","color_menu_item":"globals\/colors?id=text","color_menu_item_hover":"globals\/colors?id=secondary","color_menu_item_active":"globals\/colors?id=secondary"},"menu_name":"Menu","jedv_conditions":[{"_id":"0b549bc"}],"menu_id":6},"elements":[],"isInner":false,"widgetType":"nav-menu","elType":"widget"}],"isInner":true,"elType":"container"},{"id":"204e03ad","settings":{"flex_direction":"column","content_width":"full","width":{"unit":"%","size":30},"border_border":"double","border_width":{"unit":"px","top":"4","right":"4","bottom":"4","left":"4","isLinked":true},"padding":{"unit":"em","top":"1.5","right":"1.5","bottom":"1.5","left":"1.5","isLinked":false},"padding_tablet":{"unit":"em","top":"","right":"","bottom":"","left":"","isLinked":true},"padding_mobile":{"unit":"em","top":"","right":"","bottom":"","left":"","isLinked":true},"__globals__":{"border_color":"globals\/colors?id=829f2c7"},"_flex_align_self":"flex-start","jedv_conditions":[{"_id":"8faf265"}]},"elements":[{"id":"33174644","settings":{"title":"Get in Touch","__globals__":{"typography_typography":"globals\/typography?id=secondary","title_color":"globals\/colors?id=primary"},"title_color":"#232323","header_size":"h4","jedv_conditions":[{"_id":"3feff21"}]},"elements":[],"isInner":false,"widgetType":"heading","elType":"widget"},{"id":"141f8162","settings":{"icon_list":[{"text":"4198 Cox Road, Suite 114 A<br> Glen Allen, VA 23060","selected_icon":{"value":"fas fa-map-pin","library":"fa-solid"},"_id":"04c87c7"},{"text":"804-293-2425","selected_icon":{"value":"fas fa-phone-alt","library":"fa-solid"},"_id":"eb89cfd","link":{"url":"tel:804-293-2425","is_external":"","nofollow":"","custom_attributes":""}},{"text":"Contactus@southernelitemtg.com","selected_icon":{"value":"fas fa-envelope","library":"fa-solid"},"_id":"9086a09","link":{"url":"mailto:contactus@southernelitemtg.com","is_external":"","nofollow":"","custom_attributes":""}}],"space_between":{"unit":"em","size":0.5,"sizes":[]},"space_between_tablet":{"unit":"em","size":"","sizes":[]},"space_between_mobile":{"unit":"em","size":"","sizes":[]},"icon_size":{"unit":"em","size":1,"sizes":[]},"icon_size_tablet":{"unit":"em","size":"","sizes":[]},"icon_size_mobile":{"unit":"em","size":"","sizes":[]},"text_indent":{"unit":"px","size":0,"sizes":[]},"icon_self_vertical_align":"center","icon_vertical_offset":{"unit":"rem","size":"","sizes":[]},"icon_vertical_offset_tablet":{"unit":"em","size":"","sizes":[]},"icon_vertical_offset_mobile":{"unit":"em","size":"","sizes":[]},"__globals__":{"icon_color":"globals\/colors?id=secondary","text_color":"globals\/colors?id=text","icon_typography_typography":"globals\/typography?id=text"},"jedv_conditions":[{"_id":"19ec683"}]},"elements":[],"isInner":false,"widgetType":"icon-list","elType":"widget"},{"id":"415d4c7e","settings":{"social_icon_list":[{"social_icon":{"value":"fab fa-facebook","library":"fa-brands"},"_id":"2b91242"},{"social_icon":{"value":"fab fa-twitter","library":"fa-brands"},"_id":"77554a7"},{"social_icon":{"value":"fab fa-youtube","library":"fa-brands"},"_id":"b62fd9d"},{"_id":"b714c0c","social_icon":{"value":"fab fa-pinterest","library":"fa-brands"}}],"shape":"circle","align":"","icon_color":"custom","icon_primary_color":"#FFFFFF00","icon_size":{"unit":"rem","size":0.7,"sizes":[]},"icon_size_tablet":{"unit":"rem","size":"","sizes":[]},"icon_size_mobile":{"unit":"rem","size":"","sizes":[]},"icon_padding":{"unit":"rem","size":0.5,"sizes":[]},"icon_padding_tablet":{"unit":"rem","size":"","sizes":[]},"icon_padding_mobile":{"unit":"rem","size":"","sizes":[]},"icon_spacing":{"unit":"rem","size":0.4,"sizes":[]},"icon_spacing_tablet":{"unit":"rem","size":"","sizes":[]},"icon_spacing_mobile":{"unit":"rem","size":"","sizes":[]},"image_border_border":"solid","image_border_width":{"unit":"px","top":"1","right":"1","bottom":"1","left":"1","isLinked":true},"image_border_color":"#347A82","hover_primary_color":"#347A82","__globals__":{"image_border_color":"globals\/colors?id=secondary","hover_primary_color":"globals\/colors?id=secondary","icon_primary_color":"","icon_secondary_color":"globals\/colors?id=secondary","hover_secondary_color":"globals\/colors?id=1c15ecc"},"jedv_conditions":[{"_id":"b888253"}]},"elements":[],"isInner":false,"widgetType":"social-icons","elType":"widget"}],"isInner":true,"elType":"container"}],"isInner":false,"elType":"container"},{"id":"1e792b2c","settings":{"flex_direction":"row","flex_justify_content":"space-between","background_background":"classic","padding":{"unit":"em","top":"0.5","right":"8","bottom":"0.5","left":"8","isLinked":false},"padding_tablet":{"unit":"em","top":"","right":"","bottom":"","left":"","isLinked":true},"padding_mobile":{"unit":"em","top":"1","right":"1","bottom":"1","left":"1","isLinked":false},"__globals__":{"background_color":"globals\/colors?id=text"},"flex_justify_content_mobile":"center","flex_align_items_mobile":"center","flex_gap_mobile":{"column":"0.7","row":"0.7","isLinked":true,"unit":"em","size":0},"jedv_conditions":[{"_id":"44084de"}]},"elements":[{"id":"56889757","settings":{"title":"Add Your Heading Text Here","header_size":"span","typography_typography":"custom","typography_font_family":"Inter","typography_font_size":{"unit":"em","size":0.7,"sizes":[]},"typography_font_size_tablet":{"unit":"rem","size":"","sizes":[]},"typography_font_size_mobile":{"unit":"rem","size":"","sizes":[]},"typography_font_weight":"400","typography_line_height":{"unit":"em","size":1.4,"sizes":[]},"__dynamic__":{"title":"[elementor-tag id=\"ade7f37\" name=\"current-date-time\" settings=\"%7B%22date_format%22%3A%22custom%22%2C%22custom_format%22%3A%22Y%22%2C%22before%22%3A%22Copyright%20%C2%A9%20%22%2C%22after%22%3A%22%20southernelitemortgage.%20Design%20by%20%3Ca%20%20%20href%3D%5C%22https%3A%2F%2Fmediapantheon.com%2F%5C%22%20%20%20rel%3D%5C%22nofollow%5C%22%20%20%20target%3D%5C%22_blank%5C%22%20%20%20style%3D%5C%22text-decoration%3A%20none%3B%20color%3A%20%23ECBB59%5C%22%20%20%20%3EMedia%20Pantheon%2C%20Inc.%3C%2Fa%20%3E%22%7D\"]"},"__globals__":{"typography_typography":"","title_color":"globals\/colors?id=1c15ecc"},"align_mobile":"center","jedv_conditions":[{"_id":"4582460"}]},"elements":[],"isInner":false,"widgetType":"heading","elType":"widget"},{"id":"4bc7120f","settings":{"menu":"legal-pages","pointer":"none","dropdown":"none","menu_typography_typography":"custom","menu_typography_font_family":"Inter","menu_typography_font_size":{"unit":"em","size":0.7,"sizes":[]},"menu_typography_font_size_tablet":{"unit":"rem","size":"","sizes":[]},"menu_typography_font_size_mobile":{"unit":"rem","size":"","sizes":[]},"menu_typography_font_weight":"400","menu_typography_line_height":{"unit":"em","size":1.4,"sizes":[]},"color_menu_item":"#FFFFFF","color_menu_item_hover":"#ECBB59","color_menu_item_active":"#ECBB59","nav_menu_divider":"yes","nav_menu_divider_weight":{"unit":"px","size":1,"sizes":[]},"nav_menu_divider_height":{"unit":"%","size":60,"sizes":[]},"nav_menu_divider_color":"#ECBB59","padding_horizontal_menu_item":{"unit":"px","size":0,"sizes":[]},"padding_vertical_menu_item":{"unit":"px","size":0,"sizes":[]},"menu_space_between":{"unit":"rem","size":1,"sizes":[]},"menu_space_between_tablet":{"unit":"rem","size":"","sizes":[]},"menu_space_between_mobile":{"unit":"rem","size":"","sizes":[]},"_margin":{"unit":"em","top":"0.2","right":"0","bottom":"0","left":"0","isLinked":false},"_margin_tablet":{"unit":"em","top":"","right":"","bottom":"","left":"","isLinked":true},"_margin_mobile":{"unit":"em","top":"","right":"","bottom":"","left":"","isLinked":true},"_padding":{"unit":"em","top":"","right":"","bottom":"","left":"","isLinked":true},"_padding_tablet":{"unit":"em","top":"","right":"","bottom":"","left":"","isLinked":true},"_padding_mobile":{"unit":"em","top":"","right":"","bottom":"","left":"","isLinked":true},"__globals__":{"nav_menu_divider_color":"globals\/colors?id=eb3d4e3","menu_typography_typography":"","color_menu_item":"globals\/colors?id=1c15ecc","color_menu_item_hover":"globals\/colors?id=eb3d4e3","color_menu_item_active":"globals\/colors?id=eb3d4e3"},"menu_name":"Menu","_flex_order_mobile":"start","jedv_conditions":[{"_id":"f5c95cf"}],"menu_id":8},"elements":[],"isInner":false,"widgetType":"nav-menu","elType":"widget"}],"isInner":false,"elType":"container"}],"settings":[],"metadata":[]}