{"content":[{"id":"977e13","settings":{"height":"min-height","custom_height":{"unit":"vh","size":100,"sizes":[]},"custom_height_tablet":{"unit":"vh","size":"","sizes":[]},"custom_height_mobile":{"unit":"vh","size":"","sizes":[]},"background_background":"classic","background_color":"#000000"},"elements":[{"id":"66a0803d","settings":{"_column_size":100,"_inline_size":null},"elements":[{"id":"6ca7c790","settings":{"title":"Coming Soon","align":"center","title_color":"#FFFFFF","typography_typography":"custom","typography_font_family":"Roboto","typography_font_size":{"unit":"px","size":74,"sizes":[]},"typography_font_size_mobile":{"unit":"px","size":42,"sizes":[]},"typography_font_weight":"600"},"elements":[],"isInner":false,"widgetType":"heading","elType":"widget"}],"isInner":false,"elType":"column"}],"isInner":false,"elType":"section"}],"settings":[],"metadata":[]}