{"content":[{"id":"11b2ad26","settings":{"flex_direction":"column","min_height":{"unit":"em","size":26,"sizes":[]},"min_height_tablet":{"unit":"em","size":"","sizes":[]},"min_height_mobile":{"unit":"em","size":"","sizes":[]},"flex_justify_content":"flex-end","flex_align_items":"center","background_background":"classic","background_image":{"url":"https:\/\/southernelitemtg.com\/wp-content\/uploads\/2024\/07\/call-center-operator-using-laptop-e1695090411259.jpg","id":397,"size":"","alt":"","source":"library"},"background_position":"center center","background_repeat":"no-repeat","background_size":"cover","background_overlay_background":"classic","padding":{"unit":"em","top":"3","right":"8","bottom":"3","left":"8","isLinked":false},"padding_tablet":{"unit":"em","top":"","right":"","bottom":"","left":"","isLinked":true},"padding_mobile":{"unit":"em","top":"2","right":"1","bottom":"2","left":"1","isLinked":false},"__globals__":{"background_overlay_color":"globals\/colors?id=5590b3c"},"__dynamic__":{"background_image":"[elementor-tag id=\"743852f\" name=\"jet-post-custom-image\" settings=\"%7B%22img_field%22%3A%22hero_backgound%22%7D\"]"},"jedv_conditions":[{"_id":"aa75860"}]},"elements":[{"id":"103eacf9","settings":{"content_width":"full","width":{"unit":"em","size":"","sizes":[]},"width_tablet":{"unit":"em","size":"","sizes":[]},"width_mobile":{"unit":"em","size":"","sizes":[]},"_title":"Content","jedv_conditions":[{"_id":"0aac44b"}]},"elements":[{"id":"132bba61","settings":{"selected_icon":{"value":"fas fa-donate","library":"fa-solid"},"view":"stacked","shape":"square","size":{"unit":"em","size":1.4,"sizes":[]},"size_tablet":{"unit":"em","size":"","sizes":[]},"size_mobile":{"unit":"em","size":"","sizes":[]},"icon_padding":{"unit":"rem","size":1,"sizes":[]},"__globals__":{"primary_color":"globals\/colors?id=eb3d4e3","secondary_color":"globals\/colors?id=text"},"align":"","jedv_conditions":[{"_id":"23db154"}]},"elements":[],"isInner":false,"widgetType":"icon","elType":"widget"},{"id":"21d96b9f","settings":{"title":"Mortgage Refinancing","__globals__":{"typography_typography":"globals\/typography?id=primary","title_color":"globals\/colors?id=1c15ecc"},"__dynamic__":{"title":"[elementor-tag id=\"7d0479a\" name=\"jet-post-custom-field\" settings=\"%7B%22meta_field%22%3A%22hero_title%22%7D\"]"},"jedv_conditions":[{"_id":"752bb25"}]},"elements":[],"isInner":false,"widgetType":"heading","elType":"widget"},{"id":"410c212c","settings":{"title":"Dapibus consectetur ipsum tortor iaculis pulvinar vivamus nec donec. Fringilla consectetur turpis efficitur nisl quisque duis eleifend elementum.","__globals__":{"typography_typography":"","title_color":"globals\/colors?id=1c15ecc"},"header_size":"p","title_color":"#FFFFFF","typography_typography":"custom","typography_font_family":"Inter","typography_font_size":{"unit":"em","size":0.85,"sizes":[]},"typography_font_weight":"500","typography_line_height":{"unit":"em","size":1.4,"sizes":[]},"_element_width":"initial","_element_custom_width":{"unit":"em","size":30,"sizes":[]},"_element_custom_width_tablet":{"unit":"em","size":"","sizes":[]},"_element_custom_width_mobile":{"unit":"em","size":"","sizes":[]},"__dynamic__":{"link":"[elementor-tag id=\"77d3243\" name=\"jet-post-custom-field\" settings=\"%7B%22meta_field%22%3A%22hero_description%22%7D\"]"},"jedv_conditions":[{"_id":"5be50a1"}]},"elements":[],"isInner":false,"widgetType":"heading","elType":"widget"},{"id":"6d0a0847","settings":{"text":"Divider","color":"#D2DEE64D","gap":{"unit":"px","size":0,"sizes":[]},"__globals__":{"color":""},"jedv_conditions":[{"_id":"f730f5b"}]},"elements":[],"isInner":false,"widgetType":"divider","elType":"widget"},{"id":"6374ad43","settings":{"icon_list":[{"text":"Home&nbsp;  \/  &nbsp;Services","selected_icon":{"value":"fas fa-home","library":"fa-solid"},"_id":"c301ff4"},{"_id":"b25d633","text":"List Item","selected_icon":{"value":"","library":""},"__dynamic__":{"text":"[elementor-tag id=\"ce0623f\" name=\"post-title\" settings=\"%7B%22before%22%3A%22%26nbsp%3B%26nbsp%3B%2F%20%26nbsp%3B%22%7D\"]"}}],"icon_align":"right","icon_size":{"unit":"em","size":0.8,"sizes":[]},"icon_size_tablet":{"unit":"em","size":"","sizes":[]},"icon_size_mobile":{"unit":"em","size":"","sizes":[]},"__globals__":{"icon_color":"globals\/colors?id=1c15ecc","icon_typography_typography":"globals\/typography?id=text","text_color":"globals\/colors?id=1c15ecc"},"view":"inline","space_between":{"unit":"px","size":0,"sizes":[]},"jedv_conditions":[{"_id":"a62d541"}]},"elements":[],"isInner":false,"widgetType":"icon-list","elType":"widget"}],"isInner":true,"elType":"container"}],"isInner":false,"elType":"container"},{"id":"3c222e39","settings":{"flex_direction":"row","flex_gap":{"unit":"px","size":0,"column":"0","row":"0"},"padding":{"unit":"em","top":"4","right":"8","bottom":"4","left":"8","isLinked":false},"padding_tablet":{"unit":"em","top":"","right":"","bottom":"","left":"","isLinked":true},"padding_mobile":{"unit":"em","top":"3","right":"1","bottom":"3","left":"1","isLinked":false},"flex_gap_mobile":{"column":"2","row":"2","isLinked":true,"unit":"em","size":2},"jedv_conditions":[{"_id":"b1aea79"}]},"elements":[{"id":"2f118c9e","settings":{"flex_direction":"column","content_width":"full","width":{"unit":"%","size":70},"flex_gap":{"column":"","row":"","isLinked":true,"unit":"em","size":null},"flex_gap_tablet":{"column":"","row":"","isLinked":true,"unit":"em","size":null},"flex_gap_mobile":{"column":"","row":"","isLinked":true,"unit":"em","size":null},"padding":{"unit":"em","top":"0","right":"4","bottom":"0","left":"0","isLinked":false},"padding_tablet":{"unit":"em","top":"","right":"","bottom":"","left":"","isLinked":true},"padding_mobile":{"unit":"em","top":"0","right":"0","bottom":"0","left":"0","isLinked":false},"jedv_conditions":[{"_id":"dca2505"}]},"elements":[{"id":"5d082f81","settings":{"title":"Description","__globals__":{"typography_typography":"globals\/typography?id=secondary","title_color":"globals\/colors?id=primary"},"__dynamic__":{"title":"[elementor-tag id=\"1f2b1b6\" name=\"jet-post-custom-field\" settings=\"%7B%22meta_field%22%3A%22section2_title%22%7D\"]"},"jedv_conditions":[{"_id":"8801d05"}]},"elements":[],"isInner":false,"widgetType":"heading","elType":"widget"},{"id":"808fb65","settings":{"content_width":"full","__dynamic__":{"editor":"[elementor-tag id=\"3928fca\" name=\"jet-post-custom-field\" settings=\"%7B%22meta_field%22%3A%22section2_description%22%7D\"]"},"jedv_conditions":[{"_id":"2a06ee1"}]},"elements":[],"isInner":false,"widgetType":"text-editor","elType":"widget"},{"id":"5a7b5d3c","settings":{"content_width":"full","flex_direction":"row","flex_gap":{"column":"1.5","row":"1.5","isLinked":true,"unit":"em","size":1},"flex_gap_tablet":{"column":"","row":"","isLinked":true,"unit":"em","size":null},"flex_gap_mobile":{"column":"","row":"","isLinked":true,"unit":"em","size":null},"jedv_conditions":[{"_id":"030da57"}]},"elements":[{"id":"35168e60","settings":{"jedv_conditions":[{"_id":"d54e37d"}]},"elements":[{"id":"3e8d5d6c","settings":{"content_width":"full","thumbnail_size":"full","slides_to_show":"1","navigation":"arrows","arrows_size":{"unit":"em","size":1,"sizes":[]},"arrows_size_tablet":{"unit":"em","size":"","sizes":[]},"arrows_size_mobile":{"unit":"em","size":"","sizes":[]},"__dynamic__":{"carousel":"[elementor-tag id=\"1b1be13\" name=\"jet-post-custom-gallery\" settings=\"%7B%22gallery_field%22%3A%22gallery_images%22%7D\"]"},"jedv_conditions":[{"_id":"17b94b6"}]},"elements":[],"isInner":false,"widgetType":"image-carousel","elType":"widget"}],"isInner":true,"elType":"container"},{"id":"3842c53a","settings":{"jedv_conditions":[{"_id":"2fc478a"}]},"elements":[{"id":"5e9dc461","settings":{"title":"Bridge Loans","__globals__":{"typography_typography":"globals\/typography?id=cd3e740"},"header_size":"p","__dynamic__":{"title":"[elementor-tag id=\"a9864b2\" name=\"jet-post-custom-field\" settings=\"%7B%22meta_field%22%3A%22gallery_title%22%7D\"]"},"jedv_conditions":[{"_id":"e427ce4"}]},"elements":[],"isInner":false,"widgetType":"heading","elType":"widget"},{"id":"2785c3cc","settings":{"title":"Pharetra ultricies sociosqu bibendum lectus ante nunc iaculis. Velit vitae quisque ultrices nullam laoreet fermentum.","__globals__":{"typography_typography":"globals\/typography?id=text","title_color":"globals\/colors?id=text"},"header_size":"p","title_color":"#FFFFFF","__dynamic__":{"title":"[elementor-tag id=\"565d774\" name=\"jet-post-custom-field\" settings=\"%7B%22meta_field%22%3A%22gallery_description%22%7D\"]"},"jedv_conditions":[{"_id":"8ec3837"}]},"elements":[],"isInner":false,"widgetType":"heading","elType":"widget"},{"id":"81408ea","settings":{"content_width":"full","jedv_conditions":[{"_id":"94749de"}]},"elements":[{"id":"7e62585d","settings":{"content_width":"full","lisitng_id":"1571","columns":"1","not_found_message":"No data was found","posts_query":[],"terms_meta_query":[],"users_meta_query":[],"horizontal_gap":{"unit":"px","size":0,"sizes":[]},"vertical_gap":{"unit":"px","size":0,"sizes":[]},"custom_css":"selector .jet-listing-dynamic-field__icon {\n    font-size: .8rem;\n}","jedv_conditions":[{"_id":"e81de10"}]},"elements":[],"isInner":false,"widgetType":"jet-listing-grid","elType":"widget"}],"isInner":true,"elType":"container"}],"isInner":true,"elType":"container"}],"isInner":true,"elType":"container"},{"id":"77d671e3","settings":{"title":"Overview :","__globals__":{"typography_typography":"globals\/typography?id=secondary","title_color":"globals\/colors?id=primary"},"_margin":{"unit":"em","top":"0.5","right":"0","bottom":"0","left":"0","isLinked":false},"_margin_tablet":{"unit":"em","top":"","right":"","bottom":"","left":"","isLinked":true},"_margin_mobile":{"unit":"em","top":"","right":"","bottom":"","left":"","isLinked":true},"__dynamic__":{"title":"[elementor-tag id=\"917a0db\" name=\"jet-post-custom-field\" settings=\"%7B%22meta_field%22%3A%22section_last_title%22%7D\"]"},"jedv_conditions":[{"_id":"394ef42"}]},"elements":[],"isInner":false,"widgetType":"heading","elType":"widget"},{"id":"5529a897","settings":{"__dynamic__":{"editor":"[elementor-tag id=\"2dd5e50\" name=\"jet-post-custom-field\" settings=\"%7B%22meta_field%22%3A%22section_last_description%22%7D\"]"},"jedv_conditions":[{"_id":"cee32de"}]},"elements":[],"isInner":false,"widgetType":"text-editor","elType":"widget"}],"isInner":true,"elType":"container"},{"id":"4f2d3240","settings":{"flex_direction":"column","content_width":"full","width":{"unit":"%","size":30},"padding":{"unit":"em","top":"","right":"","bottom":"","left":"","isLinked":true},"padding_tablet":{"unit":"em","top":"","right":"","bottom":"","left":"","isLinked":true},"padding_mobile":{"unit":"em","top":"","right":"","bottom":"","left":"","isLinked":true},"flex_gap":{"column":"1.5","row":"1.5","isLinked":true,"unit":"em","size":1},"flex_gap_tablet":{"column":"","row":"","isLinked":true,"unit":"em","size":null},"flex_gap_mobile":{"column":"","row":"","isLinked":true,"unit":"em","size":null},"jedv_conditions":[{"_id":"236784a"}]},"elements":[{"id":"37732f4c","settings":{"content_width":"full","background_background":"classic","border_width":{"unit":"px","top":"5","right":"0","bottom":"0","left":"0","isLinked":false},"box_shadow_box_shadow":{"horizontal":0,"vertical":0,"blur":20,"spread":-10,"color":"rgba(0,0,0,0.5)"},"padding":{"unit":"em","top":"","right":"","bottom":"","left":"","isLinked":true},"padding_tablet":{"unit":"em","top":"","right":"","bottom":"","left":"","isLinked":true},"padding_mobile":{"unit":"em","top":"","right":"","bottom":"","left":"","isLinked":true},"__globals__":{"background_color":"globals\/colors?id=c405ede","border_color":"globals\/colors?id=secondary"},"flex_gap":{"column":"0","row":"0","isLinked":false,"unit":"px","size":0},"jedv_conditions":[{"_id":"9d1df23"}]},"elements":[{"id":"1c6aa603","settings":{"content_width":"full","background_background":"classic","border_width":{"unit":"px","top":"5","right":"0","bottom":"0","left":"0","isLinked":false},"box_shadow_box_shadow":{"horizontal":0,"vertical":0,"blur":20,"spread":-10,"color":"rgba(0,0,0,0.5)"},"padding":{"unit":"em","top":"2","right":"1.5","bottom":"1.5","left":"1.5","isLinked":false},"padding_tablet":{"unit":"em","top":"","right":"","bottom":"","left":"","isLinked":true},"padding_mobile":{"unit":"em","top":"","right":"","bottom":"","left":"","isLinked":true},"__globals__":{"background_color":"globals\/colors?id=c405ede","border_color":"globals\/colors?id=secondary"},"jedv_conditions":[{"_id":"8c8dd22"}]},"elements":[{"id":"29eec917","settings":{"title":"Other Services","__globals__":{"typography_typography":"globals\/typography?id=cd3e740"},"_margin":{"unit":"em","top":"0","right":"0","bottom":"0.7","left":"0","isLinked":false},"_margin_tablet":{"unit":"em","top":"","right":"","bottom":"","left":"","isLinked":true},"_margin_mobile":{"unit":"em","top":"","right":"","bottom":"","left":"","isLinked":true},"__dynamic__":{"title":"[elementor-tag id=\"9a37227\" name=\"jet-post-custom-field\" settings=\"%7B%22meta_field%22%3A%22list_title%22%7D\"]"},"jedv_conditions":[{"_id":"ac06477"}]},"elements":[],"isInner":false,"widgetType":"heading","elType":"widget"},{"id":"6ab2f3c6","settings":{"content_width":"full","flex_gap":{"column":"0","row":"0","isLinked":false,"unit":"px","size":0},"jedv_conditions":[{"_id":"9360486"}]},"elements":[{"id":"729336e6","settings":{"content_width":"full","lisitng_id":"1562","columns":"1","posts_num":0,"not_found_message":"No data was found","posts_query":[{"_id":"aa2c92a","type":"posts_params","__dynamic__":{"posts_in":"[elementor-tag id=\"a81655e\" name=\"jet-post-custom-field\" settings=\"%7B%22meta_field%22%3A%22list_items%22%7D\"]"}}],"terms_meta_query":[],"users_meta_query":[],"horizontal_gap":{"unit":"px","size":0,"sizes":[]},"vertical_gap":{"unit":"px","size":0,"sizes":[]},"jedv_conditions":[{"_id":"0ce5f2f"}]},"elements":[],"isInner":false,"widgetType":"jet-listing-grid","elType":"widget"}],"isInner":true,"elType":"container"}],"isInner":true,"elType":"container"},{"id":"28259c9e","settings":{"text":"Learn More  Download Brochure","border_radius":{"unit":"px","top":"0","right":"0","bottom":"0","left":"0","isLinked":false},"text_padding":{"unit":"em","top":"0.7","right":"1.3","bottom":"0.7","left":"1.3","isLinked":false},"text_padding_tablet":{"unit":"em","top":"","right":"","bottom":"","left":"","isLinked":true},"text_padding_mobile":{"unit":"em","top":"","right":"","bottom":"","left":"","isLinked":true},"_margin":{"unit":"em","top":"","right":"","bottom":"","left":"","isLinked":true},"_margin_tablet":{"unit":"em","top":"","right":"","bottom":"","left":"","isLinked":true},"_margin_mobile":{"unit":"em","top":"","right":"","bottom":"","left":"","isLinked":true},"__globals__":{"background_color":"globals\/colors?id=accent","button_background_hover_color":"globals\/colors?id=eb3d4e3","button_text_color":"globals\/colors?id=1c15ecc","hover_color":"globals\/colors?id=5590b3c"},"selected_icon":{"value":"far fa-file-pdf","library":"fa-regular"},"align":"justify","link":{"url":"#","is_external":"on","nofollow":"on","custom_attributes":""},"__dynamic__":{"text":"[elementor-tag id=\"ea92d3d\" name=\"jet-post-custom-field\" settings=\"%7B%22meta_field%22%3A%22list_button_text%22%7D\"]","link":"[elementor-tag id=\"5bc4f8a\" name=\"jet-post-custom-field\" settings=\"%7B%22meta_field%22%3A%22list_button_url%22%7D\"]"},"jedv_conditions":[{"_id":"0f1d002"}]},"elements":[],"isInner":false,"widgetType":"button","elType":"widget"}],"isInner":true,"elType":"container"},{"id":"7169a811","settings":{"flex_direction":"column","content_width":"full","min_height":{"unit":"em","size":"","sizes":[]},"min_height_tablet":{"unit":"em","size":"","sizes":[]},"min_height_mobile":{"unit":"em","size":"","sizes":[]},"flex_justify_content":"center","flex_align_items":"center","background_background":"classic","background_image":{"url":"https:\/\/southernelitemtg.com\/wp-content\/uploads\/2024\/07\/mortgage-for-house-e1695041604977.jpg","id":868,"size":"","alt":"","source":"library"},"background_position":"center center","background_repeat":"no-repeat","background_size":"cover","background_overlay_background":"classic","background_overlay_opacity":{"unit":"px","size":0.6,"sizes":[]},"padding":{"unit":"em","top":"2","right":"1.5","bottom":"2","left":"1.5","isLinked":false},"padding_tablet":{"unit":"em","top":"","right":"","bottom":"","left":"","isLinked":true},"padding_mobile":{"unit":"em","top":"2","right":"1","bottom":"2","left":"1","isLinked":false},"__globals__":{"background_overlay_color":"globals\/colors?id=text"},"jedv_conditions":[{"_id":"5d67bdb"}]},"elements":[{"id":"e063ae3","settings":{"content_width":"full","width":{"unit":"em","size":"","sizes":[]},"width_tablet":{"unit":"em","size":"","sizes":[]},"width_mobile":{"unit":"em","size":"","sizes":[]},"flex_align_items":"center","_title":"Content","flex_gap":{"column":"0.7","row":"0.7","isLinked":true,"unit":"em","size":0},"flex_gap_tablet":{"column":"","row":"","isLinked":true,"unit":"em","size":null},"flex_gap_mobile":{"column":"","row":"","isLinked":true,"unit":"em","size":null},"jedv_conditions":[{"_id":"2f568c2"}]},"elements":[{"id":"4cfd2a26","settings":{"title":"Get mortgages, get better living","__globals__":{"typography_typography":"","title_color":"globals\/colors?id=1c15ecc"},"align":"center","title_color":"#FFFFFF","typography_typography":"custom","typography_font_family":"Raleway","typography_font_size":{"unit":"em","size":1.4,"sizes":[]},"typography_font_size_tablet":{"unit":"rem","size":"","sizes":[]},"typography_font_size_mobile":{"unit":"rem","size":"","sizes":[]},"typography_font_weight":"700","typography_line_height":{"unit":"em","size":1.3,"sizes":[]},"__dynamic__":{"title":"[elementor-tag id=\"cc14e36\" name=\"jet-post-custom-field\" settings=\"%7B%22meta_field%22%3A%22cta_title%22%7D\"]"},"jedv_conditions":[{"_id":"723dffc"}]},"elements":[],"isInner":false,"widgetType":"heading","elType":"widget"},{"id":"230276b4","settings":{"title":"Dapibus consectetur ipsum tortor iaculis pulvinar vivamus nec donec","__globals__":{"typography_typography":"","title_color":"globals\/colors?id=1c15ecc"},"align":"center","header_size":"p","title_color":"#FFFFFF","typography_typography":"custom","typography_font_family":"Inter","typography_font_size":{"unit":"em","size":0.85,"sizes":[]},"typography_font_weight":"500","typography_line_height":{"unit":"em","size":1.4,"sizes":[]},"__dynamic__":{"title":"[elementor-tag id=\"88ffdd3\" name=\"jet-post-custom-field\" settings=\"%7B%22meta_field%22%3A%22cta_description%22%7D\"]"},"jedv_conditions":[{"_id":"94f03cf"}]},"elements":[],"isInner":false,"widgetType":"heading","elType":"widget"},{"id":"656a31f2","settings":{"text":"Discover More","border_radius":{"unit":"px","top":"0","right":"0","bottom":"0","left":"0","isLinked":false},"text_padding":{"unit":"em","top":"0.7","right":"1.3","bottom":"0.7","left":"1.3","isLinked":false},"text_padding_tablet":{"unit":"em","top":"","right":"","bottom":"","left":"","isLinked":true},"text_padding_mobile":{"unit":"em","top":"","right":"","bottom":"","left":"","isLinked":true},"_margin":{"unit":"em","top":"","right":"","bottom":"","left":"","isLinked":true},"_margin_tablet":{"unit":"em","top":"","right":"","bottom":"","left":"","isLinked":true},"_margin_mobile":{"unit":"em","top":"","right":"","bottom":"","left":"","isLinked":true},"__globals__":{"background_color":"globals\/colors?id=accent","button_background_hover_color":"globals\/colors?id=eb3d4e3"},"__dynamic__":{"text":"[elementor-tag id=\"06cb9a8\" name=\"jet-post-custom-field\" settings=\"%7B%22meta_field%22%3A%22cta_button_text%22%7D\"]","link":"[elementor-tag id=\"11188d3\" name=\"jet-post-custom-field\" settings=\"%7B%22meta_field%22%3A%22list_button_url%22%7D\"]"},"jedv_conditions":[{"_id":"aa9a289"}]},"elements":[],"isInner":false,"widgetType":"button","elType":"widget"}],"isInner":true,"elType":"container"}],"isInner":true,"elType":"container"}],"isInner":true,"elType":"container"}],"isInner":false,"elType":"container"},{"id":"5e0b9c52","settings":{"flex_direction":"row","flex_gap":{"unit":"px","size":0,"column":"0","row":"0"},"padding":{"unit":"em","top":"3","right":"8","bottom":"3","left":"8","isLinked":false},"padding_tablet":{"unit":"em","top":"","right":"","bottom":"","left":"","isLinked":true},"padding_mobile":{"unit":"em","top":"3","right":"1","bottom":"48","left":"1","isLinked":false},"background_background":"classic","background_image":{"url":"https:\/\/southernelitemtg.com\/wp-content\/uploads\/2024\/07\/broker-and-client-shaking-hands-after-signing-contract-approved-application-form-e1695129576901.jpg","id":732,"size":"","alt":"","source":"library"},"background_position":"center center","background_repeat":"no-repeat","background_size":"cover","background_overlay_background":"classic","background_overlay_opacity":{"unit":"px","size":0.9,"sizes":[]},"__globals__":{"background_overlay_color":"globals\/colors?id=text"},"flex_gap_mobile":{"column":"2","row":"2","isLinked":true,"unit":"em","size":2},"min_height":{"unit":"em","size":32,"sizes":[]},"min_height_tablet":{"unit":"em","size":"","sizes":[]},"min_height_mobile":{"unit":"em","size":"","sizes":[]},"jedv_conditions":[{"_id":"dd3662d"}]},"elements":[{"id":"48278721","settings":{"flex_direction":"column","content_width":"full","width":{"unit":"%","size":"50"},"flex_justify_content":"center","flex_gap":{"column":"1","row":"1","isLinked":true,"unit":"em","size":1},"flex_gap_tablet":{"column":"","row":"","isLinked":true,"unit":"em","size":null},"flex_gap_mobile":{"column":"","row":"","isLinked":true,"unit":"em","size":null},"padding":{"unit":"em","top":"2","right":"2","bottom":"0","left":"0","isLinked":false},"padding_tablet":{"unit":"em","top":"","right":"","bottom":"","left":"","isLinked":true},"padding_mobile":{"unit":"em","top":"0","right":"0","bottom":"0","left":"0","isLinked":false},"jedv_conditions":[{"_id":"d7faea0"}]},"elements":[{"id":"11b9ee4","settings":{"title":"Let's Talk with a Lending Specialist","__globals__":{"typography_typography":"globals\/typography?id=primary","title_color":"globals\/colors?id=1c15ecc"},"__dynamic__":{"title":"[elementor-tag id=\"b8838e5\" name=\"jet-post-custom-field\" settings=\"%7B%22meta_field%22%3A%22section3_title%22%7D\"]"},"jedv_conditions":[{"_id":"754a9c8"}]},"elements":[],"isInner":false,"widgetType":"heading","elType":"widget"},{"id":"582c6fa8","settings":{"title":"Vulputate pretium malesuada posuere suscipit vehicula venenatis eget ex. Mattis sapien ridiculus est nibh lectus suspendisse.","__globals__":{"typography_typography":"globals\/typography?id=text","title_color":"globals\/colors?id=1c15ecc"},"header_size":"div","title_color":"#FFFFFF","__dynamic__":{"title":"[elementor-tag id=\"f719c7a\" name=\"jet-post-custom-field\" settings=\"%7B%22meta_field%22%3A%22section3_description%22%7D\"]"},"jedv_conditions":[{"_id":"96d845a"}]},"elements":[],"isInner":false,"widgetType":"heading","elType":"widget"},{"id":"527f199f","settings":{"content_width":"full","jedv_conditions":[{"_id":"518b648"}]},"elements":[{"id":"4de5c7f2","settings":{"content_width":"full","lisitng_id":"1566","columns":"1","posts_num":0,"not_found_message":"No data was found","posts_query":[],"terms_meta_query":[],"users_meta_query":[],"jedv_conditions":[{"_id":"8360b6c"}]},"elements":[],"isInner":false,"widgetType":"jet-listing-grid","elType":"widget"}],"isInner":true,"elType":"container"},{"id":"52d5e06","settings":{"title":"Appointment","__globals__":{"typography_typography":"","title_color":""},"typography_typography":"custom","typography_font_family":"Raleway","typography_font_size":{"unit":"em","size":4.4,"sizes":[]},"typography_font_size_tablet":{"unit":"rem","size":"","sizes":[]},"typography_font_size_mobile":{"unit":"rem","size":"","sizes":[]},"typography_font_weight":"700","typography_line_height":{"unit":"em","size":1.2,"sizes":[]},"typography_letter_spacing":{"unit":"em","size":-0.02,"sizes":[]},"text_shadow_text_shadow":{"horizontal":29,"vertical":0,"blur":10,"color":"rgba(0,0,0,0.3)"},"_position":"absolute","_offset_x":{"unit":"em","size":-16,"sizes":[]},"_offset_x_tablet":{"unit":"em","size":"","sizes":[]},"_offset_x_mobile":{"unit":"em","size":"","sizes":[]},"_offset_y":{"unit":"em","size":13,"sizes":[]},"_offset_y_tablet":{"unit":"em","size":"","sizes":[]},"_offset_y_mobile":{"unit":"em","size":"","sizes":[]},"_transform_rotate_popover":"transform","_transform_rotateZ_effect":{"unit":"px","size":-90,"sizes":[]},"_transform_translateX_effect":{"unit":"em","size":0.1,"sizes":[]},"_transform_translateX_effect_tablet":{"unit":"em","size":"","sizes":[]},"_transform_translateX_effect_mobile":{"unit":"em","size":"","sizes":[]},"_transform_keep_proportions":"","_transform_scale_effect":{"unit":"px","size":2,"sizes":[]},"_transform_skewX_effect":{"unit":"px","size":193,"sizes":[]},"_transform_skewY_effect":{"unit":"px","size":13,"sizes":[]},"title_color":"#F0F8FB36","jedv_conditions":[{"_id":"868f1ea"}]},"elements":[],"isInner":false,"widgetType":"heading","elType":"widget"}],"isInner":true,"elType":"container"},{"id":"97b30fb","settings":{"flex_direction":"column","content_width":"full","width":{"unit":"%","size":"50"},"padding":{"unit":"em","top":"","right":"","bottom":"","left":"","isLinked":true},"padding_tablet":{"unit":"em","top":"","right":"","bottom":"","left":"","isLinked":true},"padding_mobile":{"unit":"em","top":"","right":"","bottom":"","left":"","isLinked":true},"jedv_conditions":[{"_id":"b215887"}]},"elements":[{"id":"4c5917bf","settings":{"content_width":"full","background_background":"classic","box_shadow_box_shadow_type":"yes","box_shadow_box_shadow":{"horizontal":0,"vertical":10,"blur":40,"spread":-5,"color":"rgba(0, 0, 0, 0.15)"},"margin":{"unit":"em","top":"0","right":"0","bottom":"0","left":"1","isLinked":false},"margin_tablet":{"unit":"em","top":"","right":"","bottom":"","left":"","isLinked":true},"margin_mobile":{"unit":"em","top":"0","right":"0","bottom":"0","left":"0","isLinked":false},"padding":{"unit":"em","top":"2","right":"2","bottom":"2","left":"2","isLinked":true},"padding_tablet":{"unit":"em","top":"","right":"","bottom":"","left":"","isLinked":true},"padding_mobile":{"unit":"em","top":"","right":"","bottom":"","left":"","isLinked":true},"position":"absolute","z_index":9,"__globals__":{"background_color":"globals\/colors?id=1c15ecc"},"jedv_conditions":[{"_id":"0375f21"}]},"elements":[{"id":"530f1390","settings":{"title":"Make an Appointment","__globals__":{"typography_typography":"globals\/typography?id=primary","title_color":"globals\/colors?id=primary"},"__dynamic__":{"title":"[elementor-tag id=\"64ad68e\" name=\"jet-post-custom-field\" settings=\"%7B%22meta_field%22%3A%22section3_form_title%22%7D\"]"},"jedv_conditions":[{"_id":"27fc56e"}]},"elements":[],"isInner":false,"widgetType":"heading","elType":"widget"},{"id":"760a2cdf","settings":{"title":"Lorem ipsum dolor sit amet, consectetur adipiscing elit. Ut elit tellus, luctus nec ullamcorper mattis, pulvinar dapibus leo.","__globals__":{"typography_typography":"globals\/typography?id=text","title_color":"globals\/colors?id=text"},"__dynamic__":{"title":"[elementor-tag id=\"21c34b8\" name=\"jet-post-custom-field\" settings=\"%7B%22meta_field%22%3A%22section3_form_description%22%7D\"]"},"jedv_conditions":[{"_id":"877946e"}]},"elements":[],"isInner":false,"widgetType":"heading","elType":"widget"},{"id":"508260b9","settings":{"form_id":"434","required_mark":"*","form_label_typography_typography":"custom","form_label_typography_font_family":"Inter","form_label_typography_font_size":{"unit":"rem","size":0.8,"sizes":[]},"form_label_typography_font_weight":"500","form_label_typography_line_height":{"unit":"em","size":1.4,"sizes":[]},"form_label_color":"#232323","fields_typography_typography":"custom","fields_typography_font_family":"Inter","fields_typography_font_size":{"unit":"rem","size":0.85,"sizes":[]},"fields_typography_font_weight":"400","fields_typography_line_height":{"unit":"em","size":1.4,"sizes":[]},"fields_color":"#385566","fields_placeholder_color":"#38556673","fields_border_border":"solid","fields_border_width":{"unit":"px","top":"0","right":"0","bottom":"1","left":"0","isLinked":false},"fields_border_color":"#D2DEE6","fields_textarea_height":{"unit":"em","size":7,"sizes":[]},"fields_textarea_height_tablet":{"unit":"em","size":"","sizes":[]},"fields_textarea_height_mobile":{"unit":"em","size":"","sizes":[]},"booking_form_submit_bg_color":"#19A2BF","booking_form_submit_color":"#FFFFFF","booking_form_submit_typography_typography":"custom","booking_form_submit_typography_font_family":"Inter","booking_form_submit_typography_font_size":{"unit":"rem","size":0.85,"sizes":[]},"booking_form_submit_typography_font_weight":"600","booking_form_submit_typography_line_height":{"unit":"em","size":1.4,"sizes":[]},"booking_form_submit_padding":{"unit":"em","top":"0.7","right":"1","bottom":"0.7","left":"1","isLinked":false},"booking_form_submit_padding_tablet":{"unit":"em","top":"","right":"","bottom":"","left":"","isLinked":true},"booking_form_submit_padding_mobile":{"unit":"em","top":"","right":"","bottom":"","left":"","isLinked":true},"booking_form_submit_border_border":"none","booking_form_submit_border_radius":{"unit":"px","top":"0","right":"0","bottom":"0","left":"0","isLinked":false},"booking_form_submit_alignment":"stretch","booking_form_submit_alignment_text":"center","form_success_margin":{"unit":"px","top":"0","right":"0","bottom":"0","left":"0","isLinked":false},"form_success_padding":{"unit":"px","top":"0","right":"0","bottom":"0","left":"0","isLinked":false},"form_success_border_border":"none","form_error_margin":{"unit":"px","top":"0","right":"0","bottom":"0","left":"0","isLinked":false},"form_error_padding":{"unit":"px","top":"0","right":"0","bottom":"0","left":"0","isLinked":false},"form_error_border_border":"none","__globals__":{"form_label_typography_typography":"","form_required_color":"globals\/colors?id=1c15ecc","form_label_color":"globals\/colors?id=primary","fields_typography_typography":"","fields_color":"globals\/colors?id=text","fields_border_color":"globals\/colors?id=829f2c7","fields_placeholder_color":"","booking_form_submit_bg_color":"globals\/colors?id=accent","booking_form_submit_color":"globals\/colors?id=1c15ecc","booking_form_submit_typography_typography":"","booking_form_submit_bg_color_hover":"globals\/colors?id=eb3d4e3","booking_form_submit_color_hover":"globals\/colors?id=1c15ecc","form_success_typography_typography":"","form_error_typography_typography":"globals\/typography?id=text"},"submit_type":"ajax","form_row_gap_before":{"unit":"px","size":0,"sizes":[]},"form_row_gap_after":{"unit":"px","size":0,"sizes":[]},"form_label_margin":{"unit":"em","top":"0","right":"0","bottom":"0.2","left":"0","isLinked":false},"form_label_margin_tablet":{"unit":"em","top":"","right":"","bottom":"","left":"","isLinked":true},"form_label_margin_mobile":{"unit":"em","top":"","right":"","bottom":"","left":"","isLinked":true},"form_label_typography_font_size_tablet":{"unit":"rem","size":"","sizes":[]},"form_label_typography_font_size_mobile":{"unit":"rem","size":"","sizes":[]},"fields_typography_font_size_tablet":{"unit":"rem","size":"","sizes":[]},"fields_typography_font_size_mobile":{"unit":"rem","size":"","sizes":[]},"booking_form_submit_bg_color_hover":"#ECBB59","booking_form_submit_color_hover":"#FFFFFF","booking_form_submit_typography_font_size_tablet":{"unit":"rem","size":"","sizes":[]},"booking_form_submit_typography_font_size_mobile":{"unit":"rem","size":"","sizes":[]},"form_success_typography_typography":"custom","form_success_typography_font_family":"Inter","form_success_typography_font_size":{"unit":"em","size":0.85,"sizes":[]},"form_success_typography_font_weight":"400","form_success_typography_line_height":{"unit":"em","size":1.4,"sizes":[]},"custom_css":"selector .wp-container-core-columns-is-layout-1,\n.wp-container-core-columns-is-layout-2, .wp-container-core-columns-is-layout-3 {\n  margin: 0;\n  gap: 1em;\n}\n\n@media screen and (max-width: 767px) {\n  selector .wp-container-core-columns-is-layout-1,\n  .wp-container-core-columns-is-layout-2, .wp-container-core-columns-is-layout-3 {\n    gap: 0;\n  }\n}\n\nselector .time-field {\n    min-height: 2.3rem;\n}","jedv_conditions":[{"_id":"8db0785"}]},"elements":[],"isInner":false,"widgetType":"jet-form-builder-form","elType":"widget"}],"isInner":true,"elType":"container"}],"isInner":true,"elType":"container"}],"isInner":false,"elType":"container"},{"id":"6e30c628","settings":{"flex_direction":"column","min_height":{"unit":"em","size":28,"sizes":[]},"min_height_tablet":{"unit":"em","size":"","sizes":[]},"min_height_mobile":{"unit":"em","size":"","sizes":[]},"flex_justify_content":"center","flex_align_items":"center","background_image":{"url":"","id":"","size":"","alt":"","source":"library"},"background_position":"center center","background_repeat":"no-repeat","background_size":"cover","background_overlay_opacity":{"unit":"px","size":0.35,"sizes":[]},"padding":{"unit":"em","top":"10","right":"8","bottom":"5","left":"8","isLinked":false},"padding_tablet":{"unit":"em","top":"","right":"","bottom":"","left":"","isLinked":true},"padding_mobile":{"unit":"em","top":"8","right":"1","bottom":"3","left":"1","isLinked":false},"__globals__":{"background_overlay_color":"globals\/colors?id=5590b3c"},"jedv_conditions":[{"_id":"a7897ed"}]},"elements":[{"id":"76856bc4","settings":{"content_width":"full","width":{"unit":"em","size":38,"sizes":[]},"width_tablet":{"unit":"em","size":"","sizes":[]},"width_mobile":{"unit":"em","size":"","sizes":[]},"flex_align_items":"center","_title":"Content","jedv_conditions":[{"_id":"b3d293c"}]},"elements":[{"id":"390490d","settings":{"title":"How It Works","__globals__":{"typography_typography":"globals\/typography?id=a30e13a","title_color":"globals\/colors?id=secondary"},"align":"center","header_size":"p","title_color":"#FFFFFF","__dynamic__":{"title":"[elementor-tag id=\"e859333\" name=\"jet-post-custom-field\" settings=\"%7B%22meta_field%22%3A%22section4_supertitle%22%7D\"]"},"jedv_conditions":[{"_id":"8aa815c"}]},"elements":[],"isInner":false,"widgetType":"heading","elType":"widget"},{"id":"379c59ab","settings":{"title":"Let us help you get your home today","__globals__":{"typography_typography":"globals\/typography?id=primary","title_color":"globals\/colors?id=primary"},"align":"center","__dynamic__":{"title":"[elementor-tag id=\"86095dc\" name=\"jet-post-custom-field\" settings=\"%7B%22meta_field%22%3A%22section4_title%22%7D\"]"},"jedv_conditions":[{"_id":"c2f1692"}]},"elements":[],"isInner":false,"widgetType":"heading","elType":"widget"},{"id":"32329f6f","settings":{"title":"Dapibus consectetur ipsum tortor iaculis pulvinar vivamus nec donec. Fringilla consectetur turpis efficitur nisl quisque duis eleifend elementum.","__globals__":{"typography_typography":"globals\/typography?id=text","title_color":"globals\/colors?id=text"},"align":"center","header_size":"p","title_color":"#FFFFFF","__dynamic__":{"title":"[elementor-tag id=\"851efbd\" name=\"jet-post-custom-field\" settings=\"%7B%22meta_field%22%3A%22section4_description%22%7D\"]"},"jedv_conditions":[{"_id":"930f77b"}]},"elements":[],"isInner":false,"widgetType":"heading","elType":"widget"}],"isInner":true,"elType":"container"},{"id":"79ca109e","settings":{"content_width":"full","flex_direction":"row","flex_gap":{"column":"","row":"","isLinked":true,"unit":"em","size":null},"flex_gap_tablet":{"column":"","row":"","isLinked":true,"unit":"em","size":null},"flex_gap_mobile":{"column":"","row":"","isLinked":true,"unit":"em","size":null},"margin":{"unit":"em","top":"1","right":"0","bottom":"0","left":"0","isLinked":false},"margin_tablet":{"unit":"em","top":"","right":"","bottom":"","left":"","isLinked":true},"margin_mobile":{"unit":"em","top":"","right":"","bottom":"","left":"","isLinked":true},"_title":"Cards","jedv_conditions":[{"_id":"0cd3ae7"}]},"elements":[{"id":"2176aaf4","settings":{"content_width":"full","border_border":"dashed","border_width":{"unit":"px","top":"2","right":"2","bottom":"2","left":"2","isLinked":true},"_title":"Item","__globals__":{"border_color":"globals\/colors?id=829f2c7"},"padding":{"unit":"em","top":"1.4","right":"1.4","bottom":"1.4","left":"1.4","isLinked":true},"padding_tablet":{"unit":"em","top":"","right":"","bottom":"","left":"","isLinked":true},"padding_mobile":{"unit":"em","top":"","right":"","bottom":"","left":"","isLinked":true},"flex_justify_content":"space-between","jedv_conditions":[{"_id":"42511b0"}]},"elements":[{"id":"6fd7386a","settings":{"content_width":"full","jedv_conditions":[{"_id":"56f1673"}]},"elements":[{"id":"62d8648","settings":{"title":"Step 1","_padding":{"unit":"em","top":"0.4","right":"1.2","bottom":"0.4","left":"1.2","isLinked":false},"_padding_tablet":{"unit":"em","top":"","right":"","bottom":"","left":"","isLinked":true},"_padding_mobile":{"unit":"em","top":"","right":"","bottom":"","left":"","isLinked":true},"_flex_align_self":"flex-start","_background_background":"classic","__globals__":{"_background_color":"globals\/colors?id=eb3d4e3","typography_typography":"globals\/typography?id=accent"},"_position":"absolute","_offset_orientation_h":"end","_offset_x_end":{"unit":"px","size":-2,"sizes":[]},"_offset_y":{"unit":"px","size":-2,"sizes":[]},"_title":"Step","jedv_enabled":"yes","jedv_type":"hide","jedv_conditions":[{"jedv_condition":"equal","_id":"7fd3a0b","__dynamic__":{"jedv_field":"[elementor-tag id=\"916bc9b\" name=\"jet-post-custom-field\" settings=\"%7B%22meta_field%22%3A%22section4_card_1_tag%22%7D\"]"}}],"__dynamic__":{"title":"[elementor-tag id=\"6c9d3f9\" name=\"jet-post-custom-field\" settings=\"%7B%22meta_field%22%3A%22section4_card_1_tag%22%7D\"]"},"content_width":"full"},"elements":[],"isInner":false,"widgetType":"heading","elType":"widget"},{"id":"5998e1e3","settings":{"content_width":"full","image_size":"full","width":{"unit":"%","size":100,"sizes":[]},"height":{"unit":"em","size":2.4,"sizes":[]},"height_tablet":{"unit":"em","size":"","sizes":[]},"height_mobile":{"unit":"em","size":"","sizes":[]},"object-fit":"contain","_element_width":"initial","_element_custom_width":{"unit":"em","size":2.4,"sizes":[]},"_element_custom_width_tablet":{"unit":"em","size":"","sizes":[]},"_element_custom_width_mobile":{"unit":"em","size":"","sizes":[]},"__dynamic__":{"image":"[elementor-tag id=\"138a9a8\" name=\"jet-post-custom-image\" settings=\"%7B%22img_field%22%3A%22section4_card_1_icon%22%7D\"]"},"jedv_conditions":[{"_id":"5090093"}]},"elements":[],"isInner":false,"widgetType":"image","elType":"widget"},{"id":"3c27dddb","settings":{"title":"Initial Consultation","__globals__":{"typography_typography":"globals\/typography?id=secondary","title_color":"globals\/colors?id=primary"},"title_color":"#232323","header_size":"h4","__dynamic__":{"title":"[elementor-tag id=\"a5b57ce\" name=\"jet-post-custom-field\" settings=\"%7B%22meta_field%22%3A%22section4_card_1_title%22%7D\"]"},"jedv_conditions":[{"_id":"947d7b7"}],"content_width":"full"},"elements":[],"isInner":false,"widgetType":"heading","elType":"widget"},{"id":"5de151c0","settings":{"title":"Sagittis fames convallis aptent risus himenaeos feugiat taciti dictumst class cras.","__globals__":{"typography_typography":"globals\/typography?id=text","title_color":"globals\/colors?id=text"},"header_size":"p","title_color":"#FFFFFF","__dynamic__":{"title":"[elementor-tag id=\"6a0614a\" name=\"jet-post-custom-field\" settings=\"%7B%22meta_field%22%3A%22section4_card_1_text%22%7D\"]"},"jedv_conditions":[{"_id":"68a2615"}],"content_width":"full"},"elements":[],"isInner":false,"widgetType":"heading","elType":"widget"}],"isInner":true,"elType":"container"},{"id":"7083badd","settings":{"text":"Discover More","border_radius":{"unit":"px","top":"0","right":"0","bottom":"0","left":"0","isLinked":false},"text_padding":{"unit":"em","top":"0.7","right":"1","bottom":"0.7","left":"1","isLinked":false},"text_padding_tablet":{"unit":"em","top":"","right":"","bottom":"","left":"","isLinked":true},"text_padding_mobile":{"unit":"em","top":"","right":"","bottom":"","left":"","isLinked":true},"_margin":{"unit":"em","top":"","right":"","bottom":"","left":"","isLinked":true},"_margin_tablet":{"unit":"em","top":"","right":"","bottom":"","left":"","isLinked":true},"_margin_mobile":{"unit":"em","top":"","right":"","bottom":"","left":"","isLinked":true},"__globals__":{"background_color":"globals\/colors?id=accent","button_background_hover_color":"globals\/colors?id=eb3d4e3"},"align":"justify","__dynamic__":{"text":"[elementor-tag id=\"ba0d851\" name=\"jet-post-custom-field\" settings=\"%7B%22meta_field%22%3A%22section4_card_1_btn_text%22%7D\"]","link":"[elementor-tag id=\"bae8bcb\" name=\"jet-post-custom-field\" settings=\"%7B%22meta_field%22%3A%22section4_card_1_btn_url%22%7D\"]"},"jedv_conditions":[{"_id":"aba6caa"}]},"elements":[],"isInner":false,"widgetType":"button","elType":"widget"}],"isInner":true,"elType":"container"},{"id":"37796edb","settings":{"content_width":"full","border_border":"dashed","border_width":{"unit":"px","top":"2","right":"2","bottom":"2","left":"2","isLinked":true},"_title":"Item","__globals__":{"border_color":"globals\/colors?id=829f2c7"},"padding":{"unit":"em","top":"1.4","right":"1.4","bottom":"1.4","left":"1.4","isLinked":true},"padding_tablet":{"unit":"em","top":"","right":"","bottom":"","left":"","isLinked":true},"padding_mobile":{"unit":"em","top":"","right":"","bottom":"","left":"","isLinked":true},"flex_justify_content":"space-between","jedv_conditions":[{"_id":"42511b0"}]},"elements":[{"id":"42db35f8","settings":{"title":"Step 1","_padding":{"unit":"em","top":"0.4","right":"1.2","bottom":"0.4","left":"1.2","isLinked":false},"_padding_tablet":{"unit":"em","top":"","right":"","bottom":"","left":"","isLinked":true},"_padding_mobile":{"unit":"em","top":"","right":"","bottom":"","left":"","isLinked":true},"_flex_align_self":"flex-start","_background_background":"classic","__globals__":{"_background_color":"globals\/colors?id=eb3d4e3","typography_typography":"globals\/typography?id=accent"},"_position":"absolute","_offset_orientation_h":"end","_offset_x_end":{"unit":"px","size":-2,"sizes":[]},"_offset_y":{"unit":"px","size":-2,"sizes":[]},"_title":"Step","jedv_enabled":"yes","jedv_type":"hide","jedv_conditions":[{"jedv_condition":"equal","_id":"7fd3a0b","__dynamic__":{"jedv_field":"[elementor-tag id=\"916bc9b\" name=\"jet-post-custom-field\" settings=\"%7B%22meta_field%22%3A%22section4_card_2_tag%22%7D\"]"}}],"__dynamic__":{"title":"[elementor-tag id=\"6c9d3f9\" name=\"jet-post-custom-field\" settings=\"%7B%22meta_field%22%3A%22section4_card_2_tag%22%7D\"]"}},"elements":[],"isInner":false,"widgetType":"heading","elType":"widget"},{"id":"29745753","settings":{"content_width":"full","jedv_conditions":[{"_id":"8486a31"}]},"elements":[{"id":"2d91ead1","settings":{"content_width":"full","image_size":"full","width":{"unit":"%","size":100,"sizes":[]},"height":{"unit":"em","size":2.4,"sizes":[]},"height_tablet":{"unit":"em","size":"","sizes":[]},"height_mobile":{"unit":"em","size":"","sizes":[]},"object-fit":"contain","_element_width":"initial","_element_custom_width":{"unit":"em","size":2.4,"sizes":[]},"_element_custom_width_tablet":{"unit":"em","size":"","sizes":[]},"_element_custom_width_mobile":{"unit":"em","size":"","sizes":[]},"__dynamic__":{"image":"[elementor-tag id=\"138a9a8\" name=\"jet-post-custom-image\" settings=\"%7B%22img_field%22%3A%22section4_card_2_icon%22%7D\"]"},"jedv_conditions":[{"_id":"5090093"}]},"elements":[],"isInner":false,"widgetType":"image","elType":"widget"},{"id":"6b8f05d6","settings":{"title":"Initial Consultation","__globals__":{"typography_typography":"globals\/typography?id=secondary","title_color":"globals\/colors?id=primary"},"title_color":"#232323","header_size":"h4","__dynamic__":{"title":"[elementor-tag id=\"a5b57ce\" name=\"jet-post-custom-field\" settings=\"%7B%22meta_field%22%3A%22section4_card_2_title%22%7D\"]"},"jedv_conditions":[{"_id":"947d7b7"}],"content_width":"full"},"elements":[],"isInner":false,"widgetType":"heading","elType":"widget"},{"id":"6425fc2c","settings":{"title":"Sagittis fames convallis aptent risus himenaeos feugiat taciti dictumst class cras.","__globals__":{"typography_typography":"globals\/typography?id=text","title_color":"globals\/colors?id=text"},"header_size":"p","title_color":"#FFFFFF","__dynamic__":{"title":"[elementor-tag id=\"6a0614a\" name=\"jet-post-custom-field\" settings=\"%7B%22meta_field%22%3A%22section4_card_2_text%22%7D\"]"},"jedv_conditions":[{"_id":"68a2615"}],"content_width":"full"},"elements":[],"isInner":false,"widgetType":"heading","elType":"widget"}],"isInner":true,"elType":"container"},{"id":"4fb1441f","settings":{"text":"Discover More","border_radius":{"unit":"px","top":"0","right":"0","bottom":"0","left":"0","isLinked":false},"text_padding":{"unit":"em","top":"0.7","right":"1","bottom":"0.7","left":"1","isLinked":false},"text_padding_tablet":{"unit":"em","top":"","right":"","bottom":"","left":"","isLinked":true},"text_padding_mobile":{"unit":"em","top":"","right":"","bottom":"","left":"","isLinked":true},"_margin":{"unit":"em","top":"","right":"","bottom":"","left":"","isLinked":true},"_margin_tablet":{"unit":"em","top":"","right":"","bottom":"","left":"","isLinked":true},"_margin_mobile":{"unit":"em","top":"","right":"","bottom":"","left":"","isLinked":true},"__globals__":{"background_color":"globals\/colors?id=accent","button_background_hover_color":"globals\/colors?id=eb3d4e3"},"align":"justify","__dynamic__":{"text":"[elementor-tag id=\"ba0d851\" name=\"jet-post-custom-field\" settings=\"%7B%22meta_field%22%3A%22section4_card_2_btn_text%22%7D\"]","link":"[elementor-tag id=\"bae8bcb\" name=\"jet-post-custom-field\" settings=\"%7B%22meta_field%22%3A%22section4_card_2_btn_url%22%7D\"]"},"jedv_conditions":[{"_id":"aba6caa"}]},"elements":[],"isInner":false,"widgetType":"button","elType":"widget"}],"isInner":true,"elType":"container"},{"id":"2faa4caf","settings":{"content_width":"full","border_border":"dashed","border_width":{"unit":"px","top":"2","right":"2","bottom":"2","left":"2","isLinked":true},"_title":"Item","__globals__":{"border_color":"globals\/colors?id=829f2c7"},"padding":{"unit":"em","top":"1.4","right":"1.4","bottom":"1.4","left":"1.4","isLinked":true},"padding_tablet":{"unit":"em","top":"","right":"","bottom":"","left":"","isLinked":true},"padding_mobile":{"unit":"em","top":"","right":"","bottom":"","left":"","isLinked":true},"flex_justify_content":"space-between","jedv_conditions":[{"_id":"42511b0"}]},"elements":[{"id":"26102037","settings":{"title":"Step 1","_padding":{"unit":"em","top":"0.4","right":"1.2","bottom":"0.4","left":"1.2","isLinked":false},"_padding_tablet":{"unit":"em","top":"","right":"","bottom":"","left":"","isLinked":true},"_padding_mobile":{"unit":"em","top":"","right":"","bottom":"","left":"","isLinked":true},"_flex_align_self":"flex-start","_background_background":"classic","__globals__":{"_background_color":"globals\/colors?id=eb3d4e3","typography_typography":"globals\/typography?id=accent"},"_position":"absolute","_offset_orientation_h":"end","_offset_x_end":{"unit":"px","size":-2,"sizes":[]},"_offset_y":{"unit":"px","size":-2,"sizes":[]},"_title":"Step","jedv_enabled":"yes","jedv_type":"hide","jedv_conditions":[{"jedv_condition":"equal","_id":"7fd3a0b","__dynamic__":{"jedv_field":"[elementor-tag id=\"916bc9b\" name=\"jet-post-custom-field\" settings=\"%7B%22meta_field%22%3A%22section4_card_3_tag%22%7D\"]"}}],"__dynamic__":{"title":"[elementor-tag id=\"6c9d3f9\" name=\"jet-post-custom-field\" settings=\"%7B%22meta_field%22%3A%22section4_card_3_tag%22%7D\"]"}},"elements":[],"isInner":false,"widgetType":"heading","elType":"widget"},{"id":"17010fd4","settings":{"content_width":"full","jedv_conditions":[{"_id":"ee4255d"}]},"elements":[{"id":"79d9bb20","settings":{"content_width":"full","image_size":"full","width":{"unit":"%","size":100,"sizes":[]},"height":{"unit":"em","size":2.4,"sizes":[]},"height_tablet":{"unit":"em","size":"","sizes":[]},"height_mobile":{"unit":"em","size":"","sizes":[]},"object-fit":"contain","_element_width":"initial","_element_custom_width":{"unit":"em","size":2.4,"sizes":[]},"_element_custom_width_tablet":{"unit":"em","size":"","sizes":[]},"_element_custom_width_mobile":{"unit":"em","size":"","sizes":[]},"__dynamic__":{"image":"[elementor-tag id=\"138a9a8\" name=\"jet-post-custom-image\" settings=\"%7B%22img_field%22%3A%22section4_card_3_icon%22%7D\"]"},"jedv_conditions":[{"_id":"5090093"}]},"elements":[],"isInner":false,"widgetType":"image","elType":"widget"},{"id":"324d58c4","settings":{"title":"Initial Consultation","__globals__":{"typography_typography":"globals\/typography?id=secondary","title_color":"globals\/colors?id=primary"},"title_color":"#232323","header_size":"h4","__dynamic__":{"title":"[elementor-tag id=\"a5b57ce\" name=\"jet-post-custom-field\" settings=\"%7B%22meta_field%22%3A%22section4_card_3_title%22%7D\"]"},"jedv_conditions":[{"_id":"947d7b7"}],"content_width":"full"},"elements":[],"isInner":false,"widgetType":"heading","elType":"widget"},{"id":"38c05255","settings":{"title":"Sagittis fames convallis aptent risus himenaeos feugiat taciti dictumst class cras.","__globals__":{"typography_typography":"globals\/typography?id=text","title_color":"globals\/colors?id=text"},"header_size":"p","title_color":"#FFFFFF","__dynamic__":{"title":"[elementor-tag id=\"6a0614a\" name=\"jet-post-custom-field\" settings=\"%7B%22meta_field%22%3A%22section4_card_3_text%22%7D\"]"},"jedv_conditions":[{"_id":"68a2615"}],"content_width":"full"},"elements":[],"isInner":false,"widgetType":"heading","elType":"widget"}],"isInner":true,"elType":"container"},{"id":"3abe75c0","settings":{"text":"Discover More","border_radius":{"unit":"px","top":"0","right":"0","bottom":"0","left":"0","isLinked":false},"text_padding":{"unit":"em","top":"0.7","right":"1","bottom":"0.7","left":"1","isLinked":false},"text_padding_tablet":{"unit":"em","top":"","right":"","bottom":"","left":"","isLinked":true},"text_padding_mobile":{"unit":"em","top":"","right":"","bottom":"","left":"","isLinked":true},"_margin":{"unit":"em","top":"","right":"","bottom":"","left":"","isLinked":true},"_margin_tablet":{"unit":"em","top":"","right":"","bottom":"","left":"","isLinked":true},"_margin_mobile":{"unit":"em","top":"","right":"","bottom":"","left":"","isLinked":true},"__globals__":{"background_color":"globals\/colors?id=accent","button_background_hover_color":"globals\/colors?id=eb3d4e3"},"align":"justify","__dynamic__":{"text":"[elementor-tag id=\"ba0d851\" name=\"jet-post-custom-field\" settings=\"%7B%22meta_field%22%3A%22section4_card_3_btn_text%22%7D\"]","link":"[elementor-tag id=\"bae8bcb\" name=\"jet-post-custom-field\" settings=\"%7B%22meta_field%22%3A%22section4_card_3_btn_url%22%7D\"]"},"jedv_conditions":[{"_id":"aba6caa"}]},"elements":[],"isInner":false,"widgetType":"button","elType":"widget"}],"isInner":true,"elType":"container"},{"id":"6c16c854","settings":{"content_width":"full","border_border":"dashed","border_width":{"unit":"px","top":"2","right":"2","bottom":"2","left":"2","isLinked":true},"_title":"Item","__globals__":{"border_color":"globals\/colors?id=829f2c7"},"padding":{"unit":"em","top":"1.4","right":"1.4","bottom":"1.4","left":"1.4","isLinked":true},"padding_tablet":{"unit":"em","top":"","right":"","bottom":"","left":"","isLinked":true},"padding_mobile":{"unit":"em","top":"","right":"","bottom":"","left":"","isLinked":true},"flex_justify_content":"space-between","jedv_conditions":[{"_id":"42511b0"}]},"elements":[{"id":"1361d836","settings":{"title":"Step 1","_padding":{"unit":"em","top":"0.4","right":"1.2","bottom":"0.4","left":"1.2","isLinked":false},"_padding_tablet":{"unit":"em","top":"","right":"","bottom":"","left":"","isLinked":true},"_padding_mobile":{"unit":"em","top":"","right":"","bottom":"","left":"","isLinked":true},"_flex_align_self":"flex-start","_background_background":"classic","__globals__":{"_background_color":"globals\/colors?id=eb3d4e3","typography_typography":"globals\/typography?id=accent"},"_position":"absolute","_offset_orientation_h":"end","_offset_x_end":{"unit":"px","size":-2,"sizes":[]},"_offset_y":{"unit":"px","size":-2,"sizes":[]},"_title":"Step","jedv_enabled":"yes","jedv_type":"hide","jedv_conditions":[{"jedv_condition":"equal","_id":"7fd3a0b","__dynamic__":{"jedv_field":"[elementor-tag id=\"916bc9b\" name=\"jet-post-custom-field\" settings=\"%7B%22meta_field%22%3A%22section4_card_4_tag%22%7D\"]"}}],"__dynamic__":{"title":"[elementor-tag id=\"6c9d3f9\" name=\"jet-post-custom-field\" settings=\"%7B%22meta_field%22%3A%22section4_card_4_tag%22%7D\"]"}},"elements":[],"isInner":false,"widgetType":"heading","elType":"widget"},{"id":"5ed25a13","settings":{"content_width":"full","jedv_conditions":[{"_id":"c469a3d"}]},"elements":[{"id":"6e34bb89","settings":{"content_width":"full","image_size":"full","width":{"unit":"%","size":100,"sizes":[]},"height":{"unit":"em","size":2.4,"sizes":[]},"height_tablet":{"unit":"em","size":"","sizes":[]},"height_mobile":{"unit":"em","size":"","sizes":[]},"object-fit":"contain","_element_width":"initial","_element_custom_width":{"unit":"em","size":2.4,"sizes":[]},"_element_custom_width_tablet":{"unit":"em","size":"","sizes":[]},"_element_custom_width_mobile":{"unit":"em","size":"","sizes":[]},"__dynamic__":{"image":"[elementor-tag id=\"138a9a8\" name=\"jet-post-custom-image\" settings=\"%7B%22img_field%22%3A%22section4_card_4_icon%22%7D\"]"},"jedv_conditions":[{"_id":"5090093"}]},"elements":[],"isInner":false,"widgetType":"image","elType":"widget"},{"id":"1cf08f03","settings":{"title":"Initial Consultation","__globals__":{"typography_typography":"globals\/typography?id=secondary","title_color":"globals\/colors?id=primary"},"title_color":"#232323","header_size":"h4","__dynamic__":{"title":"[elementor-tag id=\"a5b57ce\" name=\"jet-post-custom-field\" settings=\"%7B%22meta_field%22%3A%22section4_card_4_title%22%7D\"]"},"jedv_conditions":[{"_id":"947d7b7"}],"content_width":"full"},"elements":[],"isInner":false,"widgetType":"heading","elType":"widget"},{"id":"3edd0607","settings":{"title":"Sagittis fames convallis aptent risus himenaeos feugiat taciti dictumst class cras.","__globals__":{"typography_typography":"globals\/typography?id=text","title_color":"globals\/colors?id=text"},"header_size":"p","title_color":"#FFFFFF","__dynamic__":{"title":"[elementor-tag id=\"6a0614a\" name=\"jet-post-custom-field\" settings=\"%7B%22meta_field%22%3A%22section4_card_4_text%22%7D\"]"},"jedv_conditions":[{"_id":"68a2615"}],"content_width":"full"},"elements":[],"isInner":false,"widgetType":"heading","elType":"widget"}],"isInner":true,"elType":"container"},{"id":"47665448","settings":{"text":"Discover More","border_radius":{"unit":"px","top":"0","right":"0","bottom":"0","left":"0","isLinked":false},"text_padding":{"unit":"em","top":"0.7","right":"1","bottom":"0.7","left":"1","isLinked":false},"text_padding_tablet":{"unit":"em","top":"","right":"","bottom":"","left":"","isLinked":true},"text_padding_mobile":{"unit":"em","top":"","right":"","bottom":"","left":"","isLinked":true},"_margin":{"unit":"em","top":"","right":"","bottom":"","left":"","isLinked":true},"_margin_tablet":{"unit":"em","top":"","right":"","bottom":"","left":"","isLinked":true},"_margin_mobile":{"unit":"em","top":"","right":"","bottom":"","left":"","isLinked":true},"__globals__":{"background_color":"globals\/colors?id=accent","button_background_hover_color":"globals\/colors?id=eb3d4e3"},"align":"justify","__dynamic__":{"text":"[elementor-tag id=\"ba0d851\" name=\"jet-post-custom-field\" settings=\"%7B%22meta_field%22%3A%22section4_card_4_btn_text%22%7D\"]","link":"[elementor-tag id=\"bae8bcb\" name=\"jet-post-custom-field\" settings=\"%7B%22meta_field%22%3A%22section4_card_4_btn_url%22%7D\"]"},"jedv_conditions":[{"_id":"aba6caa"}]},"elements":[],"isInner":false,"widgetType":"button","elType":"widget"}],"isInner":true,"elType":"container"}],"isInner":true,"elType":"container"}],"isInner":false,"elType":"container"},{"id":"2ac0d083","settings":{"flex_direction":"row","flex_align_items":"center","padding":{"unit":"em","top":"0","right":"8","bottom":"0","left":"8","isLinked":false},"padding_tablet":{"unit":"em","top":"","right":"","bottom":"","left":"","isLinked":true},"padding_mobile":{"unit":"em","top":"0","right":"1","bottom":"3","left":"1","isLinked":false},"jedv_conditions":[{"_id":"1451291"}]},"elements":[{"id":"6ae99332","settings":{"content_width":"full","flex_direction":"row","flex_align_items":"center","border_border":"solid","border_width":{"unit":"px","top":"1","right":"0","bottom":"0","left":"0","isLinked":false},"padding":{"unit":"em","top":"2.4","right":"0","bottom":"2.4","left":"0","isLinked":false},"padding_tablet":{"unit":"em","top":"","right":"","bottom":"","left":"","isLinked":true},"padding_mobile":{"unit":"em","top":"","right":"","bottom":"","left":"","isLinked":true},"__globals__":{"border_color":"globals\/colors?id=829f2c7"},"jedv_conditions":[{"_id":"374a134"}]},"elements":[{"id":"37b14f03","settings":{"title":"Our Partners :","align":"center","title_color":"#FFFFFF","typography_typography":"custom","typography_font_family":"Raleway","typography_font_size":{"unit":"em","size":1.4,"sizes":[]},"typography_font_size_tablet":{"unit":"rem","size":"","sizes":[]},"typography_font_size_mobile":{"unit":"rem","size":"","sizes":[]},"typography_font_weight":"700","typography_line_height":{"unit":"em","size":1.3,"sizes":[]},"_flex_size":"grow","__globals__":{"typography_typography":"","title_color":"globals\/colors?id=text"},"jedv_conditions":[{"_id":"3cbd2cb"}]},"elements":[],"isInner":false,"widgetType":"heading","elType":"widget"},{"id":"4f5c20c","settings":{"slides":[{"image":{"url":"https:\/\/southernelitemtg.com\/wp-content\/uploads\/2024\/07\/Brand-3-1.png","id":886,"alt":"","source":"library","size":""},"_id":"986e869"},{"image":{"url":"https:\/\/southernelitemtg.com\/wp-content\/uploads\/2024\/07\/Brand-4-1.png","id":889,"alt":"","source":"library","size":""},"_id":"dc9a25b"},{"image":{"url":"https:\/\/southernelitemtg.com\/wp-content\/uploads\/2024\/07\/Brand-5-1.png","id":887,"alt":"","source":"library","size":""},"_id":"ec2e8f5"},{"image":{"url":"https:\/\/southernelitemtg.com\/wp-content\/uploads\/2024\/07\/Brand-1-1.png","id":890,"alt":"","source":"library","size":""},"_id":"fc5e1d9"},{"image":{"url":"https:\/\/southernelitemtg.com\/wp-content\/uploads\/2024\/07\/Brand-5-1.png","id":887,"alt":"","source":"library","size":""},"_id":"0c3e8fa"}],"slides_per_view":"4","slides_to_scroll":"1","height":{"unit":"em","size":2.5,"sizes":[]},"height_tablet":{"unit":"em","size":"","sizes":[]},"height_mobile":{"unit":"em","size":"","sizes":[]},"show_arrows":"","pagination":"","image_fit":"contain","slides_per_view_mobile":"2","slides_to_scroll_mobile":"2","jedv_conditions":[{"_id":"a97ed06"}]},"elements":[],"isInner":false,"widgetType":"media-carousel","elType":"widget"}],"isInner":true,"elType":"container"}],"isInner":false,"elType":"container"}],"settings":{"preview_type":"single\/services"},"metadata":[]}