{"content":[{"id":"58a7ddf0","settings":{"flex_direction":"column","min_height":{"unit":"em","size":26,"sizes":[]},"min_height_tablet":{"unit":"em","size":"","sizes":[]},"min_height_mobile":{"unit":"em","size":"","sizes":[]},"flex_justify_content":"flex-end","flex_align_items":"center","background_background":"classic","background_image":{"url":"https:\/\/southernelitemtg.com\/wp-content\/uploads\/2024\/07\/compressed_shutterstock_2237853093.jpg","id":1192,"size":"","alt":"","source":"library"},"background_position":"center center","background_repeat":"no-repeat","background_size":"cover","background_overlay_background":"classic","padding":{"unit":"em","top":"3","right":"8","bottom":"3","left":"8","isLinked":false},"padding_tablet":{"unit":"em","top":"","right":"","bottom":"","left":"","isLinked":true},"padding_mobile":{"unit":"em","top":"2","right":"1","bottom":"2","left":"1","isLinked":false},"__globals__":{"background_overlay_color":"globals\/colors?id=5590b3c"},"jedv_conditions":[{"_id":"3cde80b"}]},"elements":[{"id":"799a64a","settings":{"content_width":"full","width":{"unit":"em","size":"","sizes":[]},"width_tablet":{"unit":"em","size":"","sizes":[]},"width_mobile":{"unit":"em","size":"","sizes":[]},"_title":"Content","jedv_conditions":[{"_id":"999a7d8"}]},"elements":[{"id":"421f4f2f","settings":{"title":"Elite Team RVA","__globals__":{"typography_typography":"globals\/typography?id=primary","title_color":"globals\/colors?id=1c15ecc"},"jedv_conditions":[{"_id":"cf4feab"}]},"elements":[],"isInner":false,"widgetType":"heading","elType":"widget"},{"id":"6694d7ef","settings":{"text":"Divider","color":"#D2DEE64D","gap":{"unit":"px","size":0,"sizes":[]},"__globals__":{"color":""},"jedv_conditions":[{"_id":"a692576"}]},"elements":[],"isInner":false,"widgetType":"divider","elType":"widget"},{"id":"36ca3e3c","settings":{"icon_list":[{"text":"Home","selected_icon":{"value":"fas fa-home","library":"fa-solid"},"_id":"c301ff4"}],"icon_align":"right","icon_size":{"unit":"em","size":0.8,"sizes":[]},"icon_size_tablet":{"unit":"em","size":"","sizes":[]},"icon_size_mobile":{"unit":"em","size":"","sizes":[]},"__globals__":{"icon_color":"globals\/colors?id=1c15ecc","icon_typography_typography":"globals\/typography?id=text","text_color":"globals\/colors?id=1c15ecc"},"jedv_conditions":[{"_id":"fef3812"}]},"elements":[],"isInner":false,"widgetType":"icon-list","elType":"widget"}],"isInner":true,"elType":"container"}],"isInner":false,"elType":"container"},{"id":"3669f12d","settings":{"flex_direction":"column","background_background":"classic","background_image":{"url":"","id":"","size":"","alt":"","source":"library"},"background_position":"center center","padding":{"unit":"em","top":"5","right":"8","bottom":"5","left":"8","isLinked":false},"padding_tablet":{"unit":"em","top":"","right":"","bottom":"","left":"","isLinked":true},"padding_mobile":{"unit":"em","top":"3","right":"1","bottom":"3","left":"1","isLinked":false},"__globals__":{"background_color":"globals\/colors?id=1c15ecc"},"flex_align_items":"center","jedv_conditions":[{"_id":"2d88190"}]},"elements":[{"id":"7a961f13","settings":{"content_width":"full","width":{"unit":"em","size":40,"sizes":[]},"width_tablet":{"unit":"em","size":"","sizes":[]},"width_mobile":{"unit":"em","size":"","sizes":[]},"flex_align_items":"center","flex_gap":{"column":"","row":"","isLinked":true,"unit":"em","size":null},"flex_gap_tablet":{"column":"","row":"","isLinked":true,"unit":"em","size":null},"flex_gap_mobile":{"column":"","row":"","isLinked":true,"unit":"em","size":null},"jedv_conditions":[{"_id":"9028d4a"}]},"elements":[{"id":"3966c3e3","settings":{"title":"Meet the Elite Team","__globals__":{"typography_typography":"globals\/typography?id=a30e13a","title_color":"globals\/colors?id=secondary"},"align":"center","header_size":"p","title_color":"#FFFFFF","jedv_conditions":[{"_id":"7ff091b"}]},"elements":[],"isInner":false,"widgetType":"heading","elType":"widget"},{"id":"13a1363","settings":{"title":"Team work makes the dream work","__globals__":{"typography_typography":"globals\/typography?id=primary","title_color":"globals\/colors?id=primary"},"align":"center","jedv_conditions":[{"_id":"933331a"}]},"elements":[],"isInner":false,"widgetType":"heading","elType":"widget"},{"id":"6046b174","settings":{"title":"From Dreams to Keys; Unlocking the door to your dream home","__globals__":{"typography_typography":"globals\/typography?id=text","title_color":"globals\/colors?id=text"},"align":"center","header_size":"p","title_color":"#FFFFFF","jedv_conditions":[{"_id":"536d5b7"}]},"elements":[],"isInner":false,"widgetType":"heading","elType":"widget"}],"isInner":true,"elType":"container"},{"id":"15eaaf8a","settings":{"lisitng_id":"949","columns":"3","not_found_message":"No data was found","posts_query":[],"terms_meta_query":[],"users_meta_query":[],"_element_width":"inherit","posts_num":99,"horizontal_gap":{"unit":"em","size":1,"sizes":[]},"horizontal_gap_tablet":{"unit":"em","size":"","sizes":[]},"horizontal_gap_mobile":{"unit":"em","size":"","sizes":[]},"vertical_gap":{"unit":"em","size":1,"sizes":[]},"vertical_gap_tablet":{"unit":"em","size":"","sizes":[]},"vertical_gap_mobile":{"unit":"em","size":"","sizes":[]},"_margin":{"unit":"em","top":"0.5","right":"0","bottom":"0","left":"0","isLinked":false},"_margin_tablet":{"unit":"em","top":"","right":"","bottom":"","left":"","isLinked":true},"_margin_mobile":{"unit":"em","top":"","right":"","bottom":"","left":"","isLinked":true},"columns_mobile":"1","jedv_conditions":[{"_id":"39e431f"}]},"elements":[],"isInner":false,"widgetType":"jet-listing-grid","elType":"widget"}],"isInner":false,"elType":"container"},{"id":"34d47abb","settings":{"flex_direction":"row","flex_gap":{"unit":"px","size":0,"column":"0","row":"0"},"padding":{"unit":"em","top":"0","right":"8","bottom":"5","left":"8","isLinked":false},"padding_tablet":{"unit":"em","top":"","right":"","bottom":"","left":"","isLinked":true},"padding_mobile":{"unit":"em","top":"0","right":"1","bottom":"3","left":"1","isLinked":false},"jedv_conditions":[{"_id":"9a09883"}]},"elements":[{"id":"4afd3375","settings":{"flex_direction":"column","content_width":"full","width":{"unit":"%","size":40},"background_background":"classic","background_image":{"url":"https:\/\/southernelitemtg.com\/wp-content\/uploads\/2024\/07\/compressed_shutterstock_2280847653.jpg","id":1193,"size":"","alt":"","source":"library"},"flex_justify_content":"center","flex_align_items":"center","background_position":"center center","background_repeat":"no-repeat","background_size":"cover","min_height_mobile":{"unit":"em","size":14,"sizes":[]},"jedv_conditions":[{"_id":"4fbc3e3"}]},"elements":[{"id":"6897648a","settings":{"selected_icon":{"value":"fas fa-play","library":"fa-solid"},"size":{"unit":"em","size":1.4,"sizes":[]},"size_tablet":{"unit":"em","size":"","sizes":[]},"size_mobile":{"unit":"em","size":"","sizes":[]},"__globals__":{"primary_color":"","secondary_color":"globals\/colors?id=primary"},"view":"stacked","primary_color":"#FFFFFF80","icon_padding":{"unit":"em","size":1.6,"sizes":[]},"jedv_conditions":[{"_id":"7f0d26d"}]},"elements":[],"isInner":false,"widgetType":"icon","elType":"widget"}],"isInner":true,"elType":"container"},{"id":"ac574f6","settings":{"flex_direction":"column","content_width":"full","width":{"unit":"%","size":60},"background_background":"classic","padding":{"unit":"em","top":"4","right":"3","bottom":"4","left":"3","isLinked":false},"padding_tablet":{"unit":"em","top":"","right":"","bottom":"","left":"","isLinked":true},"padding_mobile":{"unit":"em","top":"2","right":"2","bottom":"2","left":"2","isLinked":true},"__globals__":{"background_color":"globals\/colors?id=c405ede"},"jedv_conditions":[{"_id":"5ae0739"}]},"elements":[{"id":"55c11afc","settings":{"title":"Journey to Homeownership starts here","__globals__":{"typography_typography":"globals\/typography?id=primary","title_color":"globals\/colors?id=primary"},"jedv_conditions":[{"_id":"2c9c423"}]},"elements":[],"isInner":false,"widgetType":"heading","elType":"widget"},{"id":"397eeaf7","settings":{"title":"We're honored to stand by your side as your trusted financial partner throughout this exciting adventure.","__globals__":{"typography_typography":"globals\/typography?id=text","title_color":"globals\/colors?id=text"},"jedv_conditions":[{"_id":"ba6a09b"}]},"elements":[],"isInner":false,"widgetType":"heading","elType":"widget"},{"id":"129d6259","settings":{"content_width":"full","width":{"unit":"%","size":100,"sizes":[]},"flex_direction":"row","flex_align_items":"center","padding":{"unit":"em","top":"1","right":"0","bottom":"0","left":"0","isLinked":false},"padding_tablet":{"unit":"em","top":"","right":"","bottom":"","left":"","isLinked":true},"padding_mobile":{"unit":"em","top":"","right":"","bottom":"","left":"","isLinked":true},"border_border":"dashed","border_width":{"unit":"px","top":"2","right":"0","bottom":"0","left":"0","isLinked":false},"margin":{"unit":"em","top":"1","right":"0","bottom":"0","left":"0","isLinked":false},"margin_tablet":{"unit":"em","top":"","right":"","bottom":"","left":"","isLinked":true},"margin_mobile":{"unit":"em","top":"","right":"","bottom":"","left":"","isLinked":true},"__globals__":{"border_color":"globals\/colors?id=829f2c7"},"jedv_conditions":[{"_id":"d83d58f"}]},"elements":[{"id":"3f3c2cb8","settings":{"content_width":"full","border_width":{"unit":"px","top":"2","right":"2","bottom":"2","left":"2","isLinked":true},"_title":"Item","__globals__":{"border_color":"globals\/colors?id=829f2c7","background_color":"globals\/colors?id=8781188"},"background_background":"classic","padding":{"unit":"em","top":"1","right":"0","bottom":"1","left":"0","isLinked":false},"padding_tablet":{"unit":"em","top":"","right":"","bottom":"","left":"","isLinked":true},"padding_mobile":{"unit":"em","top":"","right":"","bottom":"","left":"","isLinked":true},"flex_gap":{"column":"0.5","row":"0.5","isLinked":true,"unit":"em","size":0},"flex_gap_tablet":{"column":"","row":"","isLinked":true,"unit":"em","size":null},"flex_gap_mobile":{"column":"","row":"","isLinked":true,"unit":"em","size":null},"jedv_conditions":[{"_id":"caf6e8c"}]},"elements":[{"id":"111a871e","settings":{"selected_icon":{"value":"fas fa-arrow-right","library":"fa-solid"},"align":"left","size":{"unit":"em","size":0.7,"sizes":[]},"size_tablet":{"unit":"em","size":"","sizes":[]},"size_mobile":{"unit":"em","size":"","sizes":[]},"__globals__":{"primary_color":"globals\/colors?id=secondary","secondary_color":"globals\/colors?id=1c15ecc"},"view":"stacked","icon_padding":{"unit":"rem","size":0.7,"sizes":[]},"rotate":{"unit":"deg","size":-45,"sizes":[]},"jedv_conditions":[{"_id":"d2f5308"}]},"elements":[],"isInner":false,"widgetType":"icon","elType":"widget"},{"id":"5f46ace3","settings":{"title":"Navigate the Process","__globals__":{"typography_typography":"globals\/typography?id=secondary","title_color":"globals\/colors?id=primary"},"title_color":"#232323","header_size":"h4","jedv_conditions":[{"_id":"cb9ccf4"}]},"elements":[],"isInner":false,"widgetType":"heading","elType":"widget"},{"id":"1315ce55","settings":{"title":"Receive personalized mortgage guidance tailored to your unique financial situation and homeownership goals, ensuring a smooth and informed experience.","__globals__":{"typography_typography":"globals\/typography?id=text","title_color":"globals\/colors?id=text"},"header_size":"p","jedv_conditions":[{"_id":"62964af"}]},"elements":[],"isInner":false,"widgetType":"heading","elType":"widget"}],"isInner":true,"elType":"container"},{"id":"3c91d41","settings":{"content_width":"full","border_width":{"unit":"px","top":"2","right":"2","bottom":"2","left":"2","isLinked":true},"_title":"Item","__globals__":{"border_color":"globals\/colors?id=829f2c7","background_color":"globals\/colors?id=8781188"},"background_background":"classic","padding":{"unit":"em","top":"1","right":"0","bottom":"1","left":"0","isLinked":false},"padding_tablet":{"unit":"em","top":"","right":"","bottom":"","left":"","isLinked":true},"padding_mobile":{"unit":"em","top":"","right":"","bottom":"","left":"","isLinked":true},"flex_gap":{"column":"0.5","row":"0.5","isLinked":true,"unit":"em","size":0},"flex_gap_tablet":{"column":"","row":"","isLinked":true,"unit":"em","size":null},"flex_gap_mobile":{"column":"","row":"","isLinked":true,"unit":"em","size":null},"jedv_conditions":[{"_id":"4977ce8"}]},"elements":[{"id":"9768b8b","settings":{"selected_icon":{"value":"fas fa-arrow-right","library":"fa-solid"},"align":"left","size":{"unit":"em","size":0.7,"sizes":[]},"size_tablet":{"unit":"em","size":"","sizes":[]},"size_mobile":{"unit":"em","size":"","sizes":[]},"__globals__":{"primary_color":"globals\/colors?id=secondary","secondary_color":"globals\/colors?id=1c15ecc"},"view":"stacked","icon_padding":{"unit":"rem","size":0.7,"sizes":[]},"rotate":{"unit":"deg","size":-45,"sizes":[]},"jedv_conditions":[{"_id":"4f5d27c"}]},"elements":[],"isInner":false,"widgetType":"icon","elType":"widget"},{"id":"5530d771","settings":{"title":"Mortgage Solutions","__globals__":{"typography_typography":"globals\/typography?id=secondary","title_color":"globals\/colors?id=primary"},"title_color":"#232323","header_size":"h4","jedv_conditions":[{"_id":"e77132c"}]},"elements":[],"isInner":false,"widgetType":"heading","elType":"widget"},{"id":"699af238","settings":{"title":"Whether you're embarking on your first home-buying journey or you're a seasoned buyer, each step you take is uniquely yours. Trust that we'll always act in your best interests, offering sound advice and solutions tailored to your needs.","__globals__":{"typography_typography":"globals\/typography?id=text","title_color":"globals\/colors?id=text"},"header_size":"p","jedv_conditions":[{"_id":"eb60c08"}]},"elements":[],"isInner":false,"widgetType":"heading","elType":"widget"}],"isInner":true,"elType":"container"}],"isInner":true,"elType":"container"}],"isInner":true,"elType":"container"}],"isInner":false,"elType":"container"},{"id":"3b2ecc78","settings":{"flex_direction":"row","min_height":{"unit":"em","size":28,"sizes":[]},"min_height_tablet":{"unit":"em","size":"","sizes":[]},"min_height_mobile":{"unit":"em","size":"","sizes":[]},"background_image":{"url":"","id":"","size":"","alt":"","source":"library"},"background_position":"center center","background_repeat":"no-repeat","background_size":"cover","background_overlay_opacity":{"unit":"px","size":0.6,"sizes":[]},"padding":{"unit":"em","top":"0","right":"8","bottom":"5","left":"8","isLinked":false},"padding_tablet":{"unit":"em","top":"","right":"","bottom":"","left":"","isLinked":true},"padding_mobile":{"unit":"em","top":"2","right":"1","bottom":"2","left":"1","isLinked":false},"__globals__":{"background_overlay_color":"globals\/colors?id=primary"},"flex_gap":{"column":"3","row":"3","isLinked":true,"unit":"%","size":3},"flex_align_items":"center","flex_gap_tablet":{"column":"","row":"","isLinked":true,"unit":"%","size":null},"flex_gap_mobile":{"column":"","row":"","isLinked":true,"unit":"%","size":null},"hide_desktop":"hidden-desktop","hide_tablet":"hidden-tablet","hide_mobile":"hidden-mobile","jedv_conditions":[{"_id":"32a0ea9"}]},"elements":[{"id":"66f93138","settings":{"content_width":"full","width":{"unit":"%","size":40,"sizes":[]},"width_tablet":{"unit":"em","size":"","sizes":[]},"width_mobile":{"unit":"em","size":"","sizes":[]},"_title":"Content","padding":{"unit":"em","top":"0","right":"1","bottom":"0","left":"0","isLinked":false},"padding_tablet":{"unit":"em","top":"","right":"","bottom":"","left":"","isLinked":true},"padding_mobile":{"unit":"em","top":"","right":"","bottom":"","left":"","isLinked":true},"jedv_conditions":[{"_id":"b55bb3f"}]},"elements":[{"id":"2f5d6a31","settings":{"title":"Learn more about Southern Elite Mortgage","__globals__":{"typography_typography":"globals\/typography?id=a30e13a","title_color":"globals\/colors?id=text"},"header_size":"p","title_color":"#FFFFFF","jedv_conditions":[{"_id":"87ce188"}]},"elements":[],"isInner":false,"widgetType":"heading","elType":"widget"},{"id":"4860edad","settings":{"title":"Interested in joining our team?","__globals__":{"typography_typography":"globals\/typography?id=primary","title_color":"globals\/colors?id=primary"},"jedv_conditions":[{"_id":"b8ade34"}]},"elements":[],"isInner":false,"widgetType":"heading","elType":"widget"},{"id":"6991805d","settings":{"title":"Become a part of our dedicated team and play a pivotal role in turning homeownership dreams into reality.","__globals__":{"typography_typography":"globals\/typography?id=text","title_color":"globals\/colors?id=text"},"header_size":"p","title_color":"#FFFFFF","jedv_conditions":[{"_id":"68c3b0a"}]},"elements":[],"isInner":false,"widgetType":"heading","elType":"widget"},{"id":"23eb8d20","settings":{"title":"Email:  contactus@southernelitemtg.com","__globals__":{"typography_typography":"globals\/typography?id=text","title_color":"globals\/colors?id=text"},"header_size":"p","title_color":"#FFFFFF","link":{"url":"mailto:contactus@southernelitemtg.com","is_external":"","nofollow":"","custom_attributes":""},"jedv_conditions":[{"_id":"c86b963"}]},"elements":[],"isInner":false,"widgetType":"heading","elType":"widget"},{"id":"5e287668","settings":{"text":"Contact Us","border_radius":{"unit":"px","top":"0","right":"0","bottom":"0","left":"0","isLinked":false},"text_padding":{"unit":"em","top":"0.7","right":"1.3","bottom":"0.7","left":"1.3","isLinked":false},"text_padding_tablet":{"unit":"em","top":"","right":"","bottom":"","left":"","isLinked":true},"text_padding_mobile":{"unit":"em","top":"","right":"","bottom":"","left":"","isLinked":true},"_margin":{"unit":"em","top":"1","right":"0","bottom":"0","left":"0","isLinked":false},"_margin_tablet":{"unit":"em","top":"","right":"","bottom":"","left":"","isLinked":true},"_margin_mobile":{"unit":"em","top":"","right":"","bottom":"","left":"","isLinked":true},"__globals__":{"background_color":"globals\/colors?id=accent","button_background_hover_color":"globals\/colors?id=eb3d4e3","button_text_color":"globals\/colors?id=1c15ecc","hover_color":"globals\/colors?id=primary"},"link":{"url":"\/contact-us","is_external":"","nofollow":"","custom_attributes":""},"jedv_conditions":[{"_id":"ef323f4"}]},"elements":[],"isInner":false,"widgetType":"button","elType":"widget"}],"isInner":true,"elType":"container"},{"id":"2e641c","settings":{"content_width":"full","width":{"unit":"%","size":57,"sizes":[]},"flex_direction":"row","flex_align_items":"center","padding":{"unit":"em","top":"1","right":"1","bottom":"1","left":"1","isLinked":true},"padding_tablet":{"unit":"em","top":"","right":"","bottom":"","left":"","isLinked":true},"padding_mobile":{"unit":"em","top":"","right":"","bottom":"","left":"","isLinked":true},"container_type":"grid","grid_columns_grid":{"unit":"fr","size":2,"sizes":[]},"grid_gaps":{"column":"0","row":"0","isLinked":false,"unit":"px"},"background_background":"classic","__globals__":{"background_color":"globals\/colors?id=c405ede"},"presetTitle":"Grid","presetIcon":"eicon-container-grid","background_image":{"url":"https:\/\/southernelitemtg.com\/wp-content\/uploads\/2023\/07\/SouthernEliteMortgage-Horizontal-Smaller_png_color.png","id":1149,"size":"","alt":"","source":"library"},"background_position":"center center","background_repeat":"no-repeat","background_size":"contain","jedv_conditions":[{"_id":"9bfb83e"}]},"elements":[{"id":"7cc31021","settings":{"image":{"url":"https:\/\/southernelitemtg.com\/wp-content\/uploads\/2024\/07\/broker-and-client-shaking-hands-after-signing-contract-approved-application-form-e1695129576901.jpg","id":732,"size":"","alt":"","source":"library"},"image_size":"full","width":{"unit":"%","size":100,"sizes":[]},"height":{"unit":"em","size":8,"sizes":[]},"height_tablet":{"unit":"em","size":"","sizes":[]},"height_mobile":{"unit":"em","size":"","sizes":[]},"object-fit":"cover","hide_desktop":"hidden-desktop","hide_tablet":"hidden-tablet","hide_mobile":"hidden-mobile","jedv_conditions":[{"_id":"3a2104c"}]},"elements":[],"isInner":false,"widgetType":"image","elType":"widget"},{"id":"4b59fd3d","settings":{"image":{"url":"https:\/\/southernelitemtg.com\/wp-content\/uploads\/2024\/07\/call-center-operator-using-laptop-e1695090411259.jpg","id":397,"size":"","alt":"","source":"library"},"image_size":"full","width":{"unit":"%","size":100,"sizes":[]},"height":{"unit":"em","size":8,"sizes":[]},"height_tablet":{"unit":"em","size":"","sizes":[]},"height_mobile":{"unit":"em","size":"","sizes":[]},"object-fit":"cover","hide_desktop":"hidden-desktop","hide_tablet":"hidden-tablet","hide_mobile":"hidden-mobile","jedv_conditions":[{"_id":"d171a2b"}]},"elements":[],"isInner":false,"widgetType":"image","elType":"widget"},{"id":"4a52f1d3","settings":{"image":{"url":"https:\/\/southernelitemtg.com\/wp-content\/uploads\/2024\/07\/happy-couple-signing-mortgage-contract-while-having-meeting-with-real-estate-agent-e1695041762415.jpg","id":74,"size":"","alt":"","source":"library"},"image_size":"full","width":{"unit":"%","size":100,"sizes":[]},"height":{"unit":"em","size":8,"sizes":[]},"height_tablet":{"unit":"em","size":"","sizes":[]},"height_mobile":{"unit":"em","size":"","sizes":[]},"object-fit":"cover","hide_desktop":"hidden-desktop","hide_tablet":"hidden-tablet","hide_mobile":"hidden-mobile","jedv_conditions":[{"_id":"8cfe28c"}]},"elements":[],"isInner":false,"widgetType":"image","elType":"widget"},{"id":"c0a450b","settings":{"image":{"url":"https:\/\/southernelitemtg.com\/wp-content\/uploads\/2024\/07\/real-estate-agents-talk-to-client-and-offer-good-interest-rates-and-calculate-clients-on-mortgage-e1695292475957.jpg","id":847,"size":"","alt":"","source":"library"},"image_size":"full","width":{"unit":"%","size":100,"sizes":[]},"height":{"unit":"em","size":8,"sizes":[]},"height_tablet":{"unit":"em","size":"","sizes":[]},"height_mobile":{"unit":"em","size":"","sizes":[]},"object-fit":"cover","hide_desktop":"hidden-desktop","hide_tablet":"hidden-tablet","hide_mobile":"hidden-mobile","jedv_conditions":[{"_id":"e71eed7"}]},"elements":[],"isInner":false,"widgetType":"image","elType":"widget"}],"isInner":true,"elType":"container"}],"isInner":false,"elType":"container"},{"id":"6660c9af","settings":{"flex_direction":"row","min_height":{"unit":"em","size":28,"sizes":[]},"min_height_tablet":{"unit":"em","size":"","sizes":[]},"min_height_mobile":{"unit":"em","size":"","sizes":[]},"background_image":{"url":"","id":"","size":"","alt":"","source":"library"},"background_position":"center center","background_repeat":"no-repeat","background_size":"cover","background_overlay_opacity":{"unit":"px","size":0.6,"sizes":[]},"padding":{"unit":"em","top":"0","right":"8","bottom":"5","left":"8","isLinked":false},"padding_tablet":{"unit":"em","top":"","right":"","bottom":"","left":"","isLinked":true},"padding_mobile":{"unit":"em","top":"2","right":"1","bottom":"2","left":"1","isLinked":false},"__globals__":{"background_overlay_color":"globals\/colors?id=primary"},"flex_gap":{"column":"3","row":"3","isLinked":true,"unit":"%","size":3},"flex_align_items":"center","flex_gap_tablet":{"column":"","row":"","isLinked":true,"unit":"%","size":null},"flex_gap_mobile":{"column":"2","row":"2","isLinked":true,"unit":"em","size":2},"jedv_conditions":[{"_id":"bb2cdc2"}]},"elements":[{"id":"2af2f8ea","settings":{"content_width":"full","width":{"unit":"%","size":40,"sizes":[]},"width_tablet":{"unit":"em","size":"","sizes":[]},"width_mobile":{"unit":"em","size":"","sizes":[]},"_title":"Content","padding":{"unit":"em","top":"0","right":"1","bottom":"0","left":"0","isLinked":false},"padding_tablet":{"unit":"em","top":"","right":"","bottom":"","left":"","isLinked":true},"padding_mobile":{"unit":"em","top":"","right":"","bottom":"","left":"","isLinked":true},"jedv_conditions":[{"_id":"dc2542d"}]},"elements":[{"id":"5169c11e","settings":{"title":"Learn more about Southern Elite Mortgage","__globals__":{"typography_typography":"globals\/typography?id=a30e13a","title_color":"globals\/colors?id=text"},"header_size":"p","title_color":"#FFFFFF","jedv_conditions":[{"_id":"b8211e2"}]},"elements":[],"isInner":false,"widgetType":"heading","elType":"widget"},{"id":"513578d1","settings":{"title":"Interested in joining our team?","__globals__":{"typography_typography":"globals\/typography?id=primary","title_color":"globals\/colors?id=primary"},"jedv_conditions":[{"_id":"4451ff9"}]},"elements":[],"isInner":false,"widgetType":"heading","elType":"widget"},{"id":"49106968","settings":{"title":"Become a part of our dedicated team and play a pivotal role in turning homeownership dreams into reality.","__globals__":{"typography_typography":"globals\/typography?id=text","title_color":"globals\/colors?id=text"},"header_size":"p","title_color":"#FFFFFF","jedv_conditions":[{"_id":"d678e85"}]},"elements":[],"isInner":false,"widgetType":"heading","elType":"widget"},{"id":"50d3b7d","settings":{"title":"Email:  contactus@southernelitemtg.com","__globals__":{"typography_typography":"globals\/typography?id=text","title_color":"globals\/colors?id=text"},"header_size":"p","title_color":"#FFFFFF","link":{"url":"mailto:contactus@southernelitemtg.com","is_external":"","nofollow":"","custom_attributes":""},"jedv_conditions":[{"_id":"b487004"}]},"elements":[],"isInner":false,"widgetType":"heading","elType":"widget"},{"id":"48c1bcc9","settings":{"text":"Contact Us","border_radius":{"unit":"px","top":"0","right":"0","bottom":"0","left":"0","isLinked":false},"text_padding":{"unit":"em","top":"0.7","right":"1.3","bottom":"0.7","left":"1.3","isLinked":false},"text_padding_tablet":{"unit":"em","top":"","right":"","bottom":"","left":"","isLinked":true},"text_padding_mobile":{"unit":"em","top":"","right":"","bottom":"","left":"","isLinked":true},"_margin":{"unit":"em","top":"1","right":"0","bottom":"0","left":"0","isLinked":false},"_margin_tablet":{"unit":"em","top":"","right":"","bottom":"","left":"","isLinked":true},"_margin_mobile":{"unit":"em","top":"","right":"","bottom":"","left":"","isLinked":true},"__globals__":{"background_color":"globals\/colors?id=accent","button_background_hover_color":"globals\/colors?id=eb3d4e3","button_text_color":"globals\/colors?id=1c15ecc","hover_color":"globals\/colors?id=primary"},"link":{"url":"\/contact-us","is_external":"","nofollow":"","custom_attributes":""},"jedv_conditions":[{"_id":"002d42c"}]},"elements":[],"isInner":false,"widgetType":"button","elType":"widget"}],"isInner":true,"elType":"container"},{"id":"4c276006","settings":{"content_width":"full","width":{"unit":"%","size":57,"sizes":[]},"flex_direction":"row","flex_align_items":"center","padding":{"unit":"em","top":"1","right":"1","bottom":"1","left":"1","isLinked":true},"padding_tablet":{"unit":"em","top":"","right":"","bottom":"","left":"","isLinked":true},"padding_mobile":{"unit":"em","top":"","right":"","bottom":"","left":"","isLinked":true},"container_type":"grid","grid_columns_grid":{"unit":"fr","size":1,"sizes":[]},"grid_gaps":{"column":"0","row":"0","isLinked":false,"unit":"px"},"background_background":"classic","__globals__":{"background_color":"globals\/colors?id=c405ede"},"presetTitle":"Grid","presetIcon":"eicon-container-grid","background_image":{"url":"","id":"","size":"","alt":"","source":"library"},"background_position":"center center","background_repeat":"no-repeat","background_size":"contain","grid_rows_grid":{"unit":"fr","size":1,"sizes":[]},"_flex_order_mobile":"start","jedv_conditions":[{"_id":"79b802e"}]},"elements":[{"id":"237a8d9e","settings":{"image":{"url":"https:\/\/southernelitemtg.com\/wp-content\/uploads\/2023\/07\/SouthernEliteMortgage-Horizontal-Smaller_png_color.png","id":1149,"size":"","alt":"","source":"library"},"image_size":"full","width":{"unit":"%","size":100,"sizes":[]},"height":{"unit":"em","size":8,"sizes":[]},"height_tablet":{"unit":"em","size":"","sizes":[]},"height_mobile":{"unit":"em","size":"","sizes":[]},"object-fit":"cover","jedv_conditions":[{"_id":"d3014e1"}]},"elements":[],"isInner":false,"widgetType":"image","elType":"widget"}],"isInner":true,"elType":"container"}],"isInner":false,"elType":"container"}],"settings":[],"metadata":[]}