{"content":[{"id":"5fab90d5","settings":{"flex_direction":"column","min_height":{"unit":"em","size":26,"sizes":[]},"min_height_tablet":{"unit":"em","size":"","sizes":[]},"min_height_mobile":{"unit":"em","size":"","sizes":[]},"flex_justify_content":"flex-end","flex_align_items":"center","background_background":"classic","background_image":{"url":"https:\/\/southernelitemtg.com\/wp-content\/uploads\/2024\/07\/sem_shutterstock_112040234.jpg","id":1843,"size":"","alt":"","source":"library"},"background_position":"center center","background_repeat":"no-repeat","background_size":"cover","background_overlay_background":"classic","padding":{"unit":"em","top":"3","right":"8","bottom":"3","left":"8","isLinked":false},"padding_tablet":{"unit":"em","top":"","right":"","bottom":"","left":"","isLinked":true},"padding_mobile":{"unit":"em","top":"2","right":"1","bottom":"2","left":"1","isLinked":false},"__globals__":{"background_overlay_color":"globals\/colors?id=5590b3c"},"jedv_conditions":[{"_id":"e7a3dd9"}]},"elements":[{"id":"2d5c4ddf","settings":{"content_width":"full","width":{"unit":"em","size":"","sizes":[]},"width_tablet":{"unit":"em","size":"","sizes":[]},"width_mobile":{"unit":"em","size":"","sizes":[]},"_title":"Content","jedv_conditions":[{"_id":"3ffa995"}]},"elements":[{"id":"2759f2be","settings":{"title":"Services to Solutions","__globals__":{"typography_typography":"globals\/typography?id=primary","title_color":"globals\/colors?id=1c15ecc"},"jedv_conditions":[{"_id":"ef655f6"}]},"elements":[],"isInner":false,"widgetType":"heading","elType":"widget"},{"id":"79ac115f","settings":{"title":"Whether you are buying or refinancing our team is dedicated to your journey.","__globals__":{"typography_typography":"globals\/typography?id=text","title_color":"globals\/colors?id=1c15ecc"},"header_size":"p","title_color":"#FFFFFF","jedv_conditions":[{"_id":"1bd4d06"}],"content_width":"full"},"elements":[],"isInner":false,"widgetType":"heading","elType":"widget"},{"id":"2769f699","settings":{"text":"Divider","color":"#D2DEE64D","gap":{"unit":"px","size":0,"sizes":[]},"__globals__":{"color":""},"jedv_conditions":[{"_id":"84c4046"}]},"elements":[],"isInner":false,"widgetType":"divider","elType":"widget"}],"isInner":true,"elType":"container"},{"id":"7bdda0ca","settings":{"content_width":"full","flex_direction":"row","flex_align_items":"flex-start","jedv_conditions":[{"_id":"e0cfc59"}]},"elements":[{"id":"5c279e3f","settings":{"content_width":"full","jedv_conditions":[{"_id":"bd55843"}]},"elements":[{"id":"c0945ce","settings":{"content_width":"full","flex_direction":"row","flex_gap":{"column":"1","row":"1","isLinked":true,"unit":"em","size":1},"flex_gap_tablet":{"column":"","row":"","isLinked":true,"unit":"em","size":null},"flex_gap_mobile":{"column":"","row":"","isLinked":true,"unit":"em","size":null},"jedv_conditions":[{"_id":"ce2527a"}]},"elements":[{"id":"462341d7","settings":{"text":"Apply Online","border_radius":{"unit":"px","top":"0","right":"0","bottom":"0","left":"0","isLinked":false},"text_padding":{"unit":"em","top":"0.7","right":"1.5","bottom":"0.7","left":"1.5","isLinked":false},"text_padding_tablet":{"unit":"em","top":"","right":"","bottom":"","left":"","isLinked":true},"text_padding_mobile":{"unit":"em","top":"","right":"","bottom":"","left":"","isLinked":true},"__globals__":{"button_text_color":"globals\/colors?id=1c15ecc","hover_color":"globals\/colors?id=1c15ecc","button_background_hover_color":"globals\/colors?id=eb3d4e3"},"jedv_conditions":[{"_id":"3df9f9c"}],"link":{"url":"https:\/\/eliteteamrva.my1003app.com\/2349520\/register?time=1722875945626","is_external":"on","nofollow":"","custom_attributes":""},"content_width":"full","background_color_stop_tablet":{"unit":"%"},"background_color_stop_mobile":{"unit":"%"},"background_color_b_stop_tablet":{"unit":"%"},"background_color_b_stop_mobile":{"unit":"%"},"background_gradient_angle_tablet":{"unit":"deg"},"background_gradient_angle_mobile":{"unit":"deg"},"button_background_hover_color_stop_tablet":{"unit":"%"},"button_background_hover_color_stop_mobile":{"unit":"%"},"button_background_hover_color_b_stop_tablet":{"unit":"%"},"button_background_hover_color_b_stop_mobile":{"unit":"%"},"button_background_hover_gradient_angle_tablet":{"unit":"deg"},"button_background_hover_gradient_angle_mobile":{"unit":"deg"}},"elements":[],"isInner":false,"widgetType":"button","elType":"widget"},{"id":"6b5adce8","settings":{"text":"Contact Us","border_radius":{"unit":"px","top":"0","right":"0","bottom":"0","left":"0","isLinked":false},"text_padding":{"unit":"em","top":"0.7","right":"1.5","bottom":"0.7","left":"1.5","isLinked":false},"text_padding_tablet":{"unit":"em","top":"","right":"","bottom":"","left":"","isLinked":true},"text_padding_mobile":{"unit":"em","top":"","right":"","bottom":"","left":"","isLinked":true},"__globals__":{"button_text_color":"globals\/colors?id=1c15ecc","hover_color":"globals\/colors?id=1c15ecc","button_background_hover_color":"globals\/colors?id=eb3d4e3","background_color":"globals\/colors?id=accent"},"jedv_conditions":[{"_id":"3df9f9c"}],"content_width":"full","__dynamic__":[],"link":{"url":"https:\/\/southernelitemtg.com\/contact-us\/","is_external":"","nofollow":"","custom_attributes":""},"background_color_stop_tablet":{"unit":"%"},"background_color_stop_mobile":{"unit":"%"},"background_color_b_stop_tablet":{"unit":"%"},"background_color_b_stop_mobile":{"unit":"%"},"background_gradient_angle_tablet":{"unit":"deg"},"background_gradient_angle_mobile":{"unit":"deg"},"button_background_hover_color_stop_tablet":{"unit":"%"},"button_background_hover_color_stop_mobile":{"unit":"%"},"button_background_hover_color_b_stop_tablet":{"unit":"%"},"button_background_hover_color_b_stop_mobile":{"unit":"%"},"button_background_hover_gradient_angle_tablet":{"unit":"deg"},"button_background_hover_gradient_angle_mobile":{"unit":"deg"}},"elements":[],"isInner":false,"widgetType":"button","elType":"widget"}],"isInner":true,"elType":"container"}],"isInner":true,"elType":"container"},{"id":"31d46b48","settings":{"content_width":"full","jedv_conditions":[{"_id":"bd55843"}]},"elements":[{"id":"40ae2532","settings":{"icon_list":[{"text":"Home  \/  Services","selected_icon":{"value":"fas fa-home","library":"fa-solid"},"_id":"c301ff4"}],"icon_align":"right","icon_size":{"unit":"em","size":0.8,"sizes":[]},"icon_size_tablet":{"unit":"em","size":"","sizes":[]},"icon_size_mobile":{"unit":"em","size":"","sizes":[]},"__globals__":{"icon_color":"globals\/colors?id=1c15ecc","icon_typography_typography":"globals\/typography?id=text","text_color":"globals\/colors?id=1c15ecc"},"jedv_conditions":[{"_id":"109d3ef"}],"content_width":"full","_flex_align_self_mobile":"flex-start","hide_mobile":"hidden-mobile"},"elements":[],"isInner":false,"widgetType":"icon-list","elType":"widget"}],"isInner":true,"elType":"container"}],"isInner":true,"elType":"container"}],"isInner":false,"elType":"container"},{"id":"460d170c","settings":{"flex_direction":"column","flex_gap":{"column":"2.4","row":"2.4","isLinked":true,"unit":"em","size":2},"flex_gap_tablet":{"column":"","row":"","isLinked":true,"unit":"em","size":null},"flex_gap_mobile":{"column":"","row":"","isLinked":true,"unit":"em","size":null},"padding":{"unit":"em","top":"5","right":"8","bottom":"5","left":"8","isLinked":false},"padding_tablet":{"unit":"em","top":"","right":"","bottom":"","left":"","isLinked":true},"padding_mobile":{"unit":"em","top":"3","right":"1","bottom":"3","left":"1","isLinked":false},"jedv_conditions":[{"_id":"a483c5a"}]},"elements":[{"id":"71a44796","settings":{"flex_direction":"row","content_width":"full","min_height":{"unit":"em","size":"","sizes":[]},"min_height_tablet":{"unit":"em","size":"","sizes":[]},"min_height_mobile":{"unit":"em","size":"","sizes":[]},"background_image":{"url":"","id":"","size":"","alt":"","source":"library"},"background_position":"center center","background_repeat":"no-repeat","background_size":"cover","background_overlay_opacity":{"unit":"px","size":0.6,"sizes":[]},"padding":{"unit":"em","top":"","right":"","bottom":"","left":"","isLinked":true},"padding_tablet":{"unit":"em","top":"","right":"","bottom":"","left":"","isLinked":true},"padding_mobile":{"unit":"em","top":"2","right":"1","bottom":"2","left":"1","isLinked":false},"__globals__":{"background_overlay_color":"globals\/colors?id=primary"},"flex_gap":{"column":"0","row":"0","isLinked":false,"unit":"px","size":0},"flex_align_items":"center","flex_gap_mobile":{"column":"1","row":"1","isLinked":true,"unit":"em","size":1},"jedv_conditions":[{"_id":"3705fbb"}]},"elements":[{"id":"6b70b94b","settings":{"content_width":"full","width":{"unit":"%","size":50,"sizes":[]},"width_tablet":{"unit":"em","size":"","sizes":[]},"width_mobile":{"unit":"em","size":"","sizes":[]},"_title":"Content","padding":{"unit":"em","top":"0","right":"1","bottom":"0","left":"0","isLinked":false},"padding_tablet":{"unit":"em","top":"","right":"","bottom":"","left":"","isLinked":true},"padding_mobile":{"unit":"em","top":"","right":"","bottom":"","left":"","isLinked":true},"jedv_conditions":[{"_id":"ad3fdc0"}]},"elements":[{"id":"640b6ad9","settings":{"title":"Mortgage Solutions","__globals__":{"typography_typography":"globals\/typography?id=a30e13a","title_color":"globals\/colors?id=secondary"},"header_size":"p","title_color":"#FFFFFF","jedv_conditions":[{"_id":"2adb63e"}]},"elements":[],"isInner":false,"widgetType":"heading","elType":"widget"},{"id":"6266f4ab","settings":{"title":"Your Journey Starts Here","__globals__":{"typography_typography":"globals\/typography?id=primary","title_color":"globals\/colors?id=primary"},"jedv_conditions":[{"_id":"85ce629"}]},"elements":[],"isInner":false,"widgetType":"heading","elType":"widget"}],"isInner":true,"elType":"container"},{"id":"6d1effb1","settings":{"content_width":"full","width":{"unit":"%","size":50,"sizes":[]},"padding":{"unit":"em","top":"0","right":"0","bottom":"0","left":"1","isLinked":false},"padding_tablet":{"unit":"em","top":"","right":"","bottom":"","left":"","isLinked":true},"padding_mobile":{"unit":"em","top":"0","right":"0","bottom":"0","left":"0","isLinked":false},"jedv_conditions":[{"_id":"c2f3e5e"}]},"elements":[],"isInner":true,"elType":"container"}],"isInner":true,"elType":"container"},{"id":"38e8f69c","settings":{"lisitng_id":"993","not_found_message":"No data was found","posts_query":[],"terms_meta_query":[],"users_meta_query":[],"horizontal_gap":{"unit":"em","size":1.4,"sizes":[]},"horizontal_gap_tablet":{"unit":"em","size":"","sizes":[]},"horizontal_gap_mobile":{"unit":"em","size":"","sizes":[]},"vertical_gap":{"unit":"em","size":1.4,"sizes":[]},"vertical_gap_tablet":{"unit":"em","size":"","sizes":[]},"vertical_gap_mobile":{"unit":"em","size":"","sizes":[]},"_margin":{"unit":"em","top":"-0.7","right":"0","bottom":"-0.7","left":"0","isLinked":false},"_margin_tablet":{"unit":"em","top":"","right":"","bottom":"","left":"","isLinked":true},"_margin_mobile":{"unit":"em","top":"","right":"","bottom":"","left":"","isLinked":true},"columns_mobile":"1","jedv_conditions":[{"_id":"4dc8dd5"}],"equal_columns_height":"yes"},"elements":[],"isInner":false,"widgetType":"jet-listing-grid","elType":"widget"}],"isInner":false,"elType":"container"},{"id":"772c08c8","settings":{"flex_direction":"row","flex_gap":{"unit":"px","size":0,"column":"0","row":"0"},"padding":{"unit":"em","top":"3","right":"8","bottom":"3","left":"8","isLinked":false},"padding_tablet":{"unit":"em","top":"","right":"","bottom":"","left":"","isLinked":true},"padding_mobile":{"unit":"em","top":"3","right":"1","bottom":"48","left":"1","isLinked":false},"background_background":"classic","background_image":{"url":"https:\/\/southernelitemtg.com\/wp-content\/uploads\/2024\/07\/compressed_shutterstock_335985671.jpg","id":1183,"size":"","alt":"","source":"library"},"background_position":"center center","background_repeat":"no-repeat","background_size":"cover","background_overlay_background":"classic","background_overlay_opacity":{"unit":"px","size":0.9,"sizes":[]},"__globals__":{"background_overlay_color":"globals\/colors?id=text"},"flex_gap_mobile":{"column":"2","row":"2","isLinked":true,"unit":"em","size":2},"jedv_conditions":[{"_id":"e423959"}],"hide_desktop":"hidden-desktop","hide_tablet":"hidden-tablet","hide_mobile":"hidden-mobile"},"elements":[{"id":"20b26e10","settings":{"flex_direction":"column","content_width":"full","width":{"unit":"%","size":"50"},"flex_justify_content":"center","flex_gap":{"column":"1","row":"1","isLinked":true,"unit":"em","size":1},"flex_gap_tablet":{"column":"","row":"","isLinked":true,"unit":"em","size":null},"flex_gap_mobile":{"column":"","row":"","isLinked":true,"unit":"em","size":null},"padding":{"unit":"em","top":"2","right":"2","bottom":"0","left":"0","isLinked":false},"padding_tablet":{"unit":"em","top":"","right":"","bottom":"","left":"","isLinked":true},"padding_mobile":{"unit":"em","top":"0","right":"0","bottom":"0","left":"0","isLinked":false},"jedv_conditions":[{"_id":"fcdce34"}]},"elements":[{"id":"5fc851aa","settings":{"title":"Let's Talk with a Lending Specialist","__globals__":{"typography_typography":"globals\/typography?id=primary","title_color":"globals\/colors?id=1c15ecc"},"jedv_conditions":[{"_id":"b020d4b"}]},"elements":[],"isInner":false,"widgetType":"heading","elType":"widget"},{"id":"6601f879","settings":{"title":"Vulputate pretium malesuada posuere suscipit vehicula venenatis eget ex. Mattis sapien ridiculus est nibh lectus suspendisse.","__globals__":{"typography_typography":"globals\/typography?id=text","title_color":"globals\/colors?id=1c15ecc"},"header_size":"p","title_color":"#FFFFFF","jedv_conditions":[{"_id":"0af67a3"}]},"elements":[],"isInner":false,"widgetType":"heading","elType":"widget"},{"id":"589eedd0","settings":{"title":"Appointment","__globals__":{"typography_typography":"","title_color":""},"typography_typography":"custom","typography_font_family":"Raleway","typography_font_size":{"unit":"em","size":4.6,"sizes":[]},"typography_font_size_tablet":{"unit":"rem","size":"","sizes":[]},"typography_font_size_mobile":{"unit":"rem","size":"","sizes":[]},"typography_font_weight":"700","typography_line_height":{"unit":"em","size":1.2,"sizes":[]},"typography_letter_spacing":{"unit":"em","size":-0.02,"sizes":[]},"text_shadow_text_shadow":{"horizontal":29,"vertical":0,"blur":10,"color":"rgba(0,0,0,0.3)"},"_position":"absolute","_offset_x":{"unit":"em","size":-18,"sizes":[]},"_offset_x_tablet":{"unit":"em","size":"","sizes":[]},"_offset_x_mobile":{"unit":"em","size":"","sizes":[]},"_offset_y":{"unit":"em","size":13.7,"sizes":[]},"_offset_y_tablet":{"unit":"em","size":"","sizes":[]},"_offset_y_mobile":{"unit":"em","size":"","sizes":[]},"_transform_rotate_popover":"transform","_transform_rotateZ_effect":{"unit":"px","size":-90,"sizes":[]},"_transform_translateX_effect":{"unit":"em","size":0.1,"sizes":[]},"_transform_translateX_effect_tablet":{"unit":"em","size":"","sizes":[]},"_transform_translateX_effect_mobile":{"unit":"em","size":"","sizes":[]},"_transform_keep_proportions":"","_transform_scale_effect":{"unit":"px","size":2,"sizes":[]},"_transform_skewX_effect":{"unit":"px","size":193,"sizes":[]},"_transform_skewY_effect":{"unit":"px","size":13,"sizes":[]},"title_color":"#F0F8FB36","jedv_conditions":[{"_id":"d398dcd"}]},"elements":[],"isInner":false,"widgetType":"heading","elType":"widget"},{"id":"56a5a718","settings":{"content_width":"full","flex_gap":{"column":"0.3","row":"0.3","isLinked":true,"unit":"em","size":0},"flex_gap_tablet":{"column":"","row":"","isLinked":true,"unit":"em","size":null},"flex_gap_mobile":{"column":"","row":"","isLinked":true,"unit":"em","size":null},"jedv_conditions":[{"_id":"c4fa980"}]},"elements":[{"id":"39501815","settings":{"selected_icon":{"value":"fas fa-check","library":"fa-solid"},"title_text":"Every Step Of The Way","description_text":"","position":"left","content_vertical_alignment":"middle","icon_space":{"unit":"em","size":0.7,"sizes":[]},"title_bottom_space":{"unit":"em","size":0.2,"sizes":[]},"primary_color":"#ECBB59","icon_size":{"unit":"em","size":1,"sizes":[]},"title_color":"#385566","__globals__":{"primary_color":"globals\/colors?id=eb3d4e3","title_color":"globals\/colors?id=1c15ecc","title_typography_typography":"globals\/typography?id=secondary","_border_color":"globals\/colors?id=829f2c7"},"position_mobile":"","icon_space_tablet":{"unit":"em","size":"","sizes":[]},"icon_space_mobile":{"unit":"em","size":"","sizes":[]},"title_bottom_space_tablet":{"unit":"em","size":"","sizes":[]},"title_bottom_space_mobile":{"unit":"em","size":"","sizes":[]},"icon_size_tablet":{"unit":"em","size":"","sizes":[]},"icon_size_mobile":{"unit":"em","size":"","sizes":[]},"jedv_conditions":[{"_id":"a26fc4f"}]},"elements":[],"isInner":false,"widgetType":"icon-box","elType":"widget"},{"id":"597df435","settings":{"title":"Pharetra tellus aliquet lacus fusce fermentum malesuada sem. Purus suscipit ullamcorper elementum in rhoncus montes.","__globals__":{"typography_typography":"globals\/typography?id=text","title_color":"globals\/colors?id=1c15ecc"},"header_size":"p","title_color":"#FFFFFF","jedv_conditions":[{"_id":"60adc42"}]},"elements":[],"isInner":false,"widgetType":"heading","elType":"widget"}],"isInner":true,"elType":"container"},{"id":"2e3ca710","settings":{"content_width":"full","flex_gap":{"column":"0.3","row":"0.3","isLinked":true,"unit":"em","size":0},"flex_gap_tablet":{"column":"","row":"","isLinked":true,"unit":"em","size":null},"flex_gap_mobile":{"column":"","row":"","isLinked":true,"unit":"em","size":null},"jedv_conditions":[{"_id":"589549b"}]},"elements":[{"id":"7cbc7da3","settings":{"selected_icon":{"value":"fas fa-check","library":"fa-solid"},"title_text":"Dedicated Loan Concierge","description_text":"","position":"left","content_vertical_alignment":"middle","icon_space":{"unit":"em","size":0.7,"sizes":[]},"title_bottom_space":{"unit":"em","size":0.2,"sizes":[]},"primary_color":"#ECBB59","icon_size":{"unit":"em","size":1,"sizes":[]},"title_color":"#385566","__globals__":{"primary_color":"globals\/colors?id=eb3d4e3","title_color":"globals\/colors?id=1c15ecc","title_typography_typography":"globals\/typography?id=secondary","_border_color":"globals\/colors?id=829f2c7"},"position_mobile":"","icon_space_tablet":{"unit":"em","size":"","sizes":[]},"icon_space_mobile":{"unit":"em","size":"","sizes":[]},"title_bottom_space_tablet":{"unit":"em","size":"","sizes":[]},"title_bottom_space_mobile":{"unit":"em","size":"","sizes":[]},"icon_size_tablet":{"unit":"em","size":"","sizes":[]},"icon_size_mobile":{"unit":"em","size":"","sizes":[]},"jedv_conditions":[{"_id":"0b60cd5"}]},"elements":[],"isInner":false,"widgetType":"icon-box","elType":"widget"},{"id":"1da7c48b","settings":{"title":"Pharetra tellus aliquet lacus fusce fermentum malesuada sem. Purus suscipit ullamcorper elementum in rhoncus montes.","__globals__":{"typography_typography":"globals\/typography?id=text","title_color":"globals\/colors?id=1c15ecc"},"header_size":"p","title_color":"#FFFFFF","jedv_conditions":[{"_id":"8a95b68"}]},"elements":[],"isInner":false,"widgetType":"heading","elType":"widget"}],"isInner":true,"elType":"container"},{"id":"542ede3c","settings":{"content_width":"full","flex_gap":{"column":"0.3","row":"0.3","isLinked":true,"unit":"em","size":0},"flex_gap_tablet":{"column":"","row":"","isLinked":true,"unit":"em","size":null},"flex_gap_mobile":{"column":"","row":"","isLinked":true,"unit":"em","size":null},"jedv_conditions":[{"_id":"6ba27f0"}]},"elements":[{"id":"6807f98b","settings":{"selected_icon":{"value":"fas fa-check","library":"fa-solid"},"title_text":"Flexible Rates & Low Fees","description_text":"","position":"left","content_vertical_alignment":"middle","icon_space":{"unit":"em","size":0.7,"sizes":[]},"title_bottom_space":{"unit":"em","size":0.2,"sizes":[]},"primary_color":"#ECBB59","icon_size":{"unit":"em","size":1,"sizes":[]},"title_color":"#385566","__globals__":{"primary_color":"globals\/colors?id=eb3d4e3","title_color":"globals\/colors?id=1c15ecc","title_typography_typography":"globals\/typography?id=secondary","_border_color":"globals\/colors?id=829f2c7"},"position_mobile":"","icon_space_tablet":{"unit":"em","size":"","sizes":[]},"icon_space_mobile":{"unit":"em","size":"","sizes":[]},"title_bottom_space_tablet":{"unit":"em","size":"","sizes":[]},"title_bottom_space_mobile":{"unit":"em","size":"","sizes":[]},"icon_size_tablet":{"unit":"em","size":"","sizes":[]},"icon_size_mobile":{"unit":"em","size":"","sizes":[]},"jedv_conditions":[{"_id":"dce5021"}]},"elements":[],"isInner":false,"widgetType":"icon-box","elType":"widget"},{"id":"770f774a","settings":{"title":"Pharetra tellus aliquet lacus fusce fermentum malesuada sem. Purus suscipit ullamcorper elementum in rhoncus montes.","__globals__":{"typography_typography":"globals\/typography?id=text","title_color":"globals\/colors?id=1c15ecc"},"header_size":"p","title_color":"#FFFFFF","jedv_conditions":[{"_id":"3585276"}]},"elements":[],"isInner":false,"widgetType":"heading","elType":"widget"}],"isInner":true,"elType":"container"}],"isInner":true,"elType":"container"},{"id":"a8e91ba","settings":{"flex_direction":"column","content_width":"full","width":{"unit":"%","size":"50"},"padding":{"unit":"em","top":"","right":"","bottom":"","left":"","isLinked":true},"padding_tablet":{"unit":"em","top":"","right":"","bottom":"","left":"","isLinked":true},"padding_mobile":{"unit":"em","top":"","right":"","bottom":"","left":"","isLinked":true},"jedv_conditions":[{"_id":"79fa85e"}]},"elements":[{"id":"31fe886e","settings":{"content_width":"full","background_background":"classic","box_shadow_box_shadow_type":"yes","box_shadow_box_shadow":{"horizontal":0,"vertical":10,"blur":40,"spread":-5,"color":"rgba(0, 0, 0, 0.15)"},"margin":{"unit":"em","top":"0","right":"0","bottom":"0","left":"1","isLinked":false},"margin_tablet":{"unit":"em","top":"","right":"","bottom":"","left":"","isLinked":true},"margin_mobile":{"unit":"em","top":"0","right":"0","bottom":"0","left":"0","isLinked":false},"padding":{"unit":"em","top":"2","right":"2","bottom":"2","left":"2","isLinked":true},"padding_tablet":{"unit":"em","top":"","right":"","bottom":"","left":"","isLinked":true},"padding_mobile":{"unit":"em","top":"","right":"","bottom":"","left":"","isLinked":true},"position":"absolute","z_index":9,"__globals__":{"background_color":"globals\/colors?id=1c15ecc"},"jedv_conditions":[{"_id":"518a9a2"}]},"elements":[{"id":"e8a7401","settings":{"title":"Make an Appointment","__globals__":{"typography_typography":"globals\/typography?id=primary","title_color":"globals\/colors?id=primary"},"jedv_conditions":[{"_id":"30d0814"}]},"elements":[],"isInner":false,"widgetType":"heading","elType":"widget"},{"id":"43a1531d","settings":{"title":"Lorem ipsum dolor sit amet, consectetur adipiscing elit. Ut elit tellus, luctus nec ullamcorper mattis, pulvinar dapibus leo.","__globals__":{"typography_typography":"globals\/typography?id=text","title_color":"globals\/colors?id=text"},"jedv_conditions":[{"_id":"99df16a"}]},"elements":[],"isInner":false,"widgetType":"heading","elType":"widget"},{"id":"4ca46565","settings":{"form_id":"863","required_mark":"*","form_label_typography_typography":"custom","form_label_typography_font_family":"Inter","form_label_typography_font_size":{"unit":"rem","size":0.8,"sizes":[]},"form_label_typography_font_weight":"500","form_label_typography_line_height":{"unit":"em","size":1.4,"sizes":[]},"form_label_color":"#232323","fields_typography_typography":"custom","fields_typography_font_family":"Inter","fields_typography_font_size":{"unit":"rem","size":0.85,"sizes":[]},"fields_typography_font_weight":"400","fields_typography_line_height":{"unit":"em","size":1.4,"sizes":[]},"fields_color":"#385566","fields_placeholder_color":"#38556673","fields_border_border":"solid","fields_border_width":{"unit":"px","top":"0","right":"0","bottom":"1","left":"0","isLinked":false},"fields_border_color":"#D2DEE6","fields_textarea_height":{"unit":"em","size":7,"sizes":[]},"fields_textarea_height_tablet":{"unit":"em","size":"","sizes":[]},"fields_textarea_height_mobile":{"unit":"em","size":"","sizes":[]},"booking_form_submit_bg_color":"#19A2BF","booking_form_submit_color":"#FFFFFF","booking_form_submit_typography_typography":"custom","booking_form_submit_typography_font_family":"Inter","booking_form_submit_typography_font_size":{"unit":"rem","size":0.85,"sizes":[]},"booking_form_submit_typography_font_weight":"600","booking_form_submit_typography_line_height":{"unit":"em","size":1.4,"sizes":[]},"booking_form_submit_padding":{"unit":"em","top":"0.7","right":"1","bottom":"0.7","left":"1","isLinked":false},"booking_form_submit_padding_tablet":{"unit":"em","top":"","right":"","bottom":"","left":"","isLinked":true},"booking_form_submit_padding_mobile":{"unit":"em","top":"","right":"","bottom":"","left":"","isLinked":true},"booking_form_submit_border_border":"none","booking_form_submit_border_radius":{"unit":"px","top":"0","right":"0","bottom":"0","left":"0","isLinked":false},"booking_form_submit_alignment":"stretch","booking_form_submit_alignment_text":"center","form_success_margin":{"unit":"px","top":"0","right":"0","bottom":"0","left":"0","isLinked":false},"form_success_padding":{"unit":"px","top":"0","right":"0","bottom":"0","left":"0","isLinked":false},"form_success_border_border":"none","form_error_margin":{"unit":"px","top":"0","right":"0","bottom":"0","left":"0","isLinked":false},"form_error_padding":{"unit":"px","top":"0","right":"0","bottom":"0","left":"0","isLinked":false},"form_error_border_border":"none","__globals__":{"form_label_typography_typography":"","form_required_color":"globals\/colors?id=1c15ecc","form_label_color":"globals\/colors?id=primary","fields_typography_typography":"","fields_color":"globals\/colors?id=text","fields_border_color":"globals\/colors?id=829f2c7","fields_placeholder_color":"","booking_form_submit_bg_color":"globals\/colors?id=accent","booking_form_submit_color":"globals\/colors?id=1c15ecc","booking_form_submit_typography_typography":"","booking_form_submit_bg_color_hover":"globals\/colors?id=eb3d4e3","booking_form_submit_color_hover":"globals\/colors?id=1c15ecc","form_success_typography_typography":"","form_error_typography_typography":"globals\/typography?id=text"},"submit_type":"ajax","form_row_gap_before":{"unit":"px","size":0,"sizes":[]},"form_row_gap_after":{"unit":"px","size":0,"sizes":[]},"form_label_margin":{"unit":"em","top":"0","right":"0","bottom":"0.2","left":"0","isLinked":false},"form_label_margin_tablet":{"unit":"em","top":"","right":"","bottom":"","left":"","isLinked":true},"form_label_margin_mobile":{"unit":"em","top":"","right":"","bottom":"","left":"","isLinked":true},"form_label_typography_font_size_tablet":{"unit":"rem","size":"","sizes":[]},"form_label_typography_font_size_mobile":{"unit":"rem","size":"","sizes":[]},"fields_typography_font_size_tablet":{"unit":"rem","size":"","sizes":[]},"fields_typography_font_size_mobile":{"unit":"rem","size":"","sizes":[]},"booking_form_submit_bg_color_hover":"#ECBB59","booking_form_submit_color_hover":"#FFFFFF","booking_form_submit_typography_font_size_tablet":{"unit":"rem","size":"","sizes":[]},"booking_form_submit_typography_font_size_mobile":{"unit":"rem","size":"","sizes":[]},"form_success_typography_typography":"custom","form_success_typography_font_family":"Inter","form_success_typography_font_size":{"unit":"em","size":0.85,"sizes":[]},"form_success_typography_font_weight":"400","form_success_typography_line_height":{"unit":"em","size":1.4,"sizes":[]},"custom_css":"selector .wp-container-core-columns-is-layout-1,\n.wp-container-core-columns-is-layout-2, .wp-container-core-columns-is-layout-3 {\n  margin: 0;\n  gap: 1em;\n}\n\n@media screen and (max-width: 767px) {\n  selector .wp-container-core-columns-is-layout-1,\n  .wp-container-core-columns-is-layout-2, .wp-container-core-columns-is-layout-3 {\n    gap: 0;\n  }\n}\n\nselector .time-field {\n    min-height: 2.3rem;\n}","jedv_conditions":[{"_id":"deba74e"}]},"elements":[],"isInner":false,"widgetType":"jet-form-builder-form","elType":"widget"}],"isInner":true,"elType":"container"}],"isInner":true,"elType":"container"}],"isInner":false,"elType":"container"},{"id":"2d5ae41b","settings":{"flex_direction":"column","background_background":"classic","background_image":{"url":"","id":"","size":"","alt":"","source":"library"},"background_position":"center center","padding":{"unit":"em","top":"6","right":"6","bottom":"2","left":"6","isLinked":false},"padding_tablet":{"unit":"em","top":"","right":"","bottom":"","left":"","isLinked":true},"padding_mobile":{"unit":"em","top":"5","right":"1","bottom":"3","left":"1","isLinked":false},"__globals__":{"background_color":"globals\/colors?id=1c15ecc"},"jedv_conditions":[{"_id":"d91e10b"}],"hide_desktop":"hidden-desktop","hide_tablet":"hidden-tablet","hide_mobile":"hidden-mobile"},"elements":[{"id":"171d420e","settings":{"content_width":"full","flex_align_items":"center","background_background":"classic","background_image":{"url":"https:\/\/southernelitemtg.com\/wp-content\/uploads\/2024\/07\/Asset-2-a.png","id":810,"size":"","alt":"","source":"library"},"background_position":"center center","background_repeat":"no-repeat","background_size":"contain","background_overlay_background":"classic","background_overlay_color":"#FFFFFF","background_overlay_opacity":{"unit":"px","size":0.7,"sizes":[]},"padding":{"unit":"em","top":"3","right":"0","bottom":"3","left":"0","isLinked":false},"padding_tablet":{"unit":"em","top":"","right":"","bottom":"","left":"","isLinked":true},"padding_mobile":{"unit":"em","top":"","right":"","bottom":"","left":"","isLinked":true},"jedv_conditions":[{"_id":"9b621fb"}]},"elements":[{"id":"673fae57","settings":{"content_width":"full","width":{"unit":"em","size":40,"sizes":[]},"width_tablet":{"unit":"em","size":"","sizes":[]},"width_mobile":{"unit":"em","size":"","sizes":[]},"flex_align_items":"center","flex_gap":{"column":"","row":"","isLinked":true,"unit":"em","size":null},"flex_gap_tablet":{"column":"","row":"","isLinked":true,"unit":"em","size":null},"flex_gap_mobile":{"column":"","row":"","isLinked":true,"unit":"em","size":null},"jedv_conditions":[{"_id":"5b0507c"}]},"elements":[{"id":"a119f15","settings":{"title":"Testimonials","__globals__":{"typography_typography":"globals\/typography?id=a30e13a","title_color":"globals\/colors?id=secondary"},"align":"center","header_size":"p","title_color":"#FFFFFF","jedv_conditions":[{"_id":"e843f6e"}]},"elements":[],"isInner":false,"widgetType":"heading","elType":"widget"},{"id":"27321c6","settings":{"title":"What our clients say about us","__globals__":{"typography_typography":"globals\/typography?id=primary","title_color":"globals\/colors?id=primary"},"align":"center","jedv_conditions":[{"_id":"f295b3f"}]},"elements":[],"isInner":false,"widgetType":"heading","elType":"widget"},{"id":"a1ec2b7","settings":{"title":"Lorem ipsum dolor sit amet, consectetur adipiscing elit. Ut elit tellus, luctus nec ullamcorper mattis, pulvinar dapibus leo.","__globals__":{"typography_typography":"globals\/typography?id=text","title_color":"globals\/colors?id=text"},"align":"center","header_size":"p","title_color":"#FFFFFF","jedv_conditions":[{"_id":"49ac10a"}]},"elements":[],"isInner":false,"widgetType":"heading","elType":"widget"}],"isInner":true,"elType":"container"},{"id":"32812675","settings":{"lisitng_id":"832","not_found_message":"No data was found","posts_query":[],"terms_meta_query":[],"users_meta_query":[],"columns_mobile":"1","equal_columns_height":"yes","jedv_conditions":[{"_id":"1d81d61"}]},"elements":[],"isInner":false,"widgetType":"jet-listing-grid","elType":"widget"}],"isInner":true,"elType":"container"}],"isInner":false,"elType":"container"},{"id":"476a3013","settings":{"flex_direction":"row","flex_gap":{"unit":"px","size":0,"column":"0","row":"0"},"padding":{"unit":"em","top":"3","right":"8","bottom":"4","left":"8","isLinked":false},"padding_tablet":{"unit":"em","top":"","right":"","bottom":"","left":"","isLinked":true},"padding_mobile":{"unit":"em","top":"3","right":"1","bottom":"45","left":"1","isLinked":false},"background_background":"classic","background_image":{"url":"","id":"","size":"","alt":"","source":"library"},"background_position":"center center","background_repeat":"no-repeat","background_size":"cover","background_overlay_background":"classic","background_overlay_opacity":{"unit":"px","size":0.9,"sizes":[]},"__globals__":{"background_overlay_color":"globals\/colors?id=text"},"flex_gap_mobile":{"column":"2","row":"2","isLinked":true,"unit":"em","size":2},"jedv_conditions":[{"_id":"8bb035a"}]},"elements":[{"id":"4822807f","settings":{"flex_direction":"column","content_width":"full","width":{"unit":"%","size":"50"},"flex_justify_content":"center","flex_gap":{"column":"1","row":"1","isLinked":true,"unit":"em","size":1},"flex_gap_tablet":{"column":"","row":"","isLinked":true,"unit":"em","size":null},"flex_gap_mobile":{"column":"","row":"","isLinked":true,"unit":"em","size":null},"padding":{"unit":"em","top":"2","right":"2","bottom":"1","left":"0","isLinked":false},"padding_tablet":{"unit":"em","top":"","right":"","bottom":"","left":"","isLinked":true},"padding_mobile":{"unit":"em","top":"0","right":"0","bottom":"0","left":"0","isLinked":false},"jedv_conditions":[{"_id":"48e55b0"}]},"elements":[{"id":"47696740","settings":{"content_width":"full","space":{"unit":"em","size":1.8,"sizes":[]},"space_tablet":{"unit":"em","size":"","sizes":[]},"space_mobile":{"unit":"em","size":0,"sizes":[]},"_title":"Remove When Needed","jedv_conditions":[{"_id":"0530000"}]},"elements":[],"isInner":false,"widgetType":"spacer","elType":"widget"},{"id":"af1ca51","settings":{"title":"Let\u2019s get started today!","__globals__":{"typography_typography":"globals\/typography?id=primary","title_color":"globals\/colors?id=1c15ecc"},"jedv_conditions":[{"_id":"ae64429"}]},"elements":[],"isInner":false,"widgetType":"heading","elType":"widget"},{"id":"6be76023","settings":{"title":"Our experienced mortgage advisors are here to answer your questions, explore your options, and provide personalized guidance tailored to your unique financial situation.","__globals__":{"typography_typography":"globals\/typography?id=text","title_color":"globals\/colors?id=1c15ecc"},"header_size":"p","title_color":"#FFFFFF","jedv_conditions":[{"_id":"e024e69"}]},"elements":[],"isInner":false,"widgetType":"heading","elType":"widget"},{"id":"3e44b0d7","settings":{"title":"Appointment","__globals__":{"typography_typography":"","title_color":""},"typography_typography":"custom","typography_font_family":"Raleway","typography_font_size":{"unit":"em","size":4,"sizes":[]},"typography_font_size_tablet":{"unit":"rem","size":"","sizes":[]},"typography_font_size_mobile":{"unit":"rem","size":"","sizes":[]},"typography_font_weight":"700","typography_line_height":{"unit":"em","size":1.2,"sizes":[]},"typography_letter_spacing":{"unit":"em","size":-0.02,"sizes":[]},"text_shadow_text_shadow":{"horizontal":29,"vertical":0,"blur":10,"color":"rgba(0,0,0,0.3)"},"_position":"absolute","_offset_x":{"unit":"em","size":-16,"sizes":[]},"_offset_x_tablet":{"unit":"em","size":"","sizes":[]},"_offset_x_mobile":{"unit":"em","size":"","sizes":[]},"_offset_y":{"unit":"em","size":11.7,"sizes":[]},"_offset_y_tablet":{"unit":"em","size":"","sizes":[]},"_offset_y_mobile":{"unit":"em","size":"","sizes":[]},"_transform_rotate_popover":"transform","_transform_rotateZ_effect":{"unit":"px","size":-90,"sizes":[]},"_transform_translateX_effect":{"unit":"em","size":0.1,"sizes":[]},"_transform_translateX_effect_tablet":{"unit":"em","size":"","sizes":[]},"_transform_translateX_effect_mobile":{"unit":"em","size":"","sizes":[]},"_transform_keep_proportions":"","_transform_scale_effect":{"unit":"px","size":2,"sizes":[]},"_transform_skewX_effect":{"unit":"px","size":193,"sizes":[]},"_transform_skewY_effect":{"unit":"px","size":13,"sizes":[]},"title_color":"#F0F8FB36","jedv_conditions":[{"_id":"b099c07"}],"hide_desktop":"hidden-desktop","hide_tablet":"hidden-tablet","hide_mobile":"hidden-mobile"},"elements":[],"isInner":false,"widgetType":"heading","elType":"widget"},{"id":"7a7b48d6","settings":{"content_width":"full","flex_gap":{"column":"0.3","row":"0.3","isLinked":true,"unit":"em","size":0},"flex_gap_tablet":{"column":"","row":"","isLinked":true,"unit":"em","size":null},"flex_gap_mobile":{"column":"","row":"","isLinked":true,"unit":"em","size":null},"jedv_conditions":[{"_id":"ccfbabe"}]},"elements":[{"id":"7bc60874","settings":{"selected_icon":{"value":"fas fa-check","library":"fa-solid"},"title_text":"Dedicated team of experts","description_text":"","position":"left","content_vertical_alignment":"middle","icon_space":{"unit":"em","size":0.7,"sizes":[]},"title_bottom_space":{"unit":"em","size":0.2,"sizes":[]},"primary_color":"#ECBB59","icon_size":{"unit":"em","size":1,"sizes":[]},"title_color":"#385566","__globals__":{"primary_color":"globals\/colors?id=eb3d4e3","title_color":"globals\/colors?id=1c15ecc","title_typography_typography":"globals\/typography?id=secondary","_border_color":"globals\/colors?id=829f2c7"},"position_mobile":"","icon_space_tablet":{"unit":"em","size":"","sizes":[]},"icon_space_mobile":{"unit":"em","size":"","sizes":[]},"title_bottom_space_tablet":{"unit":"em","size":"","sizes":[]},"title_bottom_space_mobile":{"unit":"em","size":"","sizes":[]},"icon_size_tablet":{"unit":"em","size":"","sizes":[]},"icon_size_mobile":{"unit":"em","size":"","sizes":[]},"jedv_conditions":[{"_id":"0ac8df8"}]},"elements":[],"isInner":false,"widgetType":"icon-box","elType":"widget"},{"id":"4dc181b1","settings":{"title":"Pharetra tellus aliquet lacus fusce fermentum malesuada sem. Purus suscipit ullamcorper elementum in rhoncus montes.","__globals__":{"typography_typography":"globals\/typography?id=text","title_color":"globals\/colors?id=1c15ecc"},"header_size":"p","title_color":"#FFFFFF","hide_desktop":"hidden-desktop","hide_tablet":"hidden-tablet","hide_mobile":"hidden-mobile","jedv_conditions":[{"_id":"37c5fb1"}]},"elements":[],"isInner":false,"widgetType":"heading","elType":"widget"}],"isInner":true,"elType":"container"},{"id":"1fff3759","settings":{"content_width":"full","flex_gap":{"column":"0.3","row":"0.3","isLinked":true,"unit":"em","size":0},"flex_gap_tablet":{"column":"","row":"","isLinked":true,"unit":"em","size":null},"flex_gap_mobile":{"column":"","row":"","isLinked":true,"unit":"em","size":null},"jedv_conditions":[{"_id":"bfe762f"}]},"elements":[{"id":"48ce991","settings":{"selected_icon":{"value":"fas fa-check","library":"fa-solid"},"title_text":"Innovative technology","description_text":"","position":"left","content_vertical_alignment":"middle","icon_space":{"unit":"em","size":0.7,"sizes":[]},"title_bottom_space":{"unit":"em","size":0.2,"sizes":[]},"primary_color":"#ECBB59","icon_size":{"unit":"em","size":1,"sizes":[]},"title_color":"#385566","__globals__":{"primary_color":"globals\/colors?id=eb3d4e3","title_color":"globals\/colors?id=1c15ecc","title_typography_typography":"globals\/typography?id=secondary","_border_color":"globals\/colors?id=829f2c7"},"position_mobile":"","icon_space_tablet":{"unit":"em","size":"","sizes":[]},"icon_space_mobile":{"unit":"em","size":"","sizes":[]},"title_bottom_space_tablet":{"unit":"em","size":"","sizes":[]},"title_bottom_space_mobile":{"unit":"em","size":"","sizes":[]},"icon_size_tablet":{"unit":"em","size":"","sizes":[]},"icon_size_mobile":{"unit":"em","size":"","sizes":[]},"jedv_conditions":[{"_id":"6918e52"}]},"elements":[],"isInner":false,"widgetType":"icon-box","elType":"widget"},{"id":"601882df","settings":{"title":"Pharetra tellus aliquet lacus fusce fermentum malesuada sem. Purus suscipit ullamcorper elementum in rhoncus montes.","__globals__":{"typography_typography":"globals\/typography?id=text","title_color":"globals\/colors?id=1c15ecc"},"header_size":"p","title_color":"#FFFFFF","hide_desktop":"hidden-desktop","hide_tablet":"hidden-tablet","hide_mobile":"hidden-mobile","jedv_conditions":[{"_id":"abf9521"}]},"elements":[],"isInner":false,"widgetType":"heading","elType":"widget"}],"isInner":true,"elType":"container"},{"id":"6548710c","settings":{"content_width":"full","flex_gap":{"column":"0.3","row":"0.3","isLinked":true,"unit":"em","size":0},"flex_gap_tablet":{"column":"","row":"","isLinked":true,"unit":"em","size":null},"flex_gap_mobile":{"column":"","row":"","isLinked":true,"unit":"em","size":null},"jedv_conditions":[{"_id":"4c54406"}]},"elements":[{"id":"7506959d","settings":{"selected_icon":{"value":"fas fa-check","library":"fa-solid"},"title_text":"Low Rates, Great Programs & low fees","description_text":"","position":"left","content_vertical_alignment":"middle","icon_space":{"unit":"em","size":0.7,"sizes":[]},"title_bottom_space":{"unit":"em","size":0.2,"sizes":[]},"primary_color":"#ECBB59","icon_size":{"unit":"em","size":1,"sizes":[]},"title_color":"#385566","__globals__":{"primary_color":"globals\/colors?id=eb3d4e3","title_color":"globals\/colors?id=1c15ecc","title_typography_typography":"globals\/typography?id=secondary","_border_color":"globals\/colors?id=829f2c7"},"position_mobile":"","icon_space_tablet":{"unit":"em","size":"","sizes":[]},"icon_space_mobile":{"unit":"em","size":"","sizes":[]},"title_bottom_space_tablet":{"unit":"em","size":"","sizes":[]},"title_bottom_space_mobile":{"unit":"em","size":"","sizes":[]},"icon_size_tablet":{"unit":"em","size":"","sizes":[]},"icon_size_mobile":{"unit":"em","size":"","sizes":[]},"jedv_conditions":[{"_id":"d7671d8"}]},"elements":[],"isInner":false,"widgetType":"icon-box","elType":"widget"},{"id":"56626a13","settings":{"title":"Pharetra tellus aliquet lacus fusce fermentum malesuada sem. Purus suscipit ullamcorper elementum in rhoncus montes.","__globals__":{"typography_typography":"globals\/typography?id=text","title_color":"globals\/colors?id=1c15ecc"},"header_size":"p","title_color":"#FFFFFF","hide_desktop":"hidden-desktop","hide_tablet":"hidden-tablet","hide_mobile":"hidden-mobile","jedv_conditions":[{"_id":"f825792"}]},"elements":[],"isInner":false,"widgetType":"heading","elType":"widget"},{"id":"3decea36","settings":{"content_width":"full","space":{"unit":"em","size":1.8,"sizes":[]},"space_tablet":{"unit":"em","size":"","sizes":[]},"space_mobile":{"unit":"em","size":0,"sizes":[]},"_title":"Remove When Needed","jedv_conditions":[{"_id":"843c875"}]},"elements":[],"isInner":false,"widgetType":"spacer","elType":"widget"}],"isInner":true,"elType":"container"}],"isInner":true,"elType":"container"},{"id":"25ad261f","settings":{"flex_direction":"column","content_width":"full","width":{"unit":"%","size":"50"},"padding":{"unit":"em","top":"0","right":"0","bottom":"0","left":"0","isLinked":false},"padding_tablet":{"unit":"em","top":"","right":"","bottom":"","left":"","isLinked":true},"padding_mobile":{"unit":"em","top":"","right":"","bottom":"","left":"","isLinked":true},"jedv_conditions":[{"_id":"066aa5f"}]},"elements":[{"id":"c69da77","settings":{"content_width":"full","background_background":"classic","box_shadow_box_shadow_type":"yes","box_shadow_box_shadow":{"horizontal":0,"vertical":10,"blur":40,"spread":-5,"color":"rgba(0, 0, 0, 0.15)"},"margin":{"unit":"em","top":"0","right":"0","bottom":"0","left":"1","isLinked":false},"margin_tablet":{"unit":"em","top":"","right":"","bottom":"","left":"","isLinked":true},"margin_mobile":{"unit":"em","top":"0","right":"0","bottom":"0","left":"0","isLinked":false},"padding":{"unit":"em","top":"2","right":"2","bottom":"2","left":"2","isLinked":true},"padding_tablet":{"unit":"em","top":"","right":"","bottom":"","left":"","isLinked":true},"padding_mobile":{"unit":"em","top":"","right":"","bottom":"","left":"","isLinked":true},"position":"absolute","z_index":9,"__globals__":{"background_color":"globals\/colors?id=1c15ecc"},"jedv_conditions":[{"_id":"584ed43"}]},"elements":[{"id":"4f9bd6c4","settings":{"title":"Schedule a time to chat","__globals__":{"typography_typography":"globals\/typography?id=primary","title_color":"globals\/colors?id=primary"},"jedv_conditions":[{"_id":"52e140a"}]},"elements":[],"isInner":false,"widgetType":"heading","elType":"widget"},{"id":"46061d6","settings":{"title":"Let\u2019s get started today.","__globals__":{"typography_typography":"globals\/typography?id=text","title_color":"globals\/colors?id=text"},"jedv_conditions":[{"_id":"e795f1f"}]},"elements":[],"isInner":false,"widgetType":"heading","elType":"widget"},{"id":"5dee51f2","settings":{"form_id":"434","required_mark":"*","form_label_typography_typography":"custom","form_label_typography_font_family":"Inter","form_label_typography_font_size":{"unit":"rem","size":0.8,"sizes":[]},"form_label_typography_font_weight":"500","form_label_typography_line_height":{"unit":"em","size":1.4,"sizes":[]},"form_label_color":"#232323","fields_typography_typography":"custom","fields_typography_font_family":"Inter","fields_typography_font_size":{"unit":"rem","size":0.85,"sizes":[]},"fields_typography_font_weight":"400","fields_typography_line_height":{"unit":"em","size":1.4,"sizes":[]},"fields_color":"#385566","fields_placeholder_color":"#38556673","fields_border_border":"solid","fields_border_width":{"unit":"px","top":"0","right":"0","bottom":"1","left":"0","isLinked":false},"fields_border_color":"#D2DEE6","fields_textarea_height":{"unit":"em","size":7,"sizes":[]},"fields_textarea_height_tablet":{"unit":"em","size":"","sizes":[]},"fields_textarea_height_mobile":{"unit":"em","size":"","sizes":[]},"booking_form_submit_bg_color":"#19A2BF","booking_form_submit_color":"#FFFFFF","booking_form_submit_typography_typography":"custom","booking_form_submit_typography_font_family":"Inter","booking_form_submit_typography_font_size":{"unit":"rem","size":0.85,"sizes":[]},"booking_form_submit_typography_font_weight":"600","booking_form_submit_typography_line_height":{"unit":"em","size":1.4,"sizes":[]},"booking_form_submit_padding":{"unit":"em","top":"0.7","right":"1","bottom":"0.7","left":"1","isLinked":false},"booking_form_submit_padding_tablet":{"unit":"em","top":"","right":"","bottom":"","left":"","isLinked":true},"booking_form_submit_padding_mobile":{"unit":"em","top":"","right":"","bottom":"","left":"","isLinked":true},"booking_form_submit_border_border":"none","booking_form_submit_border_radius":{"unit":"px","top":"0","right":"0","bottom":"0","left":"0","isLinked":false},"booking_form_submit_alignment":"stretch","booking_form_submit_alignment_text":"center","form_success_margin":{"unit":"px","top":"0","right":"0","bottom":"0","left":"0","isLinked":false},"form_success_padding":{"unit":"px","top":"0","right":"0","bottom":"0","left":"0","isLinked":false},"form_success_border_border":"none","form_error_margin":{"unit":"px","top":"0","right":"0","bottom":"0","left":"0","isLinked":false},"form_error_padding":{"unit":"px","top":"0","right":"0","bottom":"0","left":"0","isLinked":false},"form_error_border_border":"none","__globals__":{"form_label_typography_typography":"","form_required_color":"globals\/colors?id=1c15ecc","form_label_color":"globals\/colors?id=primary","fields_typography_typography":"","fields_color":"globals\/colors?id=text","fields_border_color":"globals\/colors?id=829f2c7","fields_placeholder_color":"","booking_form_submit_bg_color":"globals\/colors?id=accent","booking_form_submit_color":"globals\/colors?id=1c15ecc","booking_form_submit_typography_typography":"","booking_form_submit_bg_color_hover":"globals\/colors?id=eb3d4e3","booking_form_submit_color_hover":"globals\/colors?id=1c15ecc","form_success_typography_typography":"","form_error_typography_typography":"globals\/typography?id=text"},"submit_type":"ajax","form_row_gap_before":{"unit":"px","size":0,"sizes":[]},"form_row_gap_after":{"unit":"px","size":0,"sizes":[]},"form_label_margin":{"unit":"em","top":"0","right":"0","bottom":"0.2","left":"0","isLinked":false},"form_label_margin_tablet":{"unit":"em","top":"","right":"","bottom":"","left":"","isLinked":true},"form_label_margin_mobile":{"unit":"em","top":"","right":"","bottom":"","left":"","isLinked":true},"form_label_typography_font_size_tablet":{"unit":"rem","size":"","sizes":[]},"form_label_typography_font_size_mobile":{"unit":"rem","size":"","sizes":[]},"fields_typography_font_size_tablet":{"unit":"rem","size":"","sizes":[]},"fields_typography_font_size_mobile":{"unit":"rem","size":"","sizes":[]},"booking_form_submit_bg_color_hover":"#ECBB59","booking_form_submit_color_hover":"#FFFFFF","booking_form_submit_typography_font_size_tablet":{"unit":"rem","size":"","sizes":[]},"booking_form_submit_typography_font_size_mobile":{"unit":"rem","size":"","sizes":[]},"form_success_typography_typography":"custom","form_success_typography_font_family":"Inter","form_success_typography_font_size":{"unit":"em","size":0.85,"sizes":[]},"form_success_typography_font_weight":"400","form_success_typography_line_height":{"unit":"em","size":1.4,"sizes":[]},"custom_css":"selector .wp-container-core-columns-is-layout-1,\n.wp-container-core-columns-is-layout-2, .wp-container-core-columns-is-layout-3 {\n  margin: 0;\n  gap: 1em;\n}\n\n@media screen and (max-width: 767px) {\n  selector .wp-container-core-columns-is-layout-1,\n  .wp-container-core-columns-is-layout-2, .wp-container-core-columns-is-layout-3 {\n    gap: 0;\n  }\n}\n\nselector .time-field {\n    min-height: 2.3rem;\n}","_background_color_stop_tablet":{"unit":"%"},"_background_color_stop_mobile":{"unit":"%"},"_background_color_b_stop_tablet":{"unit":"%"},"_background_color_b_stop_mobile":{"unit":"%"},"_background_gradient_angle_tablet":{"unit":"deg"},"_background_gradient_angle_mobile":{"unit":"deg"},"_background_hover_color_stop_tablet":{"unit":"%"},"_background_hover_color_stop_mobile":{"unit":"%"},"_background_hover_color_b_stop_tablet":{"unit":"%"},"_background_hover_color_b_stop_mobile":{"unit":"%"},"_background_hover_gradient_angle_tablet":{"unit":"deg"},"_background_hover_gradient_angle_mobile":{"unit":"deg"},"jedv_conditions":[{"_id":"a16d5e2"}]},"elements":[],"isInner":false,"widgetType":"jet-form-builder-form","elType":"widget"}],"isInner":true,"elType":"container"}],"isInner":true,"elType":"container"}],"isInner":false,"elType":"container"},{"id":"60baeb11","settings":{"flex_direction":"column","background_background":"classic","background_image":{"url":"","id":"","size":"","alt":"","source":"library"},"background_position":"center center","padding":{"unit":"em","top":"6","right":"6","bottom":"2","left":"6","isLinked":false},"padding_tablet":{"unit":"em","top":"","right":"","bottom":"","left":"","isLinked":true},"padding_mobile":{"unit":"em","top":"10","right":"1","bottom":"3","left":"1","isLinked":false},"__globals__":{"background_color":"globals\/colors?id=1c15ecc"},"jedv_conditions":[{"_id":"9bf86da"}]},"elements":[{"id":"156033ab","settings":{"content_width":"full","flex_align_items":"center","background_image":{"url":"https:\/\/southernelitemtg.com\/wp-content\/uploads\/2024\/07\/Asset-2-a.png","id":810,"size":"","alt":"","source":"library"},"background_position":"center center","background_repeat":"no-repeat","background_size":"contain","background_overlay_background":"classic","background_overlay_color":"#FFFFFF","background_overlay_opacity":{"unit":"px","size":0.7,"sizes":[]},"padding":{"unit":"em","top":"3","right":"0","bottom":"3","left":"0","isLinked":false},"padding_tablet":{"unit":"em","top":"","right":"","bottom":"","left":"","isLinked":true},"padding_mobile":{"unit":"em","top":"0","right":"0","bottom":"0","left":"0","isLinked":false},"jedv_conditions":[{"_id":"5f12a2c"}]},"elements":[{"id":"4e12c8c4","settings":{"content_width":"full","width":{"unit":"em","size":40,"sizes":[]},"width_tablet":{"unit":"em","size":"","sizes":[]},"width_mobile":{"unit":"em","size":"","sizes":[]},"flex_align_items":"center","flex_gap":{"column":"","row":"","isLinked":true,"unit":"em","size":null},"flex_gap_tablet":{"column":"","row":"","isLinked":true,"unit":"em","size":null},"flex_gap_mobile":{"column":"","row":"","isLinked":true,"unit":"em","size":null},"jedv_conditions":[{"_id":"2b3470d"}]},"elements":[{"id":"1847d119","settings":{"title":"Testimonials","__globals__":{"typography_typography":"globals\/typography?id=a30e13a","title_color":"globals\/colors?id=secondary"},"align":"center","header_size":"p","title_color":"#FFFFFF","jedv_conditions":[{"_id":"d6738eb"}]},"elements":[],"isInner":false,"widgetType":"heading","elType":"widget"},{"id":"976af0a","settings":{"title":"We love our Clients","__globals__":{"typography_typography":"globals\/typography?id=primary","title_color":"globals\/colors?id=primary"},"align":"center","jedv_conditions":[{"_id":"fc2ae54"}]},"elements":[],"isInner":false,"widgetType":"heading","elType":"widget"},{"id":"1932298d","settings":{"title":"Real reviews from some of our customers","__globals__":{"typography_typography":"globals\/typography?id=text","title_color":"globals\/colors?id=text"},"align":"center","header_size":"p","title_color":"#FFFFFF","jedv_conditions":[{"_id":"b805732"}]},"elements":[],"isInner":false,"widgetType":"heading","elType":"widget"}],"isInner":true,"elType":"container"},{"id":"8d77543","settings":{"lisitng_id":"832","not_found_message":"No data was found","posts_query":[],"terms_meta_query":[],"users_meta_query":[],"columns_mobile":"1","jedv_conditions":[{"_id":"17d3570"}],"equal_columns_height":"yes","carousel_enabled":"yes","arrows":"","dots":"true","autoplay_speed":4500,"speed":600,"dots_size":{"unit":"px","size":6,"sizes":[]},"__globals__":{"dots_bg_color":"globals\/colors?id=829f2c7","dots_bg_color_hover":"globals\/colors?id=primary","dots_bg_color_active":"globals\/colors?id=primary"},"loader_text_typography_line_height":{"unit":"em","size":"","sizes":[]},"loader_text_typography_word_spacing":{"unit":"em","size":"","sizes":[]},"not_found_typography_line_height":{"unit":"em","size":"","sizes":[]},"not_found_typography_word_spacing":{"unit":"em","size":"","sizes":[]}},"elements":[],"isInner":false,"widgetType":"jet-listing-grid","elType":"widget"}],"isInner":true,"elType":"container"}],"isInner":false,"elType":"container"}],"settings":[],"metadata":[]}