{"content":[{"id":"3b61c6bf","settings":{"flex_direction":"column","content_width":"full","background_background":"classic","padding":{"unit":"em","top":"1","right":"10","bottom":"1","left":"10","isLinked":false},"padding_tablet":{"unit":"em","top":"","right":"","bottom":"","left":"","isLinked":true},"padding_mobile":{"unit":"em","top":"","right":"","bottom":"","left":"","isLinked":true},"jet_parallax_layout_list":[],"__globals__":{"background_color":"globals\/colors?id=d8af324"}},"elements":[{"id":"64c380c9","settings":{"title":"Add Your Heading Text Here","header_size":"span","title_color":"#FFFFFF","__globals__":{"title_color":"","typography_typography":"globals\/typography?id=text"},"__dynamic__":{"title":"[elementor-tag id=\"903ac97\" name=\"current-date-time\" settings=\"%7B%22date_format%22%3A%22custom%22%2C%22custom_format%22%3A%22Y%22%2C%22before%22%3A%22%C2%A9%20%22%2C%22after%22%3A%22%20Salame%20Muzenza.%20Design%20by%20%3Ca%20%20%20href%3D%5C%22https%3A%2F%2Fmediapantheon.com%2F%5C%22%20%20%20rel%3D%5C%22nofollow%5C%22%20%20%20target%3D%5C%22_blank%5C%22%20%20%20style%3D%5C%22text-decoration%3A%20none%3B%20color%3A%20%23fff%5C%22%20%20%20%3EMedia%20Pantheon%2C%20Inc.%3C%2Fa%20%3E%22%7D\"]"}},"elements":[],"isInner":false,"widgetType":"heading","elType":"widget"},{"id":"64cd36a4","settings":{"flex_direction":"column","jet_parallax_layout_list":[],"jedv_conditions":[{"_id":"2459ad7"}],"_title":"Scroll To Top","position":"absolute"},"elements":[{"id":"3af4d3c9","settings":{"content_width":"full","html":"<style>\n.progress-circle-container {\n  position: fixed;\n  bottom: .5rem;\n  right: 1rem;\n  z-index: 9999;\n  display: flex;\n  align-items: center;\n  justify-content: center;\n}\n\n.progress-circle {\n  width: 42px;\n  height: 42px;\n}\n\n.progress-circle-bar {\n  fill: none;\n  stroke: #AB003D;\n  stroke-width: 5;\n  stroke-dasharray: 283;\n  stroke-dashoffset: 0;\n  transform-origin: center;\n  transition: stroke-dashoffset 0.3s ease;\n}\n\n.progress-background {\n  fill: transparent;\n  stroke: #ededed;\n  stroke-width: 5;\n  stroke-dasharray: none;\n}\n\n\n.scroll-to-top {\n  position: absolute;\n  height: 100%;\n  width: 100%;\n  padding: 3px;\n  \n  cursor: pointer;\n  \n  z-index: 9998;\n  display: flex;\n  align-items: center;\n  justify-content: center;\n}\n.scroll-to-top .circle-bg {\n    height: 100%;\n  width: 100%;\n    background-color: black;\n  border-radius: 50%;\n  display: flex;\n  align-items: center;\n  justify-content: center;\n}\n.scroll-to-top svg {\n  display: block;\n  width: 14px;\n  height: 14px;\n  stroke: white;\n  transition: all 0.1s ease;\n}\n<\/style>","jedv_conditions":[{"_id":"5bf0d15"}],"_title":"CSS"},"elements":[],"isInner":false,"widgetType":"html","elType":"widget"},{"id":"644f4f0c","settings":{"content_width":"full","html":"<div class=\"progress-circle-container\">\n  <svg class=\"progress-circle\" viewBox=\"0 0 100 100\">\n    <circle class=\"progress-background\" cx=\"50\" cy=\"50\" r=\"45\"><\/circle>\n    <circle class=\"progress-circle-bar\" cx=\"50\" cy=\"50\" r=\"45\"><\/circle>\n  <\/svg>\n  <div class=\"scroll-to-top\">\n    <div class=\"circle-bg\">\n        <svg xmlns=\"http:\/\/www.w3.org\/2000\/svg\" viewBox=\"0 0 24 24\" fill=\"none\" stroke=\"currentColor\" stroke-width=\"2\" stroke-linecap=\"round\" stroke-linejoin=\"round\">\n      <path d=\"M12 19V5M5 12l7-7 7 7\" \/>\n    <\/svg>\n    <\/div>\n  <\/div>\n<\/div>","_css_classes":"scroll-to-top-button","jedv_conditions":[{"_id":"5bf0d15"}],"_title":"HTML"},"elements":[],"isInner":false,"widgetType":"html","elType":"widget"},{"id":"664c2e97","settings":{"content_width":"full","html":"<script>\nfunction updateProgressCircle() {\n  const progressElement = document.querySelector('.progress-circle-bar');\n  const scrollToTopElement = document.querySelector('.scroll-to-top');\n  const totalHeight = document.body.scrollHeight - window.innerHeight;\n  let progress = (window.pageYOffset \/ totalHeight) * 283;\n  progress = Math.min(progress, 283);\n  progressElement.style.strokeDashoffset = 283 - progress;\n}\n\nfunction scrollToTop() {\n  window.scrollTo({ top: 0, behavior: 'smooth' });\n}\n\n\nconst scrollToTopElement = document.querySelector('.scroll-to-top');\nscrollToTopElement.addEventListener('click', scrollToTop);\n\n\nupdateProgressCircle();\nwindow.addEventListener('scroll', updateProgressCircle);\nwindow.addEventListener('resize', updateProgressCircle);\n<\/script>","jedv_conditions":[{"_id":"5bf0d15"}],"_title":"JS"},"elements":[],"isInner":false,"widgetType":"html","elType":"widget"},{"id":"1343fea3","settings":{"html":"<script>\n    document.addEventListener(\"DOMContentLoaded\", function() {\n    var iconWidget = document.querySelector('.scroll-to-top-button');\n\n    window.addEventListener(\"scroll\", function() {\n        if (window.scrollY > 500) {\n            iconWidget.style.opacity = 1;\n        } else {\n            iconWidget.style.opacity = 0;\n        }\n    });\n});\n<\/script>","jedv_conditions":[{"_id":"ca2eec5"}],"content_width":"full"},"elements":[],"isInner":false,"widgetType":"html","elType":"widget"}],"isInner":true,"elType":"container"}],"isInner":false,"elType":"container"}],"page_settings":[],"version":"0.4","title":"footer-copyrights-with-scroll-to-top","type":"container"}